timestamp,price
1724356800,2625.57
1724360400,2624.18
1724364000,2624.61
1724367600,2623.78
1724371200,2639.09
1724374800,2639.45
1724378400,2634.82
1724382000,2636.47
1724385600,2639.18
1724389200,2675.26
1724392800,2682.60
1724396400,2669.60
1724400000,2674.87
1724403600,2667.12
1724407200,2666.20
1724410800,2653.56
1724414400,2669.28
1724418000,2660.10
1724421600,2651.15
1724425200,2671.34
1724428800,2678.80
1724432400,2727.86
1724436000,2726.20
1724439600,2747.60
1724443200,2755.21
1724446800,2775.55
1724450400,2762.23
1724454000,2764.50
1724457600,2760.88
1724461200,2754.99
1724464800,2755.91
1724468400,2749.20
1724472000,2748.53
1724475600,2757.93
1724479200,2757.44
1724482800,2760.50
1724486400,2777.59
1724490000,2775.93
1724493600,2769.49
1724497200,2757.60
1724500800,2758.21
1724504400,2759.98
1724508000,2761.01
1724511600,2762.52
1724515200,2815.41
1724518800,2785.31
1724522400,2785.43
1724526000,2794.42
1724529600,2792.65
1724533200,2741.00
1724536800,2753.20
1724540400,2769.20
1724544000,2760.15
1724547600,2760.00
1724551200,2766.20
1724554800,2765.73
1724558400,2769.20
1724562000,2764.01
1724565600,2756.20
1724569200,2745.52
1724572800,2753.01
1724576400,2757.43
1724580000,2754.73
1724583600,2752.41
1724587200,2754.43
1724590800,2765.41
1724594400,2766.79
1724598000,2765.59
1724601600,2765.18
1724605200,2773.11
1724608800,2765.70
1724612400,2767.85
1724616000,2771.13
1724619600,2780.60
1724623200,2772.40
1724626800,2747.79
1724630400,2755.13
1724634000,2746.88
1724637600,2743.19
1724641200,2745.45
1724644800,2752.38
1724648400,2744.84
1724652000,2738.18
1724655600,2734.66
1724659200,2737.37
1724662800,2740.54
1724666400,2738.17
1724670000,2738.23
1724673600,2726.96
1724677200,2727.76
1724680800,2726.80
1724684400,2723.00
1724688000,2727.42
1724691600,2695.37
1724695200,2698.74
1724698800,2681.25
1724702400,2689.65
1724706000,2686.19
1724709600,2687.54
1724713200,2681.27
1724716800,2678.26
1724720400,2680.86
1724724000,2677.60
1724727600,2685.80
1724731200,2687.40
1724734800,2697.20
1724738400,2679.71
1724742000,2688.50
1724745600,2685.40
1724749200,2674.59
1724752800,2638.37
1724756400,2626.83
1724760000,2621.80
1724763600,2610.02
1724767200,2586.10
1724770800,2579.16
1724774400,2565.89
1724778000,2586.16
1724781600,2585.60
1724785200,2584.98
1724788800,2581.94
1724792400,2490.35
1724796000,2461.00
1724799600,2458.41
1724803200,2441.01
1724806800,2443.79
1724810400,2460.30
1724814000,2478.94
1724817600,2472.33
1724821200,2465.44
1724824800,2463.24
1724828400,2438.25
1724832000,2464.19
1724835600,2541.00
1724839200,2521.74
1724842800,2523.72
1724846400,2526.94
1724850000,2484.51
1724853600,2503.80
1724857200,2496.74
1724860800,2515.60
1724864400,2502.50
1724868000,2533.09
1724871600,2506.00
1724875200,2538.81
1724878800,2531.52
1724882400,2533.00
1724886000,2528.25
1724889600,2534.80
1724893200,2522.39
1724896800,2529.80
1724900400,2523.89
1724904000,2525.65
1724907600,2540.38
1724911200,2550.80
1724914800,2548.23
1724918400,2545.35
1724922000,2544.79
1724925600,2542.75
1724929200,2555.80
1724932800,2573.56
1724936400,2571.56
1724940000,2570.20
1724943600,2576.98
1724947200,2570.66
1724950800,2577.27
1724954400,2520.78
1724958000,2529.15
1724961600,2540.52
1724965200,2529.80
1724968800,2524.32
1724972400,2528.00
1724976000,2523.00
1724979600,2524.81
1724983200,2514.87
1724986800,2517.01
1724990400,2518.90
1724994000,2511.16
1724997600,2528.29
1725001200,2517.88
1725004800,2522.46
1725008400,2524.76
1725012000,2517.85
1725015600,2512.53
1725019200,2524.40
1725022800,2524.78
1725026400,2462.61
1725030000,2448.59
1725033600,2462.01
1725037200,2466.20
1725040800,2535.57
1725044400,2507.38
1725048000,2518.60
1725051600,2517.99
1725055200,2526.04
1725058800,2525.89
1725062400,2524.20
1725066000,2525.41
1725069600,2522.24
1725073200,2523.19
1725076800,2529.38
1725080400,2523.26
1725084000,2522.73
1725087600,2521.00
1725091200,2513.69
1725094800,2514.48
1725098400,2525.86
1725102000,2525.79
1725105600,2523.91
1725109200,2516.09
1725112800,2522.21
1725116400,2519.17
1725120000,2508.88
1725123600,2504.12
1725127200,2496.55
1725130800,2499.79
1725134400,2506.80
1725138000,2517.80
1725141600,2517.00
1725145200,2513.13
1725148800,2505.43
1725152400,2493.73
1725156000,2487.41
1725159600,2488.53
1725163200,2486.52
1725166800,2464.20
1725170400,2477.05
1725174000,2486.45
1725177600,2478.78
1725181200,2484.01
1725184800,2464.91
1725188400,2477.40
1725192000,2466.61
1725195600,2472.21
1725199200,2455.41
1725202800,2480.91
1725206400,2472.40
1725210000,2470.55
1725213600,2493.44
1725217200,2501.61
1725220800,2501.96
1725224400,2485.42
1725228000,2405.36
1725231600,2426.26
1725235200,2440.40
1725238800,2439.74
1725242400,2437.40
1725246000,2450.27
1725249600,2435.32
1725253200,2454.00
1725256800,2446.71
1725260400,2440.79
1725264000,2468.61
1725267600,2516.22
1725271200,2524.73
1725274800,2515.72
1725278400,2520.81
1725282000,2505.04
1725285600,2519.44
1725289200,2513.40
1725292800,2511.67
1725296400,2522.81
1725300000,2523.99
1725303600,2524.30
1725307200,2554.22
1725310800,2544.62
1725314400,2545.01
1725318000,2537.90
1725321600,2533.74
1725325200,2535.80
1725328800,2529.38
1725332400,2516.09
1725336000,2518.80
1725339600,2521.92
1725343200,2513.20
1725346800,2520.12
1725350400,2500.01
1725354000,2503.96
1725357600,2505.10
1725361200,2508.79
1725364800,2510.67
1725368400,2465.05
1725372000,2445.67
1725375600,2443.47
1725379200,2439.82
1725382800,2441.71
1725386400,2451.05
1725390000,2446.80
1725393600,2463.00
1725397200,2464.20
1725400800,2453.04
1725404400,2424.80
1725408000,2395.80
1725411600,2365.61
1725415200,2363.96
1725418800,2372.02
1725422400,2378.19
1725426000,2364.80
1725429600,2371.97
1725433200,2400.90
1725436800,2401.00
1725440400,2392.85
1725444000,2389.20
1725447600,2398.83
1725451200,2403.09
1725454800,2404.29
1725458400,2438.20
1725462000,2455.60
1725465600,2477.36
1725469200,2449.40
1725472800,2442.40
1725476400,2452.05
1725480000,2455.01
1725483600,2463.09
1725487200,2462.70
1725490800,2450.78
1725494400,2454.57
1725498000,2458.43
1725501600,2446.29
1725505200,2405.13
1725508800,2414.31
1725512400,2409.49
1725516000,2398.62
1725519600,2412.29
1725523200,2406.26
1725526800,2391.40
1725530400,2390.58
1725534000,2389.42
1725537600,2391.21
1725541200,2401.93
1725544800,2377.00
1725548400,2371.60
1725552000,2374.96
1725555600,2392.81
1725559200,2388.56
1725562800,2363.41
1725566400,2367.32
1725570000,2371.38
1725573600,2370.20
1725577200,2368.13
1725580800,2371.21
1725584400,2390.67
1725588000,2401.95
1725591600,2392.21
1725595200,2386.19
1725598800,2383.79
1725602400,2379.09
1725606000,2344.16
1725609600,2349.70
1725613200,2357.85
1725616800,2367.14
1725620400,2372.57
1725624000,2399.01
1725627600,2363.41
1725631200,2326.20
1725634800,2289.00
1725638400,2265.20
1725642000,2243.81
1725645600,2208.60
1725649200,2220.93
1725652800,2169.22
1725656400,2216.77
1725660000,2208.85
1725663600,2224.84
1725667200,2233.07
1725670800,2226.20
1725674400,2232.92
1725678000,2237.80
1725681600,2250.00
1725685200,2263.80
1725688800,2276.70
1725692400,2287.80
1725696000,2295.77
1725699600,2281.66
1725703200,2281.81
1725706800,2283.48
1725710400,2290.12
1725714000,2291.80
1725717600,2294.69
1725721200,2300.64
1725724800,2289.27
1725728400,2272.98
1725732000,2282.80
1725735600,2290.42
1725739200,2271.20
1725742800,2264.99
1725746400,2264.76
1725750000,2273.39
1725753600,2269.42
1725757200,2279.98
1725760800,2283.79
1725764400,2285.53
1725768000,2297.35
1725771600,2284.70
1725775200,2287.01
1725778800,2294.42
1725782400,2296.27
1725786000,2295.00
1725789600,2303.78
1725793200,2296.40
1725796800,2277.05
1725800400,2284.20
1725804000,2268.38
1725807600,2246.04
1725811200,2251.18
1725814800,2281.50
1725818400,2275.86
1725822000,2271.96
1725825600,2276.59
1725829200,2280.58
1725832800,2293.45
1725836400,2297.39
1725840000,2308.39
1725843600,2310.94
1725847200,2307.09
1725850800,2303.60
1725854400,2296.91
1725858000,2288.21
1725861600,2304.81
1725865200,2313.87
1725868800,2326.02
1725872400,2317.37
1725876000,2319.85
1725879600,2315.59
1725883200,2312.73
1725886800,2320.81
1725890400,2279.36
1725894000,2292.79
1725897600,2342.76
1725901200,2342.22
1725904800,2333.08
1725908400,2350.81
1725912000,2341.81
1725915600,2369.91
1725919200,2358.21
1725922800,2360.20
1725926400,2349.22
1725930000,2343.30
1725933600,2345.27
1725937200,2341.00
1725940800,2337.80
1725944400,2349.94
1725948000,2344.11
1725951600,2363.61
1725955200,2354.98
1725958800,2349.94
1725962400,2350.85
1725966000,2351.26
1725969600,2350.24
1725973200,2332.19
1725976800,2336.43
1725980400,2325.02
1725984000,2337.73
1725987600,2350.87
1725991200,2368.84
1725994800,2381.51
1725998400,2378.34
1726002000,2374.97
1726005600,2390.79
1726009200,2388.61
1726012800,2377.01
1726016400,2350.21
1726020000,2353.78
1726023600,2348.22
1726027200,2334.36
1726030800,2326.72
1726034400,2331.19
1726038000,2342.60
1726041600,2322.79
1726045200,2330.26
1726048800,2316.60
1726052400,2327.28
1726056000,2334.40
1726059600,2287.98
1726063200,2309.10
1726066800,2326.00
1726070400,2346.80
1726074000,2357.47
1726077600,2337.71
1726081200,2342.40
1726084800,2348.00
1726088400,2342.46
1726092000,2340.40
1726095600,2340.97
1726099200,2352.61
1726102800,2373.00
1726106400,2363.38
1726110000,2368.48
1726113600,2365.39
1726117200,2357.11
1726120800,2359.02
1726124400,2359.74
1726128000,2359.50
1726131600,2352.29
1726135200,2345.20
1726138800,2348.33
1726142400,2342.75
1726146000,2341.01
1726149600,2327.89
1726153200,2323.36
1726156800,2339.27
1726160400,2349.69
1726164000,2347.50
1726167600,2360.79
1726171200,2352.05
1726174800,2349.58
1726178400,2361.41
1726182000,2362.00
1726185600,2357.59
1726189200,2358.38
1726192800,2356.42
1726196400,2356.23
1726200000,2348.45
1726203600,2349.04
1726207200,2338.42
1726210800,2348.97
1726214400,2343.09
1726218000,2352.22
1726221600,2371.21
1726225200,2354.60
1726228800,2352.61
1726232400,2356.04
1726236000,2367.16
1726239600,2408.29
1726243200,2407.54
1726246800,2410.94
1726250400,2422.18
1726254000,2422.06
1726257600,2423.21
1726261200,2447.73
1726264800,2447.88
1726268400,2440.60
1726272000,2430.57
1726275600,2425.40
1726279200,2426.90
1726282800,2433.95
1726286400,2427.36
1726290000,2416.07
1726293600,2420.46
1726297200,2421.50
1726300800,2416.63
1726304400,2421.20
1726308000,2414.60
1726311600,2418.01
1726315200,2421.48
1726318800,2417.81
1726322400,2420.77
1726326000,2419.44
1726329600,2419.06
1726333200,2414.88
1726336800,2407.87
1726340400,2409.46
1726344000,2416.61
1726347600,2417.60
1726351200,2417.77
1726354800,2418.55
1726358400,2420.26
1726362000,2426.19
1726365600,2426.69
1726369200,2420.89
1726372800,2417.24
1726376400,2419.54
1726380000,2421.89
1726383600,2423.53
1726387200,2415.93
1726390800,2413.49
1726394400,2410.20
1726398000,2407.40
1726401600,2411.43
1726405200,2410.90
1726408800,2412.28
1726412400,2409.42
1726416000,2388.75
1726419600,2383.66
1726423200,2381.17
1726426800,2372.93
1726430400,2363.64
1726434000,2353.40
1726437600,2347.00
1726441200,2316.42
1726444800,2300.45
1726448400,2277.21
1726452000,2261.03
1726455600,2278.34
1726459200,2281.75
1726462800,2292.86
1726466400,2291.56
1726470000,2310.80
1726473600,2315.69
1726477200,2292.11
1726480800,2303.47
1726484400,2307.95
1726488000,2301.80
1726491600,2302.97
1726495200,2277.99
1726498800,2287.21
1726502400,2286.86
1726506000,2305.77
1726509600,2289.61
1726513200,2275.43
1726516800,2274.21
1726520400,2291.00
1726524000,2284.44
1726527600,2295.63
1726531200,2273.23
1726534800,2275.40
1726538400,2286.41
1726542000,2284.08
1726545600,2289.00
1726549200,2301.63
1726552800,2299.64
1726556400,2309.25
1726560000,2309.59
1726563600,2313.68
1726567200,2317.49
1726570800,2308.42
1726574400,2318.99
1726578000,2307.00
1726581600,2346.42
1726585200,2384.38
1726588800,2369.46
1726592400,2367.94
1726596000,2350.18
1726599600,2353.56
1726603200,2344.55
1726606800,2348.58
1726610400,2338.20
1726614000,2342.06
1726617600,2324.73
1726621200,2325.32
1726624800,2331.79
1726628400,2334.80
1726632000,2324.02
1726635600,2321.46
1726639200,2329.47
1726642800,2330.36
1726646400,2321.49
1726650000,2295.80
1726653600,2305.20
1726657200,2300.46
1726660800,2310.85
1726664400,2295.18
1726668000,2299.04
1726671600,2296.15
1726675200,2304.98
1726678800,2309.37
1726682400,2336.61
1726686000,2315.32
1726689600,2326.00
1726693200,2332.00
1726696800,2339.81
1726700400,2374.55
1726704000,2399.00
1726707600,2391.12
1726711200,2400.84
1726714800,2404.41
1726718400,2417.17
1726722000,2412.52
1726725600,2418.12
1726729200,2438.35
1726732800,2431.88
1726736400,2431.27
1726740000,2426.38
1726743600,2436.01
1726747200,2436.32
1726750800,2433.20
1726754400,2426.75
1726758000,2440.40
1726761600,2473.39
1726765200,2476.79
1726768800,2476.05
1726772400,2461.59
1726776000,2465.84
1726779600,2462.36
1726783200,2472.68
1726786800,2466.19
1726790400,2448.43
1726794000,2454.77
1726797600,2456.60
1726801200,2520.61
1726804800,2538.79
1726808400,2544.17
1726812000,2564.57
1726815600,2561.59
1726819200,2546.18
1726822800,2543.60
1726826400,2555.79
1726830000,2545.42
1726833600,2553.88
1726837200,2528.07
1726840800,2546.27
1726844400,2559.60
1726848000,2547.60
1726851600,2537.41
1726855200,2543.01
1726858800,2541.19
1726862400,2540.80
1726866000,2546.01
1726869600,2550.99
1726873200,2561.51
1726876800,2568.61
1726880400,2544.20
1726884000,2542.60
1726887600,2544.40
1726891200,2538.01
1726894800,2544.80
1726898400,2548.52
1726902000,2556.09
1726905600,2549.51
1726909200,2553.14
1726912800,2546.62
1726916400,2556.88
1726920000,2562.33
1726923600,2570.75
1726927200,2567.71
1726930800,2560.40
1726934400,2560.11
1726938000,2570.59
1726941600,2570.24
1726945200,2572.60
1726948800,2565.86
1726952400,2562.16
1726956000,2576.56
1726959600,2613.07
1726963200,2621.59
1726966800,2601.25
1726970400,2594.93
1726974000,2595.21
1726977600,2599.21
1726981200,2582.46
1726984800,2581.01
1726988400,2588.05
1726992000,2595.36
1726995600,2579.81
1726999200,2580.61
1727002800,2580.79
1727006400,2581.59
1727010000,2571.17
1727013600,2564.27
1727017200,2570.65
1727020800,2571.49
1727024400,2585.27
1727028000,2576.66
1727031600,2578.20
1727035200,2573.20
1727038800,2548.00
1727042400,2589.78
1727046000,2580.82
1727049600,2594.20
1727053200,2614.39
1727056800,2636.22
1727060400,2676.20
1727064000,2664.30
1727067600,2657.35
1727071200,2655.00
1727074800,2646.55
1727078400,2645.81
1727082000,2656.30
1727085600,2649.40
1727089200,2646.04
1727092800,2646.01
1727096400,2643.03
1727100000,2660.71
1727103600,2675.53
1727107200,2663.65
1727110800,2668.83
1727114400,2680.06
1727118000,2673.06
1727121600,2661.60
1727125200,2656.60
1727128800,2646.30
1727132400,2646.92
1727136000,2628.20
1727139600,2627.74
1727143200,2621.59
1727146800,2627.17
1727150400,2622.69
1727154000,2631.91
1727157600,2639.47
1727161200,2646.85
1727164800,2661.91
1727168400,2645.18
1727172000,2647.21
1727175600,2636.81
1727179200,2632.79
1727182800,2634.60
1727186400,2613.29
1727190000,2612.28
1727193600,2626.84
1727197200,2647.44
1727200800,2638.10
1727204400,2650.80
1727208000,2650.88
1727211600,2647.71
1727215200,2666.66
1727218800,2653.60
1727222400,2639.00
1727226000,2649.62
1727229600,2648.33
1727233200,2647.05
1727236800,2625.60
1727240400,2624.72
1727244000,2617.80
1727247600,2621.89
1727251200,2625.54
1727254800,2621.21
1727258400,2623.02
1727262000,2627.22
1727265600,2617.50
1727269200,2617.66
1727272800,2626.61
1727276400,2600.92
1727280000,2600.41
1727283600,2575.54
1727287200,2582.59
1727290800,2570.67
1727294400,2580.50
1727298000,2580.99
1727301600,2572.40
1727305200,2579.92
1727308800,2571.22
1727312400,2585.73
1727316000,2596.80
1727319600,2601.40
1727323200,2595.80
1727326800,2612.79
1727330400,2616.71
1727334000,2629.40
1727337600,2619.65
1727341200,2619.40
1727344800,2630.00
1727348400,2628.59
1727352000,2630.17
1727355600,2620.79
1727359200,2614.18
1727362800,2652.20
1727366400,2651.09
1727370000,2630.80
1727373600,2659.99
1727377200,2650.10
1727380800,2631.88
1727384400,2639.22
1727388000,2638.36
1727391600,2632.72
1727395200,2642.10
1727398800,2626.25
1727402400,2619.59
1727406000,2638.55
1727409600,2646.00
1727413200,2653.96
1727416800,2656.95
1727420400,2658.19
1727424000,2667.61
1727427600,2663.41
1727431200,2642.25
1727434800,2652.63
1727438400,2659.60
1727442000,2663.35
1727445600,2683.27
1727449200,2684.41
1727452800,2719.11
1727456400,2704.80
1727460000,2700.57
1727463600,2702.20
1727467200,2694.42
1727470800,2694.61
1727474400,2706.35
1727478000,2695.17
1727481600,2697.13
1727485200,2698.41
1727488800,2701.30
1727492400,2691.11
1727496000,2694.10
1727499600,2683.59
1727503200,2680.38
1727506800,2678.61
1727510400,2666.91
1727514000,2670.33
1727517600,2676.33
1727521200,2675.60
1727524800,2659.88
1727528400,2660.41
1727532000,2674.25
1727535600,2670.50
1727539200,2665.77
1727542800,2675.79
1727546400,2675.66
1727550000,2678.85
1727553600,2676.13
1727557200,2671.40
1727560800,2675.47
1727564400,2676.00
1727568000,2668.78
1727571600,2675.99
1727575200,2675.68
1727578800,2675.21
1727582400,2671.21
1727586000,2665.91
1727589600,2650.61
1727593200,2641.77
1727596800,2647.95
1727600400,2648.00
1727604000,2647.19
1727607600,2653.03
1727611200,2646.60
1727614800,2657.05
1727618400,2653.43
1727622000,2666.99
1727625600,2664.42
1727629200,2663.49
1727632800,2664.29
1727636400,2667.47
1727640000,2661.39
1727643600,2667.39
1727647200,2656.60
1727650800,2658.15
1727654400,2649.01
1727658000,2615.71
1727661600,2613.46
1727665200,2630.14
1727668800,2628.20
1727672400,2636.66
1727676000,2630.24
1727679600,2637.99
1727683200,2641.30
1727686800,2607.55
1727690400,2605.35
1727694000,2629.11
1727697600,2633.64
1727701200,2624.99
1727704800,2611.47
1727708400,2595.94
1727712000,2603.33
1727715600,2608.32
1727719200,2588.36
1727722800,2593.83
1727726400,2613.39
1727730000,2609.79
1727733600,2601.56
1727737200,2601.70
1727740800,2617.49
1727744400,2620.40
1727748000,2618.20
1727751600,2628.75
1727755200,2643.59
1727758800,2638.97
1727762400,2655.98
1727766000,2645.38
1727769600,2640.71
1727773200,2634.78
1727776800,2637.90
1727780400,2628.78
1727784000,2622.08
1727787600,2580.20
1727791200,2548.58
1727794800,2523.59
1727798400,2508.53
1727802000,2504.82
1727805600,2501.50
1727809200,2488.09
1727812800,2451.47
1727816400,2472.81
1727820000,2453.72
1727823600,2448.00
1727827200,2463.99
1727830800,2480.02
1727834400,2492.13
1727838000,2489.01
1727841600,2486.56
1727845200,2478.02
1727848800,2485.47
1727852400,2481.68
1727856000,2480.50
1727859600,2452.50
1727863200,2450.75
1727866800,2455.18
1727870400,2435.58
1727874000,2450.17
1727877600,2434.30
1727881200,2460.50
1727884800,2453.10
1727888400,2446.46
1727892000,2389.91
1727895600,2371.91
1727899200,2385.67
1727902800,2378.51
1727906400,2381.80
1727910000,2364.06
1727913600,2371.74
1727917200,2384.18
1727920800,2391.26
1727924400,2399.10
1727928000,2397.54
1727931600,2383.73
1727935200,2389.02
1727938800,2364.55
1727942400,2337.59
1727946000,2352.24
1727949600,2368.12
1727953200,2352.08
1727956800,2351.63
1727960400,2346.88
1727964000,2317.16
1727967600,2340.19
1727971200,2324.92
1727974800,2343.15
1727978400,2343.81
1727982000,2353.62
1727985600,2341.85
1727989200,2350.37
1727992800,2352.03
1727996400,2349.74
1728000000,2340.45
1728003600,2377.17
1728007200,2370.44
1728010800,2367.21
1728014400,2374.52
1728018000,2383.41
1728021600,2375.10
1728025200,2381.67
1728028800,2381.60
1728032400,2377.11
1728036000,2374.82
1728039600,2385.80
1728043200,2396.80
1728046800,2377.41
1728050400,2366.88
1728054000,2416.63
1728057600,2433.77
1728061200,2415.21
1728064800,2431.99
1728068400,2428.90
1728072000,2429.40
1728075600,2424.41
1728079200,2420.50
1728082800,2414.49
1728086400,2425.21
1728090000,2417.98
1728093600,2401.85
1728097200,2399.35
1728100800,2405.35
1728104400,2417.83
1728108000,2424.05
1728111600,2415.23
1728115200,2419.93
1728118800,2425.07
1728122400,2419.23
1728126000,2417.43
1728129600,2422.87
1728133200,2410.13
1728136800,2414.49
1728140400,2415.03
1728144000,2404.90
1728147600,2410.34
1728151200,2402.64
1728154800,2396.17
1728158400,2392.44
1728162000,2403.37
1728165600,2417.96
1728169200,2414.29
1728172800,2410.47
1728176400,2420.54
1728180000,2416.72
1728183600,2413.40
1728187200,2415.04
1728190800,2416.86
1728194400,2415.46
1728198000,2417.58
1728201600,2421.14
1728205200,2422.20
1728208800,2419.86
1728212400,2426.69
1728216000,2429.41
1728219600,2430.73
1728223200,2452.76
1728226800,2446.54
1728230400,2436.60
1728234000,2441.79
1728237600,2446.21
1728241200,2441.69
1728244800,2439.21
1728248400,2417.70
1728252000,2431.97
1728255600,2440.00
1728259200,2487.46
1728262800,2496.62
1728266400,2504.79
1728270000,2495.04
1728273600,2487.83
1728277200,2484.62
1728280800,2490.52
1728284400,2480.58
1728288000,2482.79
1728291600,2458.19
1728295200,2448.74
1728298800,2474.91
1728302400,2464.50
1728306000,2475.38
1728309600,2498.87
1728313200,2474.20
1728316800,2477.70
1728320400,2475.96
1728324000,2424.76
1728327600,2444.60
1728331200,2441.63
1728334800,2454.27
1728338400,2416.65
1728342000,2422.81
1728345600,2436.40
1728349200,2434.35
1728352800,2445.28
1728356400,2437.54
1728360000,2437.14
1728363600,2427.24
1728367200,2435.36
1728370800,2427.83
1728374400,2426.36
1728378000,2433.04
1728381600,2429.40
1728385200,2438.62
1728388800,2427.75
1728392400,2447.59
1728396000,2434.20
1728399600,2418.34
1728403200,2444.77
1728406800,2441.53
1728410400,2435.86
1728414000,2438.74
1728417600,2442.59
1728421200,2455.41
1728424800,2440.00
1728428400,2439.65
1728432000,2436.94
1728435600,2460.87
1728439200,2446.86
1728442800,2445.87
1728446400,2444.48
1728450000,2449.79
1728453600,2442.80
1728457200,2435.23
1728460800,2429.76
1728464400,2435.71
1728468000,2432.80
1728471600,2439.79
1728475200,2433.19
1728478800,2427.39
1728482400,2434.99
1728486000,2459.59
1728489600,2432.47
1728493200,2432.51
1728496800,2413.64
1728500400,2416.57
1728504000,2355.00
1728507600,2376.80
1728511200,2371.84
1728514800,2368.88
1728518400,2373.60
1728522000,2389.40
1728525600,2392.30
1728529200,2393.05
1728532800,2393.37
1728536400,2402.74
1728540000,2406.62
1728543600,2393.59
1728547200,2379.67
1728550800,2384.83
1728554400,2394.30
1728558000,2403.81
1728561600,2385.77
1728565200,2380.61
1728568800,2379.58
1728572400,2402.17
1728576000,2390.58
1728579600,2370.82
1728583200,2354.75
1728586800,2365.09
1728590400,2366.65
1728594000,2384.53
1728597600,2375.64
1728601200,2384.57
1728604800,2384.56
1728608400,2404.99
1728612000,2398.35
1728615600,2409.08
1728619200,2406.96
1728622800,2404.59
1728626400,2409.47
1728630000,2405.99
1728633600,2401.45
1728637200,2413.47
1728640800,2413.26
1728644400,2416.56
1728648000,2424.04
1728651600,2430.36
1728655200,2431.45
1728658800,2443.62
1728662400,2438.33
1728666000,2449.99
1728669600,2446.30
1728673200,2459.79
1728676800,2457.06
1728680400,2450.40
1728684000,2439.47
1728687600,2438.88
1728691200,2444.34
1728694800,2443.99
1728698400,2436.47
1728702000,2438.34
1728705600,2445.35
1728709200,2446.90
1728712800,2445.98
1728716400,2445.92
1728720000,2445.25
1728723600,2444.82
1728727200,2455.00
1728730800,2451.84
1728734400,2457.53
1728738000,2461.16
1728741600,2470.88
1728745200,2472.79
1728748800,2469.48
1728752400,2475.61
1728756000,2469.39
1728759600,2472.40
1728763200,2470.10
1728766800,2479.34
1728770400,2488.00
1728774000,2475.96
1728777600,2476.42
1728781200,2467.08
1728784800,2469.40
1728788400,2457.70
1728792000,2463.39
1728795600,2463.40
1728799200,2464.40
1728802800,2464.78
1728806400,2462.70
1728810000,2467.23
1728813600,2462.47
1728817200,2457.92
1728820800,2464.96
1728824400,2464.00
1728828000,2446.66
1728831600,2440.01
1728835200,2454.91
1728838800,2446.20
1728842400,2444.08
1728846000,2457.48
1728849600,2460.00
1728853200,2464.34
1728856800,2466.40
1728860400,2468.17
1728864000,2452.11
1728867600,2452.06
1728871200,2450.91
1728874800,2520.16
1728878400,2540.85
1728882000,2530.37
1728885600,2527.17
1728889200,2534.38
1728892800,2523.35
1728896400,2532.25
1728900000,2539.31
1728903600,2536.42
1728907200,2554.18
1728910800,2568.14
1728914400,2621.65
1728918000,2634.73
1728921600,2619.26
1728925200,2626.61
1728928800,2629.04
1728932400,2620.40
1728936000,2621.59
1728939600,2617.04
1728943200,2649.46
1728946800,2629.36
1728950400,2622.31
1728954000,2628.81
1728957600,2626.65
1728961200,2611.24
1728964800,2613.88
1728968400,2593.80
1728972000,2607.58
1728975600,2614.73
1728979200,2616.08
1728982800,2608.89
1728986400,2612.59
1728990000,2585.63
1728993600,2601.54
1728997200,2670.47
1729000800,2567.52
1729004400,2573.11
1729008000,2592.61
1729011600,2581.84
1729015200,2592.40
1729018800,2591.95
1729022400,2571.85
1729026000,2588.15
1729029600,2594.38
1729033200,2607.02
1729036800,2596.36
1729040400,2619.37
1729044000,2621.40
1729047600,2616.65
1729051200,2614.30
1729054800,2619.23
1729058400,2611.45
1729062000,2606.99
1729065600,2608.81
1729069200,2619.98
1729072800,2615.80
1729076400,2629.98
1729080000,2627.93
1729083600,2606.09
1729087200,2607.28
1729090800,2607.32
1729094400,2618.82
1729098000,2620.48
1729101600,2616.89
1729105200,2614.89
1729108800,2617.81
1729112400,2613.44
1729116000,2621.66
1729119600,2610.95
1729123200,2616.70
1729126800,2642.20
1729130400,2624.05
1729134000,2640.36
1729137600,2627.26
1729141200,2626.06
1729144800,2624.60
1729148400,2627.62
1729152000,2626.11
1729155600,2616.10
1729159200,2613.39
1729162800,2597.32
1729166400,2613.75
1729170000,2599.01
1729173600,2607.24
1729177200,2629.97
1729180800,2612.26
1729184400,2605.98
1729188000,2586.88
1729191600,2594.56
1729195200,2597.50
1729198800,2603.19
1729202400,2612.18
1729206000,2604.98
1729209600,2596.78
1729213200,2643.11
1729216800,2633.12
1729220400,2609.63
1729224000,2614.69
1729227600,2626.58
1729231200,2626.76
1729234800,2643.89
1729238400,2637.66
1729242000,2624.15
1729245600,2627.25
1729249200,2621.35
1729252800,2616.25
1729256400,2627.25
1729260000,2641.81
1729263600,2653.16
1729267200,2651.88
1729270800,2647.42
1729274400,2663.78
1729278000,2651.42
1729281600,2643.30
1729285200,2642.70
1729288800,2636.59
1729292400,2641.93
1729296000,2639.81
1729299600,2635.97
1729303200,2647.21
1729306800,2646.34
1729310400,2640.85
1729314000,2647.42
1729317600,2644.42
1729321200,2641.08
1729324800,2645.84
1729328400,2646.14
1729332000,2640.11
1729335600,2631.38
1729339200,2640.08
1729342800,2636.02
1729346400,2650.06
1729350000,2645.79
1729353600,2637.66
1729357200,2641.68
1729360800,2642.28
1729364400,2641.68
1729368000,2645.47
1729371600,2643.38
1729375200,2650.57
1729378800,2648.21
1729382400,2642.41
1729386000,2640.20
1729389600,2639.09
1729393200,2640.42
1729396800,2641.88
1729400400,2640.39
1729404000,2650.57
1729407600,2646.15
1729411200,2646.00
1729414800,2648.63
1729418400,2646.06
1729422000,2649.09
1729425600,2645.17
1729429200,2660.80
1729432800,2710.19
1729436400,2705.82
1729440000,2692.00
1729443600,2694.61
1729447200,2701.69
1729450800,2699.64
1729454400,2711.33
1729458000,2714.99
1729461600,2746.92
1729465200,2746.29
1729468800,2745.70
1729472400,2745.13
1729476000,2730.60
1729479600,2733.11
1729483200,2737.45
1729486800,2734.59
1729490400,2727.21
1729494000,2721.41
1729497600,2714.30
1729501200,2711.47
1729504800,2704.70
1729508400,2703.42
1729512000,2696.89
1729515600,2671.06
1729519200,2670.99
1729522800,2678.89
1729526400,2670.29
1729530000,2671.44
1729533600,2665.51
1729537200,2679.21
1729540800,2675.43
1729544400,2675.46
1729548000,2676.38
1729551600,2665.85
1729555200,2636.80
1729558800,2646.03
1729562400,2635.84
1729566000,2643.29
1729569600,2639.20
1729573200,2645.23
1729576800,2652.46
1729580400,2645.33
1729584000,2628.63
1729587600,2621.55
1729591200,2631.28
1729594800,2630.88
1729598400,2620.80
1729602000,2620.22
1729605600,2637.40
1729609200,2622.84
1729612800,2606.12
1729616400,2623.83
1729620000,2621.07
1729623600,2626.72
1729627200,2632.53
1729630800,2633.07
1729634400,2634.80
1729638000,2621.78
1729641600,2613.12
1729645200,2622.49
1729648800,2611.54
1729652400,2614.60
1729656000,2615.72
1729659600,2613.79
1729663200,2610.72
1729666800,2601.07
1729670400,2574.72
1729674000,2578.74
1729677600,2580.17
1729681200,2579.26
1729684800,2569.71
1729688400,2580.45
1729692000,2562.03
1729695600,2538.41
1729699200,2490.26
1729702800,2493.34
1729706400,2488.79
1729710000,2509.78
1729713600,2512.32
1729717200,2502.59
1729720800,2508.61
1729724400,2522.42
1729728000,2546.97
1729731600,2542.98
1729735200,2553.34
1729738800,2542.39
1729742400,2550.85
1729746000,2554.84
1729749600,2546.05
1729753200,2542.45
1729756800,2517.69
1729760400,2518.98
1729764000,2523.22
1729767600,2526.88
1729771200,2528.01
1729774800,2534.01
1729778400,2523.02
1729782000,2524.11
1729785600,2516.80
1729789200,2519.43
1729792800,2525.38
1729796400,2538.56
1729800000,2536.40
1729803600,2537.83
1729807200,2532.06
1729810800,2534.61
1729814400,2524.15
1729818000,2518.56
1729821600,2521.13
1729825200,2520.62
1729828800,2491.21
1729832400,2493.57
1729836000,2489.31
1729839600,2483.00
1729843200,2515.95
1729846800,2537.27
1729850400,2540.90
1729854000,2543.62
1729857600,2537.12
1729861200,2550.35
1729864800,2543.36
1729868400,2523.70
1729872000,2530.46
1729875600,2484.82
1729879200,2479.11
1729882800,2472.20
1729886400,2474.40
1729890000,2491.28
1729893600,2461.20
1729897200,2436.23
1729900800,2439.78
1729904400,2438.85
1729908000,2441.19
1729911600,2448.38
1729915200,2456.99
1729918800,2468.44
1729922400,2470.60
1729926000,2462.63
1729929600,2468.49
1729933200,2463.13
1729936800,2466.67
1729940400,2470.02
1729944000,2468.81
1729947600,2462.85
1729951200,2444.01
1729954800,2454.60
1729958400,2468.77
1729962000,2476.17
1729965600,2477.63
1729969200,2483.45
1729972800,2487.59
1729976400,2485.97
1729980000,2483.85
1729983600,2479.59
1729987200,2473.40
1729990800,2474.79
1729994400,2470.38
1729998000,2481.76
1730001600,2477.00
1730005200,2479.49
1730008800,2477.40
1730012400,2478.23
1730016000,2472.46
1730019600,2468.62
1730023200,2464.79
1730026800,2466.67
1730030400,2473.12
1730034000,2482.40
1730037600,2490.97
1730041200,2499.21
1730044800,2498.78
1730048400,2494.67
1730052000,2484.84
1730055600,2491.65
1730059200,2489.12
1730062800,2508.84
1730066400,2511.52
1730070000,2505.20
1730073600,2497.40
1730077200,2489.54
1730080800,2487.44
1730084400,2475.12
1730088000,2483.58
1730091600,2483.52
1730095200,2488.26
1730098800,2508.42
1730102400,2510.12
1730106000,2539.02
1730109600,2528.50
1730113200,2524.26
1730116800,2524.04
1730120400,2511.43
1730124000,2523.61
1730127600,2498.89
1730131200,2503.63
1730134800,2499.62
1730138400,2504.11
1730142000,2505.62
1730145600,2516.29
1730149200,2542.74
1730152800,2566.94
1730156400,2566.21
1730160000,2581.75
1730163600,2581.52
1730167200,2611.08
1730170800,2605.78
1730174400,2619.39
1730178000,2615.91
1730181600,2619.42
1730185200,2611.56
1730188800,2620.21
1730192400,2622.72
1730196000,2630.08
1730199600,2630.31
1730203200,2616.62
1730206800,2636.03
1730210400,2629.39
1730214000,2648.08
1730217600,2668.67
1730221200,2655.69
1730224800,2665.94
1730228400,2624.62
1730232000,2620.21
1730235600,2621.78
1730239200,2635.75
1730242800,2638.34
1730246400,2620.34
1730250000,2624.53
1730253600,2626.96
1730257200,2641.12
1730260800,2640.10
1730264400,2652.16
1730268000,2656.69
1730271600,2667.96
1730275200,2662.40
1730278800,2691.20
1730282400,2681.03
1730286000,2658.23
1730289600,2685.01
1730293200,2695.61
1730296800,2708.53
1730300400,2682.40
1730304000,2687.40
1730307600,2673.24
1730311200,2666.69
1730314800,2655.00
1730318400,2678.88
1730322000,2659.40
1730325600,2659.36
1730329200,2658.40
1730332800,2657.85
1730336400,2662.40
1730340000,2662.39
1730343600,2656.37
1730347200,2645.65
1730350800,2649.24
1730354400,2637.61
1730358000,2645.59
1730361600,2636.27
1730365200,2634.67
1730368800,2646.21
1730372400,2638.26
1730376000,2638.40
1730379600,2602.82
1730383200,2554.61
1730386800,2561.59
1730390400,2550.41
1730394000,2540.57
1730397600,2522.55
1730401200,2511.60
1730404800,2517.26
1730408400,2521.31
1730412000,2518.12
1730415600,2515.24
1730419200,2521.32
1730422800,2498.21
1730426400,2507.22
1730430000,2500.40
1730433600,2510.87
1730437200,2508.20
1730440800,2498.38
1730444400,2501.86
1730448000,2498.93
1730451600,2508.67
1730455200,2516.68
1730458800,2513.50
1730462400,2535.01
1730466000,2572.00
1730469600,2561.17
1730473200,2499.39
1730476800,2517.65
1730480400,2513.01
1730484000,2507.10
1730487600,2512.78
1730491200,2519.02
1730494800,2504.00
1730498400,2511.99
1730502000,2510.40
1730505600,2515.01
1730509200,2513.97
1730512800,2511.18
1730516400,2506.06
1730520000,2504.35
1730523600,2511.89
1730527200,2511.06
1730530800,2506.92
1730534400,2495.19
1730538000,2496.44
1730541600,2501.19
1730545200,2501.17
1730548800,2487.89
1730552400,2479.23
1730556000,2489.40
1730559600,2488.03
1730563200,2494.07
1730566800,2485.13
1730570400,2486.30
1730574000,2492.38
1730577600,2494.91
1730581200,2493.21
1730584800,2490.97
1730588400,2493.58
1730592000,2482.60
1730595600,2471.41
1730599200,2433.74
1730602800,2448.80
1730606400,2454.33
1730610000,2441.75
1730613600,2455.68
1730617200,2449.02
1730620800,2458.09
1730624400,2448.60
1730628000,2456.27
1730631600,2453.79
1730635200,2454.00
1730638800,2434.22
1730642400,2424.74
1730646000,2441.61
1730649600,2441.82
1730653200,2445.86
1730656800,2424.00
1730660400,2451.96
1730664000,2466.69
1730667600,2468.87
1730671200,2459.49
1730674800,2456.60
1730678400,2449.35
1730682000,2465.06
1730685600,2482.07
1730689200,2472.41
1730692800,2471.21
1730696400,2460.97
1730700000,2475.65
1730703600,2457.80
1730707200,2456.34
1730710800,2455.76
1730714400,2465.95
1730718000,2468.25
1730721600,2474.95
1730725200,2457.22
1730728800,2448.71
1730732400,2441.51
1730736000,2413.17
1730739600,2423.14
1730743200,2424.00
1730746800,2428.78
1730750400,2421.09
1730754000,2369.88
1730757600,2405.00
1730761200,2397.12
1730764800,2399.74
1730768400,2409.25
1730772000,2403.50
1730775600,2418.82
1730779200,2427.39
1730782800,2431.13
1730786400,2428.41
1730790000,2441.76
1730793600,2441.09
1730797200,2433.99
1730800800,2434.41
1730804400,2439.52
1730808000,2443.14
1730811600,2441.72
1730815200,2469.20
1730818800,2440.56
1730822400,2461.87
1730826000,2451.33
1730829600,2452.69
1730833200,2408.17
1730836800,2426.50
1730840400,2415.40
1730844000,2434.62
1730847600,2422.40
1730851200,2485.54
1730854800,2482.72
1730858400,2568.78
1730862000,2579.47
1730865600,2583.70
1730869200,2597.71
1730872800,2584.75
1730876400,2594.42
1730880000,2606.29
1730883600,2623.15
1730887200,2624.81
1730890800,2630.20
1730894400,2634.84
1730898000,2619.29
1730901600,2614.60
1730905200,2635.89
1730908800,2657.83
1730912400,2654.00
1730916000,2680.41
1730919600,2690.89
1730923200,2693.52
1730926800,2690.01
1730930400,2737.79
1730934000,2724.67
1730937600,2727.79
1730941200,2815.73
1730944800,2873.44
1730948400,2854.35
1730952000,2840.92
1730955600,2840.98
1730959200,2804.03
1730962800,2821.67
1730966400,2822.51
1730970000,2823.42
1730973600,2819.45
1730977200,2793.80
1730980800,2819.70
1730984400,2806.46
1730988000,2794.71
1730991600,2849.37
1730995200,2847.88
1730998800,2864.01
1731002400,2881.80
1731006000,2888.38
1731009600,2901.35
1731013200,2894.80
1731016800,2883.99
1731020400,2897.59
1731024000,2908.56
1731027600,2925.26
1731031200,2892.80
1731034800,2904.64
1731038400,2904.99
1731042000,2926.65
1731045600,2911.20
1731049200,2916.19
1731052800,2902.35
1731056400,2916.71
1731060000,2926.40
1731063600,2917.34
1731067200,2939.02
1731070800,2949.99
1731074400,2915.56
1731078000,2939.48
1731081600,2909.11
1731085200,2922.16
1731088800,2961.88
1731092400,2953.61
1731096000,2938.40
1731099600,2944.40
1731103200,2961.15
1731106800,2963.99
1731110400,2985.00
1731114000,2988.46
1731117600,2978.31
1731121200,2967.77
1731124800,2974.51
1731128400,3041.60
1731132000,3038.68
1731135600,3032.60
1731139200,3027.43
1731142800,3048.01
1731146400,3050.75
1731150000,3053.99
1731153600,3033.35
1731157200,3047.99
1731160800,3042.24
1731164400,3042.32
1731168000,3030.00
1731171600,3038.46
1731175200,3051.20
1731178800,3072.16
1731182400,3087.69
1731186000,3078.41
1731189600,3136.01
1731193200,3127.82
1731196800,3123.67
1731200400,3120.94
1731204000,3129.02
1731207600,3137.11
1731211200,3182.02
1731214800,3182.28
1731218400,3180.07
1731222000,3186.93
1731225600,3183.67
1731229200,3189.32
1731232800,3202.22
1731236400,3221.82
1731240000,3197.58
1731243600,3204.21
1731247200,3197.54
1731250800,3211.87
1731254400,3215.02
1731258000,3213.81
1731261600,3221.98
1731265200,3166.82
1731268800,3119.55
1731272400,3171.04
1731276000,3186.15
1731279600,3186.02
1731283200,3196.08
1731286800,3201.17
1731290400,3204.99
1731294000,3198.01
1731297600,3182.81
1731301200,3132.68
1731304800,3140.15
1731308400,3142.79
1731312000,3152.18
1731315600,3177.59
1731319200,3193.51
1731322800,3200.67
1731326400,3175.46
1731330000,3154.47
1731333600,3186.19
1731337200,3241.80
1731340800,3281.19
1731344400,3299.40
1731348000,3328.62
1731351600,3307.01
1731355200,3360.08
1731358800,3328.22
1731362400,3345.81
1731366000,3376.00
1731369600,3346.30
1731373200,3322.60
1731376800,3311.50
1731380400,3340.16
1731384000,3330.99
1731387600,3333.09
1731391200,3383.74
1731394800,3373.40
1731398400,3424.35
1731402000,3362.22
1731405600,3284.21
1731409200,3286.22
1731412800,3253.50
1731416400,3264.19
1731420000,3286.88
1731423600,3264.59
1731427200,3257.01
1731430800,3232.79
1731434400,3287.99
1731438000,3278.22
1731441600,3291.01
1731445200,3281.13
1731448800,3291.60
1731452400,3247.58
1731456000,3253.29
1731459600,3275.61
1731463200,3255.99
1731466800,3212.59
1731470400,3194.45
1731474000,3145.97
1731477600,3130.70
1731481200,3165.21
1731484800,3163.29
1731488400,3165.99
1731492000,3171.77
1731495600,3172.20
1731499200,3169.78
1731502800,3222.29
1731506400,3325.58
1731510000,3316.62
1731513600,3291.61
1731517200,3279.69
1731520800,3274.51
1731524400,3163.22
1731528000,3172.12
1731531600,3154.59
1731535200,3183.40
1731538800,3191.38
1731542400,3183.41
1731546000,3218.70
1731549600,3213.28
1731553200,3219.81
1731556800,3239.02
1731560400,3224.61
1731564000,3186.09
1731567600,3220.40
1731571200,3204.90
1731574800,3206.02
1731578400,3182.76
1731582000,3188.01
1731585600,3184.80
1731589200,3168.11
1731592800,3111.34
1731596400,3078.05
1731600000,3171.07
1731603600,3131.83
1731607200,3133.46
1731610800,3146.81
1731614400,3100.20
1731618000,3118.98
1731621600,3088.62
1731625200,3059.10
1731628800,3062.35
1731632400,3065.10
1731636000,3082.58
1731639600,3084.17
1731643200,3027.03
1731646800,3058.22
1731650400,3065.47
1731654000,3040.88
1731657600,3070.55
1731661200,3097.15
1731664800,3100.79
1731668400,3104.30
1731672000,3104.56
1731675600,3102.53
1731679200,3059.49
1731682800,3023.39
1731686400,3034.94
1731690000,3036.75
1731693600,3020.88
1731697200,3040.09
1731700800,3091.92
1731704400,3092.32
1731708000,3101.74
1731711600,3091.04
1731715200,3086.41
1731718800,3099.96
1731722400,3112.60
1731726000,3156.36
1731729600,3135.45
1731733200,3132.38
1731736800,3115.66
1731740400,3108.20
1731744000,3121.65
1731747600,3117.47
1731751200,3128.17
1731754800,3196.17
1731758400,3176.97
1731762000,3174.09
1731765600,3169.39
1731769200,3142.17
1731772800,3146.20
1731776400,3168.74
1731780000,3182.38
1731783600,3170.66
1731787200,3151.98
1731790800,3156.30
1731794400,3134.78
1731798000,3134.41
1731801600,3149.82
1731805200,3086.64
1731808800,3067.38
1731812400,3082.21
1731816000,3127.56
1731819600,3103.99
1731823200,3134.30
1731826800,3136.60
1731830400,3144.96
1731834000,3140.10
1731837600,3138.00
1731841200,3105.41
1731844800,3120.89
1731848400,3102.84
1731852000,3088.02
1731855600,3086.06
1731859200,3093.41
1731862800,3107.10
1731866400,3081.48
1731870000,3097.95
1731873600,3073.44
1731877200,3062.15
1731880800,3068.41
1731884400,3076.34
1731888000,3098.29
1731891600,3115.20
1731895200,3110.79
1731898800,3112.10
1731902400,3100.87
1731906000,3118.03
1731909600,3146.39
1731913200,3130.75
1731916800,3121.87
1731920400,3108.60
1731924000,3115.71
1731927600,3056.41
1731931200,3087.18
1731934800,3068.20
1731938400,3088.15
1731942000,3143.81
1731945600,3169.43
1731949200,3176.80
1731952800,3166.21
1731956400,3129.27
1731960000,3158.40
1731963600,3150.98
1731967200,3152.41
1731970800,3209.62
1731974400,3158.08
1731978000,3145.96
1731981600,3159.20
1731985200,3149.93
1731988800,3132.22
1731992400,3136.82
1731996000,3132.03
1731999600,3120.44
1732003200,3120.59
1732006800,3112.80
1732010400,3122.21
1732014000,3128.64
1732017600,3134.16
1732021200,3084.60
1732024800,3098.00
1732028400,3107.00
1732032000,3113.04
1732035600,3120.51
1732039200,3144.32
1732042800,3125.61
1732046400,3104.21
1732050000,3096.03
1732053600,3096.39
1732057200,3112.06
1732060800,3111.10
1732064400,3102.64
1732068000,3090.78
1732071600,3099.77
1732075200,3100.69
1732078800,3111.75
1732082400,3107.60
1732086000,3112.60
1732089600,3126.17
1732093200,3121.21
1732096800,3112.10
1732100400,3103.46
1732104000,3092.59
1732107600,3116.20
1732111200,3116.71
1732114800,3133.39
1732118400,3092.28
1732122000,3067.80
1732125600,3052.20
1732129200,3061.29
1732132800,3074.55
1732136400,3081.01
1732140000,3075.79
1732143600,3072.17
1732147200,3082.19
1732150800,3082.20
1732154400,3059.46
1732158000,3084.63
1732161600,3132.39
1732165200,3109.44
1732168800,3129.20
1732172400,3138.82
1732176000,3143.02
1732179600,3127.60
1732183200,3132.39
1732186800,3148.98
1732190400,3285.42
1732194000,3349.18
1732197600,3345.84
1732201200,3278.64
1732204800,3333.18
1732208400,3352.40
1732212000,3382.00
1732215600,3349.60
1732219200,3351.36
1732222800,3348.61
1732226400,3374.91
1732230000,3359.81
1732233600,3319.92
1732237200,3325.19
1732240800,3334.50
1732244400,3369.70
1732248000,3394.39
1732251600,3379.59
1732255200,3375.70
1732258800,3367.00
1732262400,3375.86
1732266000,3367.60
1732269600,3325.01
1732273200,3347.70
1732276800,3351.42
1732280400,3296.41
1732284000,3290.82
1732287600,3317.71
1732291200,3312.43
1732294800,3300.71
1732298400,3283.29
1732302000,3285.48
1732305600,3295.01
1732309200,3320.62
1732312800,3312.00
1732316400,3331.80
1732320000,3345.85
1732323600,3347.30
1732327200,3329.64
1732330800,3349.60
1732334400,3357.18
1732338000,3352.40
1732341600,3347.70
1732345200,3345.38
1732348800,3372.44
1732352400,3363.88
1732356000,3352.51
1732359600,3358.49
1732363200,3404.01
1732366800,3439.79
1732370400,3477.60
1732374000,3467.26
1732377600,3419.40
1732381200,3431.40
1732384800,3428.98
1732388400,3412.23
1732392000,3409.26
1732395600,3421.21
1732399200,3410.22
1732402800,3397.21
1732406400,3421.30
1732410000,3437.27
1732413600,3434.99
1732417200,3431.31
1732420800,3417.80
1732424400,3417.61
1732428000,3426.69
1732431600,3426.44
1732435200,3397.79
1732438800,3407.00
1732442400,3379.64
1732446000,3348.95
1732449600,3318.59
1732453200,3328.20
1732456800,3328.98
1732460400,3296.60
1732464000,3321.29
1732467600,3311.77
1732471200,3329.17
1732474800,3328.62
1732478400,3342.82
1732482000,3347.17
1732485600,3362.75
1732489200,3364.79
1732492800,3352.80
1732496400,3331.64
1732500000,3341.99
1732503600,3366.32
1732507200,3370.31
1732510800,3386.14
1732514400,3384.77
1732518000,3403.40
1732521600,3416.68
1732525200,3480.97
1732528800,3504.30
1732532400,3475.17
1732536000,3485.01
1732539600,3478.09
1732543200,3408.46
1732546800,3517.81
1732550400,3484.01
1732554000,3461.32
1732557600,3447.02
1732561200,3464.09
1732564800,3502.79
1732568400,3439.18
1732572000,3450.81
1732575600,3414.92
1732579200,3426.07
1732582800,3449.22
1732586400,3446.16
1732590000,3436.10
1732593600,3421.39
1732597200,3433.04
1732600800,3424.86
1732604400,3395.23
1732608000,3373.82
1732611600,3358.21
1732615200,3317.01
1732618800,3323.74
1732622400,3312.17
1732626000,3310.42
1732629600,3345.41
1732633200,3296.85
1732636800,3336.00
1732640400,3327.74
1732644000,3284.40
1732647600,3301.11
1732651200,3323.59
1732654800,3322.59
1732658400,3323.38
1732662000,3323.23
1732665600,3308.18
1732669200,3341.21
1732672800,3363.22
1732676400,3359.92
1732680000,3399.59
1732683600,3398.38
1732687200,3426.22
1732690800,3423.67
1732694400,3422.29
1732698000,3412.65
1732701600,3455.80
1732705200,3460.69
1732708800,3477.98
1732712400,3504.99
1732716000,3521.82
1732719600,3555.00
1732723200,3560.24
1732726800,3564.19
1732730400,3589.78
1732734000,3594.58
1732737600,3628.78
1732741200,3638.04
1732744800,3670.33
1732748400,3657.42
1732752000,3645.60
1732755600,3642.30
1732759200,3625.36
1732762800,3602.60
1732766400,3607.19
1732770000,3592.25
1732773600,3597.22
1732777200,3594.59
1732780800,3630.64
1732784400,3600.61
1732788000,3605.34
1732791600,3621.79
1732795200,3623.97
1732798800,3589.78
1732802400,3568.75
1732806000,3542.36
1732809600,3541.99
1732813200,3553.59
1732816800,3579.22
1732820400,3575.42
1732824000,3556.46
1732827600,3572.47
1732831200,3592.83
1732834800,3579.39
1732838400,3559.22
1732842000,3565.41
1732845600,3600.10
1732849200,3584.21
1732852800,3579.20
1732856400,3578.95
1732860000,3562.18
1732863600,3545.55
1732867200,3569.47
1732870800,3568.73
1732874400,3586.00
1732878000,3595.98
1732881600,3587.84
1732885200,3611.90
1732888800,3635.67
1732892400,3618.51
1732896000,3599.87
1732899600,3586.13
1732903200,3577.01
1732906800,3585.68
1732910400,3596.53
1732914000,3594.09
1732917600,3598.70
1732921200,3593.59
1732924800,3591.45
1732928400,3601.56
1732932000,3625.60
1732935600,3658.48
1732939200,3653.20
1732942800,3695.41
1732946400,3697.57
1732950000,3704.59
1732953600,3694.98
1732957200,3692.89
1732960800,3643.19
1732964400,3655.41
1732968000,3682.83
1732971600,3669.61
1732975200,3657.56
1732978800,3675.80
1732982400,3677.13
1732986000,3678.68
1732989600,3672.98
1732993200,3691.33
1732996800,3714.19
1733000400,3722.00
1733004000,3710.81
1733007600,3706.10
1733011200,3690.62
1733014800,3711.57
1733018400,3666.61
1733022000,3707.79
1733025600,3704.01
1733029200,3685.41
1733032800,3701.73
1733036400,3704.30
1733040000,3710.13
1733043600,3702.19
1733047200,3684.38
1733050800,3694.46
1733054400,3685.20
1733058000,3703.67
1733061600,3708.61
1733065200,3731.30
1733068800,3728.39
1733072400,3725.45
1733076000,3714.01
1733079600,3710.03
1733083200,3692.34
1733086800,3708.58
1733090400,3723.56
1733094000,3710.35
1733097600,3704.18
1733101200,3735.41
1733104800,3743.38
1733108400,3687.82
1733112000,3693.04
1733115600,3679.72
1733119200,3682.39
1733122800,3669.02
1733126400,3603.50
1733130000,3623.17
1733133600,3578.60
1733137200,3589.28
1733140800,3595.72
1733144400,3627.23
1733148000,3642.98
1733151600,3674.59
1733155200,3627.50
1733158800,3567.21
1733162400,3624.20
1733166000,3612.81
1733169600,3616.40
1733173200,3616.28
1733176800,3616.42
1733180400,3644.66
1733184000,3637.77
1733187600,3619.63
1733191200,3645.08
1733194800,3640.81
1733198400,3644.97
1733202000,3655.77
1733205600,3635.40
1733209200,3617.24
1733212800,3615.32
1733216400,3611.81
1733220000,3595.02
1733223600,3614.00
1733227200,3605.34
1733230800,3544.73
1733234400,3580.44
1733238000,3573.21
1733241600,3553.25
1733245200,3579.59
1733248800,3579.21
1733252400,3578.01
1733256000,3608.43
1733259600,3614.36
1733263200,3634.78
1733266800,3617.21
1733270400,3694.33
1733274000,3688.44
1733277600,3651.21
1733281200,3664.39
1733284800,3672.13
1733288400,3684.60
1733292000,3696.96
1733295600,3717.96
1733299200,3705.42
1733302800,3728.53
1733306400,3724.04
1733310000,3731.26
1733313600,3719.91
1733317200,3708.83
1733320800,3781.46
1733324400,3825.75
1733328000,3758.94
1733331600,3813.67
1733335200,3828.10
1733338800,3847.21
1733342400,3888.04
1733346000,3844.87
1733349600,3848.67
1733353200,3844.00
1733356800,3802.80
1733360400,3805.87
1733364000,3859.32
1733367600,3836.02
1733371200,3859.00
1733374800,3849.90
1733378400,3852.64
1733382000,3853.48
1733385600,3911.34
1733389200,3924.39
1733392800,3919.08
1733396400,3934.41
1733400000,3928.90
1733403600,3920.98
1733407200,3931.12
1733410800,3892.14
1733414400,3904.21
1733418000,3921.04
1733421600,3872.19
1733425200,3832.49
1733428800,3828.59
1733432400,3859.61
1733436000,3811.26
1733439600,3789.01
1733443200,3864.99
1733446800,3871.41
1733450400,3879.85
1733454000,3908.99
1733457600,3905.63
1733461200,3891.79
1733464800,3910.01
1733468400,3896.58
1733472000,3882.01
1733475600,3873.06
1733479200,3867.72
1733482800,3870.09
1733486400,3840.41
1733490000,3892.50
1733493600,3987.70
1733497200,3997.53
1733500800,4009.37
1733504400,4021.59
1733508000,4057.60
1733511600,4075.58
1733515200,4052.04
1733518800,4030.38
1733522400,4030.35
1733526000,4005.61
1733529600,4019.04
1733533200,3987.62
1733536800,3997.51
1733540400,3993.21
1733544000,4001.58
1733547600,3995.61
1733551200,3984.34
1733554800,3991.03
1733558400,3984.66
1733562000,3991.00
1733565600,3986.19
1733569200,4002.67
1733572800,4003.65
1733576400,3998.45
1733580000,4001.85
1733583600,4008.28
1733587200,4001.22
1733590800,3995.92
1733594400,4016.18
1733598000,4015.99
1733601600,4020.60
1733605200,4009.39
1733608800,3998.20
1733612400,4000.44
1733616000,4007.29
1733619600,3996.60
1733623200,4001.00
1733626800,3992.49
1733630400,3982.69
1733634000,3974.03
1733637600,3982.11
1733641200,3983.60
1733644800,3942.79
1733648400,3938.65
1733652000,3965.54
1733655600,3974.32
1733659200,3988.48
1733662800,3999.80
1733666400,3981.93
1733670000,3993.20
1733673600,3985.95
1733677200,3987.56
1733680800,3970.21
1733684400,3991.02
1733688000,3978.79
1733691600,3993.70
1733695200,4013.39
1733698800,4007.20
1733702400,3974.42
1733706000,3947.82
1733709600,3944.01
1733713200,3931.95
1733716800,3942.71
1733720400,3945.81
1733724000,3917.98
1733727600,3919.61
1733731200,3866.90
1733734800,3874.01
1733738400,3884.13
1733742000,3850.46
1733745600,3862.45
1733749200,3895.81
1733752800,3931.62
1733756400,3822.45
1733760000,3844.98
1733763600,3826.26
1733767200,3836.19
1733770800,3790.96
1733774400,3741.66
1733778000,3700.00
1733781600,3715.55
1733785200,3713.60
1733788800,3768.81
1733792400,3759.62
1733796000,3689.25
1733799600,3684.42
1733803200,3710.34
1733806800,3704.79
1733810400,3740.58
1733814000,3735.58
1733817600,3744.81
1733821200,3752.80
1733824800,3765.19
1733828400,3752.40
1733832000,3677.79
1733835600,3695.34
1733839200,3673.79
1733842800,3568.57
1733846400,3614.96
1733850000,3528.61
1733853600,3580.92
1733857200,3631.79
1733860800,3648.77
1733864400,3640.33
1733868000,3636.21
1733871600,3630.82
1733875200,3613.05
1733878800,3569.65
1733882400,3653.78
1733886000,3667.13
1733889600,3669.41
1733893200,3661.01
1733896800,3675.82
1733900400,3654.00
1733904000,3697.79
1733907600,3701.39
1733911200,3708.82
1733914800,3718.48
1733918400,3724.04
1733922000,3745.42
1733925600,3772.79
1733929200,3790.78
1733932800,3800.98
1733936400,3765.40
1733940000,3793.96
1733943600,3808.34
1733947200,3835.98
1733950800,3832.03
1733954400,3838.78
1733958000,3834.96
1733961600,3820.22
1733965200,3807.04
1733968800,3883.37
1733972400,3937.41
1733976000,3910.99
1733979600,3927.25
1733983200,3938.73
1733986800,3907.07
1733990400,3912.87
1733994000,3924.19
1733997600,3926.59
1734001200,3913.61
1734004800,3957.50
1734008400,3943.65
1734012000,3983.01
1734015600,3960.20
1734019200,3936.65
1734022800,3964.34
1734026400,3922.22
1734030000,3871.58
1734033600,3888.00
1734037200,3866.62
1734040800,3883.99
1734044400,3882.57
1734048000,3889.98
1734051600,3885.59
1734055200,3907.59
1734058800,3933.69
1734062400,3917.42
1734066000,3910.37
1734069600,3887.90
1734073200,3886.67
1734076800,3899.03
1734080400,3889.87
1734084000,3904.88
1734087600,3901.97
1734091200,3930.99
1734094800,3924.81
1734098400,3951.24
1734102000,3887.03
1734105600,3911.97
1734109200,3940.12
1734112800,3913.40
1734116400,3918.54
1734120000,3918.42
1734123600,3903.60
1734127200,3897.48
1734130800,3907.62
1734134400,3906.66
1734138000,3925.24
1734141600,3913.26
1734145200,3911.53
1734148800,3915.99
1734152400,3920.90
1734156000,3930.79
1734159600,3921.07
1734163200,3925.60
1734166800,3912.11
1734170400,3898.15
1734174000,3894.62
1734177600,3869.02
1734181200,3863.53
1734184800,3884.65
1734188400,3888.96
1734192000,3893.52
1734195600,3859.71
1734199200,3833.44
1734202800,3859.05
1734206400,3832.75
1734210000,3847.92
1734213600,3862.18
1734217200,3869.69
1734220800,3863.47
1734224400,3889.64
1734228000,3883.44
1734231600,3873.28
1734235200,3896.30
1734238800,3891.63
1734242400,3877.35
1734246000,3844.85
1734249600,3861.71
1734253200,3862.22
1734256800,3859.68
1734260400,3876.66
1734264000,3883.35
1734267600,3882.52
1734271200,3905.16
1734274800,3893.41
1734278400,3909.97
1734282000,3908.85
1734285600,3896.88
1734289200,3902.55
1734292800,3890.62
1734296400,3855.62
1734300000,3888.92
1734303600,3958.17
1734307200,3998.57
1734310800,4009.40
1734314400,3971.81
1734318000,3941.31
1734321600,3954.25
1734325200,3965.45
1734328800,3957.86
1734332400,3972.63
1734336000,3950.48
1734339600,3941.68
1734343200,3949.20
1734346800,3908.21
1734350400,3893.04
1734354000,3897.66
1734357600,3929.82
1734361200,3940.60
1734364800,3962.81
1734368400,4034.74
1734372000,4088.14
1734375600,4058.21
1734379200,4045.37
1734382800,4048.25
1734386400,4032.39
1734390000,3987.32
1734393600,3960.39
1734397200,3988.48
1734400800,4010.00
1734404400,4035.33
1734408000,4005.22
1734411600,4023.61
1734415200,4009.22
1734418800,3994.98
1734422400,4010.40
1734426000,4026.00
1734429600,4011.14
1734433200,3996.86
1734436800,4001.22
1734440400,4007.31
1734444000,4020.98
1734447600,3938.92
1734451200,3953.51
1734454800,3975.39
1734458400,3931.23
1734462000,3944.18
1734465600,3936.21
1734469200,3932.06
1734472800,3883.38
1734476400,3893.36
1734480000,3884.21
1734483600,3845.27
1734487200,3871.22
1734490800,3849.75
1734494400,3840.65
1734498000,3835.98
1734501600,3827.93
1734505200,3847.55
1734508800,3841.57
1734512400,3869.16
1734516000,3873.34
1734519600,3882.41
1734523200,3860.44
1734526800,3854.67
1734530400,3836.74
1734534000,3867.19
1734537600,3871.01
1734541200,3879.06
1734544800,3898.33
1734548400,3767.90
1734552000,3692.80
1734555600,3690.36
1734559200,3678.78
1734562800,3624.83
1734566400,3652.84
1734570000,3606.59
1734573600,3645.24
1734577200,3665.99
1734580800,3651.99
1734584400,3669.00
1734588000,3677.88
1734591600,3692.28
1734595200,3667.87
1734598800,3677.84
1734602400,3706.00
1734606000,3703.83
1734609600,3677.46
1734613200,3675.78
1734616800,3637.25
1734620400,3611.23
1734624000,3617.13
1734627600,3474.91
1734631200,3515.59
1734634800,3435.61
1734638400,3376.97
1734642000,3416.17
1734645600,3457.00
1734649200,3414.38
1734652800,3408.22
1734656400,3375.31
1734660000,3451.01
1734663600,3411.20
1734667200,3391.33
1734670800,3354.60
1734674400,3356.60
1734678000,3387.28
1734681600,3286.99
1734685200,3261.99
1734688800,3182.67
1734692400,3099.77
1734696000,3232.16
1734699600,3293.44
1734703200,3325.59
1734706800,3372.31
1734710400,3381.95
1734714000,3436.86
1734717600,3428.68
1734721200,3478.74
1734724800,3438.59
1734728400,3438.33
1734732000,3469.82
1734735600,3469.64
1734739200,3455.97
1734742800,3471.34
1734746400,3473.66
1734750000,3465.46
1734753600,3480.61
1734757200,3530.58
1734760800,3529.33
1734764400,3521.61
1734768000,3482.99
1734771600,3481.68
1734775200,3465.01
1734778800,3440.69
1734782400,3402.30
1734786000,3389.97
1734789600,3373.32
1734793200,3389.41
1734796800,3369.21
1734800400,3380.71
1734804000,3361.79
1734807600,3358.45
1734811200,3356.14
1734814800,3316.41
1734818400,3328.79
1734822000,3337.17
1734825600,3361.39
1734829200,3354.28
1734832800,3334.38
1734836400,3354.35
1734840000,3309.62
1734843600,3327.70
1734847200,3339.84
1734850800,3330.39
1734854400,3354.62
1734858000,3381.25
1734861600,3377.02
1734865200,3379.32
1734868800,3372.72
1734872400,3369.39
1734876000,3275.39
1734879600,3300.06
1734883200,3331.38
1734886800,3313.11
1734890400,3308.60
1734894000,3244.59
1734897600,3286.42
1734901200,3281.03
1734904800,3285.20
1734908400,3278.50
1734912000,3252.73
1734915600,3258.24
1734919200,3279.16
1734922800,3347.47
1734926400,3322.62
1734930000,3316.23
1734933600,3274.69
1734937200,3301.78
1734940800,3313.69
1734944400,3333.70
1734948000,3346.37
1734951600,3336.00
1734955200,3345.00
1734958800,3313.62
1734962400,3308.94
1734966000,3273.39
1734969600,3370.95
1734973200,3332.66
1734976800,3300.40
1734980400,3333.39
1734984000,3398.73
1734987600,3418.53
1734991200,3455.54
1734994800,3418.21
1734998400,3414.63
1735002000,3379.24
1735005600,3369.21
1735009200,3392.59
1735012800,3408.71
1735016400,3419.22
1735020000,3388.61
1735023600,3396.10
1735027200,3408.38
1735030800,3395.21
1735034400,3388.19
1735038000,3409.32
1735041600,3400.42
1735045200,3449.21
1735048800,3453.15
1735052400,3489.91
1735056000,3478.42
1735059600,3499.69
1735063200,3491.69
1735066800,3464.13
1735070400,3447.81
1735074000,3486.70
1735077600,3490.04
1735081200,3491.11
1735084800,3479.77
1735088400,3471.01
1735092000,3482.70
1735095600,3475.79
1735099200,3486.05
1735102800,3489.48
1735106400,3484.39
1735110000,3486.46
1735113600,3486.61
1735117200,3491.70
1735120800,3512.00
1735124400,3469.19
1735128000,3475.40
1735131600,3479.76
1735135200,3487.22
1735138800,3470.01
1735142400,3451.09
1735146000,3467.64
1735149600,3467.47
1735153200,3477.40
1735156800,3470.88
1735160400,3464.26
1735164000,3472.78
1735167600,3494.21
1735171200,3479.79
1735174800,3473.41
1735178400,3458.30
1735182000,3453.02
1735185600,3438.27
1735189200,3439.00
1735192800,3436.93
1735196400,3419.09
1735200000,3363.79
1735203600,3369.00
1735207200,3365.65
1735210800,3369.34
1735214400,3354.79
1735218000,3350.81
1735221600,3335.74
1735225200,3340.88
1735228800,3353.21
1735232400,3325.02
1735236000,3334.34
1735239600,3337.25
1735243200,3326.59
1735246800,3333.11
1735250400,3337.01
1735254000,3330.80
1735257600,3343.05
1735261200,3359.49
1735264800,3360.74
1735268400,3374.66
1735272000,3374.00
1735275600,3379.92
1735279200,3393.99
1735282800,3321.25
1735286400,3354.43
1735290000,3418.70
1735293600,3398.23
1735297200,3415.19
1735300800,3409.55
1735304400,3384.40
1735308000,3354.41
1735311600,3321.20
1735315200,3311.24
1735318800,3345.58
1735322400,3357.37
1735326000,3350.36
1735329600,3334.80
1735333200,3314.49
1735336800,3316.01
1735340400,3328.99
1735344000,3339.21
1735347600,3329.66
1735351200,3322.65
1735354800,3340.61
1735358400,3339.47
1735362000,3343.40
1735365600,3336.02
1735369200,3329.61
1735372800,3339.41
1735376400,3346.30
1735380000,3334.41
1735383600,3354.11
1735387200,3348.01
1735390800,3360.20
1735394400,3367.45
1735398000,3362.11
1735401600,3381.66
1735405200,3388.82
1735408800,3384.97
1735412400,3394.75
1735416000,3394.00
1735419600,3397.73
1735423200,3404.23
1735426800,3397.68
1735430400,3387.39
1735434000,3372.54
1735437600,3382.27
1735441200,3376.75
1735444800,3382.66
1735448400,3381.47
1735452000,3391.11
1735455600,3401.44
1735459200,3390.62
1735462800,3399.88
1735466400,3398.80
1735470000,3392.55
1735473600,3386.59
1735477200,3393.71
1735480800,3364.74
1735484400,3367.98
1735488000,3350.69
1735491600,3355.39
1735495200,3355.67
1735498800,3355.66
1735502400,3352.25
1735506000,3344.13
1735509600,3333.75
1735513200,3350.00
1735516800,3379.07
1735520400,3413.80
1735524000,3409.65
1735527600,3396.58
1735531200,3384.04
1735534800,3400.53
1735538400,3423.64
1735542000,3420.30
1735545600,3415.89
1735549200,3415.53
1735552800,3405.80
1735556400,3417.60
1735560000,3403.53
1735563600,3330.34
1735567200,3307.39
1735570800,3317.39
1735574400,3333.55
1735578000,3385.80
1735581600,3393.12
1735585200,3397.84
1735588800,3395.01
1735592400,3314.40
1735596000,3353.36
1735599600,3355.61
1735603200,3322.66
1735606800,3334.64
1735610400,3338.58
1735614000,3334.83
1735617600,3328.09
1735621200,3340.23
1735624800,3348.45
1735628400,3348.58
1735632000,3374.42
1735635600,3383.59
1735639200,3389.64
1735642800,3389.10
1735646400,3387.86
1735650000,3423.54
1735653600,3422.30
1735657200,3408.38
1735660800,3402.60
1735664400,3358.42
1735668000,3357.22
1735671600,3349.56
1735675200,3340.42
1735678800,3345.95
1735682400,3333.51
1735686000,3330.81
1735689600,3357.20
1735693200,3339.77
1735696800,3355.12
1735700400,3347.87
1735704000,3333.82
1735707600,3337.99
1735711200,3338.52
1735714800,3339.97
1735718400,3330.47
1735722000,3328.03
1735725600,3320.36
1735729200,3334.23
1735732800,3340.66
1735736400,3336.71
1735740000,3338.96
1735743600,3345.61
1735747200,3331.62
1735750800,3336.65
1735754400,3340.57
1735758000,3349.50
1735761600,3353.42
1735765200,3361.73
1735768800,3354.77
1735772400,3353.21
1735776000,3383.22
1735779600,3377.60
1735783200,3391.79
1735786800,3382.82
1735790400,3411.54
1735794000,3406.15
1735797600,3405.43
1735801200,3415.53
1735804800,3432.81
1735808400,3464.04
1735812000,3464.41
1735815600,3467.28
1735819200,3476.72
1735822800,3462.50
1735826400,3492.40
1735830000,3460.18
1735833600,3466.92
1735837200,3447.37
1735840800,3461.98
1735844400,3459.99
1735848000,3449.81
1735851600,3450.96
1735855200,3437.32
1735858800,3452.38
1735862400,3446.09
1735866000,3460.90
1735869600,3454.87
1735873200,3466.62
1735876800,3455.18
1735880400,3453.04
1735884000,3439.63
1735887600,3430.22
1735891200,3427.11
1735894800,3440.90
1735898400,3443.63
1735902000,3463.31
1735905600,3461.60
1735909200,3479.40
1735912800,3524.66
1735916400,3562.00
1735920000,3581.45
1735923600,3573.18
1735927200,3603.22
1735930800,3620.95
1735934400,3599.82
1735938000,3612.79
1735941600,3614.95
1735945200,3607.73
1735948800,3601.61
1735952400,3595.22
1735956000,3595.00
1735959600,3596.13
1735963200,3590.10
1735966800,3595.45
1735970400,3599.01
1735974000,3593.21
1735977600,3584.00
1735981200,3588.46
1735984800,3586.91
1735988400,3601.29
1735992000,3634.44
1735995600,3643.69
1735999200,3636.45
1736002800,3607.80
1736006400,3621.34
1736010000,3633.24
1736013600,3626.42
1736017200,3630.67
1736020800,3660.20
1736024400,3657.73
1736028000,3659.80
1736031600,3656.14
1736035200,3649.44
1736038800,3636.22
1736042400,3641.18
1736046000,3636.37
1736049600,3643.45
1736053200,3631.28
1736056800,3638.14
1736060400,3630.92
1736064000,3619.57
1736067600,3607.86
1736071200,3614.22
1736074800,3612.49
1736078400,3613.44
1736082000,3613.77
1736085600,3621.75
1736089200,3628.74
1736092800,3627.05
1736096400,3627.35
1736100000,3629.69
1736103600,3636.94
1736107200,3635.28
1736110800,3645.05
1736114400,3644.93
1736118000,3635.48
1736121600,3621.21
1736125200,3647.61
1736128800,3657.72
1736132400,3663.84
1736136000,3671.42
1736139600,3679.92
1736143200,3665.76
1736146800,3649.03
1736150400,3639.56
1736154000,3643.59
1736157600,3636.56
1736161200,3653.50
1736164800,3641.59
1736168400,3649.72
1736172000,3685.30
1736175600,3714.60
1736179200,3711.05
1736182800,3674.61
1736186400,3683.22
1736190000,3688.57
1736193600,3685.64
1736197200,3668.87
1736200800,3679.93
1736204400,3688.96
1736208000,3677.03
1736211600,3695.80
1736215200,3678.68
1736218800,3683.01
1736222400,3674.28
1736226000,3669.71
1736229600,3673.02
1736233200,3667.89
1736236800,3674.19
1736240400,3661.18
1736244000,3657.74
1736247600,3639.65
1736251200,3633.60
1736254800,3635.94
1736258400,3568.92
1736262000,3461.20
1736265600,3456.91
1736269200,3441.20
1736272800,3420.08
1736276400,3384.30
1736280000,3394.00
1736283600,3362.18
1736287200,3396.37
1736290800,3380.53
1736294400,3410.93
1736298000,3390.70
1736301600,3382.07
1736305200,3359.97
1736308800,3347.61
1736312400,3350.99
1736316000,3308.41
1736319600,3353.55
1736323200,3365.31
1736326800,3346.60
1736330400,3361.41
1736334000,3348.16
1736337600,3338.46
1736341200,3357.64
1736344800,3368.64
1736348400,3346.04
1736352000,3312.55
1736355600,3262.60
1736359200,3282.51
1736362800,3280.20
1736366400,3285.00
1736370000,3297.95
1736373600,3332.06
1736377200,3326.41
1736380800,3341.58
1736384400,3345.61
1736388000,3340.31
1736391600,3323.61
1736395200,3338.95
1736398800,3327.00
1736402400,3314.49
1736406000,3287.79
1736409600,3308.15
1736413200,3315.75
1736416800,3309.80
1736420400,3299.42
1736424000,3294.51
1736427600,3219.21
1736431200,3249.62
1736434800,3319.60
1736438400,3301.99
1736442000,3250.57
1736445600,3259.60
1736449200,3194.83
1736452800,3195.19
1736456400,3207.18
1736460000,3224.01
1736463600,3218.92
1736467200,3222.89
1736470800,3236.81
1736474400,3240.90
1736478000,3253.66
1736481600,3254.08
1736485200,3263.60
1736488800,3277.49
1736492400,3295.90
1736496000,3296.16
1736499600,3302.36
1736503200,3319.21
1736506800,3311.18
1736510400,3310.58
1736514000,3244.10
1736517600,3256.42
1736521200,3244.57
1736524800,3246.61
1736528400,3314.51
1736532000,3287.01
1736535600,3296.00
1736539200,3260.40
1736542800,3265.10
1736546400,3273.10
1736550000,3266.72
1736553600,3265.18
1736557200,3244.32
1736560800,3247.80
1736564400,3236.50
1736568000,3238.71
1736571600,3245.50
1736575200,3237.41
1736578800,3235.19
1736582400,3224.00
1736586000,3243.00
1736589600,3254.88
1736593200,3273.11
1736596800,3271.09
1736600400,3266.30
1736604000,3276.92
1736607600,3269.80
1736611200,3273.62
1736614800,3269.80
1736618400,3276.40
1736622000,3276.62
1736625600,3298.09
1736629200,3305.83
1736632800,3287.10
1736636400,3281.93
1736640000,3281.99
1736643600,3287.47
1736647200,3288.20
1736650800,3285.09
1736654400,3281.90
1736658000,3278.01
1736661600,3268.80
1736665200,3265.29
1736668800,3238.50
1736672400,3237.70
1736676000,3243.21
1736679600,3251.21
1736683200,3249.62
1736686800,3265.46
1736690400,3267.52
1736694000,3283.73
1736697600,3280.10
1736701200,3286.72
1736704800,3283.61
1736708400,3278.32
1736712000,3280.20
1736715600,3265.24
1736719200,3238.79
1736722800,3265.40
1736726400,3307.61
1736730000,3260.00
1736733600,3255.40
1736737200,3243.09
1736740800,3237.05
1736744400,3223.70
1736748000,3189.31
1736751600,3199.60
1736755200,3167.41
1736758800,3153.61
1736762400,3115.68
1736766000,3053.61
1736769600,3042.70
1736773200,3057.39
1736776800,3033.38
1736780400,3048.10
1736784000,3008.21
1736787600,3019.40
1736791200,3006.12
1736794800,3023.41
1736798400,3090.59
1736802000,3113.21
1736805600,3130.76
1736809200,3136.79
1736812800,3132.81
1736816400,3138.51
1736820000,3156.21
1736823600,3157.61
1736827200,3171.92
1736830800,3160.32
1736834400,3182.22
1736838000,3169.52
1736841600,3182.47
1736845200,3243.26
1736848800,3234.19
1736852400,3216.30
1736856000,3182.09
1736859600,3207.45
1736863200,3190.82
1736866800,3198.57
1736870400,3189.54
1736874000,3210.99
1736877600,3223.35
1736881200,3212.82
1736884800,3221.39
1736888400,3214.61
1736892000,3234.31
1736895600,3224.20
1736899200,3220.80
1736902800,3229.20
1736906400,3211.87
1736910000,3239.20
1736913600,3225.41
1736917200,3228.62
1736920800,3228.94
1736924400,3232.18
1736928000,3231.52
1736931600,3198.41
1736935200,3208.29
1736938800,3198.22
1736942400,3201.12
1736946000,3298.60
1736949600,3329.56
1736953200,3334.66
1736956800,3339.48
1736960400,3326.21
1736964000,3372.91
1736967600,3435.60
1736971200,3434.41
1736974800,3432.53
1736978400,3430.90
1736982000,3451.80
1736985600,3398.70
1736989200,3403.78
1736992800,3384.70
1736996400,3362.90
1737000000,3374.21
1737003600,3367.90
1737007200,3380.30
1737010800,3383.86
1737014400,3316.31
1737018000,3335.40
1737021600,3333.40
1737025200,3350.81
1737028800,3356.59
1737032400,3327.71
1737036000,3276.39
1737039600,3331.80
1737043200,3340.60
1737046800,3343.59
1737050400,3325.18
1737054000,3344.12
1737057600,3337.20
1737061200,3319.68
1737064800,3297.21
1737068400,3308.08
1737072000,3313.40
1737075600,3385.60
1737079200,3372.30
1737082800,3360.27
1737086400,3370.31
1737090000,3366.18
1737093600,3367.24
1737097200,3373.11
1737100800,3406.51
1737104400,3403.32
1737108000,3427.08
1737111600,3423.11
1737115200,3407.17
1737118800,3401.49
1737122400,3429.29
1737126000,3422.58
1737129600,3439.39
1737133200,3415.67
1737136800,3413.51
1737140400,3435.54
1737144000,3516.20
1737147600,3475.47
1737151200,3471.53
1737154800,3474.97
1737158400,3489.38
1737162000,3468.06
1737165600,3451.98
1737169200,3383.78
1737172800,3364.39
1737176400,3293.85
1737180000,3312.32
1737183600,3286.09
1737187200,3291.96
1737190800,3269.32
1737194400,3264.78
1737198000,3310.10
1737201600,3288.32
1737205200,3321.95
1737208800,3296.11
1737212400,3305.49
1737216000,3251.66
1737219600,3255.79
1737223200,3262.71
1737226800,3287.12
1737230400,3263.20
1737234000,3271.46
1737237600,3277.81
1737241200,3304.17
1737244800,3313.58
1737248400,3349.89
1737252000,3350.26
1737255600,3331.40
1737259200,3279.51
1737262800,3295.60
1737266400,3279.39
1737270000,3270.51
1737273600,3217.29
1737277200,3222.00
1737280800,3168.98
1737284400,3144.46
1737288000,3200.20
1737291600,3271.50
1737295200,3376.11
1737298800,3379.15
1737302400,3406.29
1737306000,3438.60
1737309600,3428.12
1737313200,3414.80
1737316800,3374.18
1737320400,3228.80
1737324000,3263.19
1737327600,3209.99
1737331200,3166.60
1737334800,3196.53
1737338400,3240.72
1737342000,3268.89
1737345600,3266.90
1737349200,3287.69
1737352800,3409.82
1737356400,3377.50
1737360000,3387.87
1737363600,3359.78
1737367200,3350.73
1737370800,3370.80
1737374400,3300.28
1737378000,3339.27
1737381600,3355.40
1737385200,3332.40
1737388800,3375.61
1737392400,3289.19
1737396000,3328.00
1737399600,3339.30
1737403200,3316.85
1737406800,3281.10
1737410400,3314.49
1737414000,3280.01
1737417600,3221.60
1737421200,3246.40
1737424800,3253.32
1737428400,3258.68
1737432000,3243.03
1737435600,3220.89
1737439200,3237.80
1737442800,3250.62
1737446400,3250.76
1737450000,3273.17
1737453600,3299.22
1737457200,3301.61
1737460800,3303.89
1737464400,3306.21
1737468000,3285.90
1737471600,3292.18
1737475200,3312.22
1737478800,3350.50
1737482400,3345.66
1737486000,3332.14
1737489600,3313.81
1737493200,3332.56
1737496800,3334.48
1737500400,3327.80
1737504000,3361.59
1737507600,3329.28
1737511200,3343.91
1737514800,3331.22
1737518400,3331.59
1737522000,3318.22
1737525600,3309.20
1737529200,3287.99
1737532800,3299.10
1737536400,3298.31
1737540000,3307.62
1737543600,3325.99
1737547200,3316.58
1737550800,3283.21
1737554400,3293.10
1737558000,3278.70
1737561600,3277.71
1737565200,3285.05
1737568800,3248.97
1737572400,3261.20
1737576000,3256.20
1737579600,3258.25
1737583200,3238.29
1737586800,3241.41
1737590400,3251.78
1737594000,3233.77
1737597600,3220.81
1737601200,3224.54
1737604800,3195.31
1737608400,3213.20
1737612000,3206.48
1737615600,3231.50
1737619200,3208.30
1737622800,3195.60
1737626400,3202.78
1737630000,3211.64
1737633600,3202.05
1737637200,3232.59
1737640800,3275.26
1737644400,3259.29
1737648000,3255.91
1737651600,3265.79
1737655200,3242.32
1737658800,3206.27
1737662400,3247.81
1737666000,3248.83
1737669600,3323.01
1737673200,3338.40
1737676800,3285.97
1737680400,3297.01
1737684000,3285.28
1737687600,3301.98
1737691200,3333.40
1737694800,3409.39
1737698400,3385.86
1737702000,3380.92
1737705600,3401.83
1737709200,3401.67
1737712800,3414.09
1737716400,3399.69
1737720000,3404.27
1737723600,3394.91
1737727200,3399.95
1737730800,3384.43
1737734400,3381.14
1737738000,3399.59
1737741600,3383.03
1737745200,3369.48
1737748800,3329.99
1737752400,3330.20
1737756000,3326.00
1737759600,3309.91
1737763200,3274.47
1737766800,3294.22
1737770400,3294.79
1737774000,3319.28
1737777600,3299.84
1737781200,3296.91
1737784800,3291.74
1737788400,3291.04
1737792000,3290.47
1737795600,3283.23
1737799200,3294.70
1737802800,3306.61
1737806400,3305.39
1737810000,3307.35
1737813600,3314.87
1737817200,3334.47
1737820800,3342.08
1737824400,3344.04
1737828000,3342.01
1737831600,3340.09
1737835200,3336.28
1737838800,3339.18
1737842400,3333.81
1737846000,3318.79
1737849600,3320.62
1737853200,3330.80
1737856800,3327.69
1737860400,3338.14
1737864000,3351.20
1737867600,3341.81
1737871200,3341.11
1737874800,3338.07
1737878400,3331.59
1737882000,3298.02
1737885600,3305.48
1737889200,3312.34
1737892800,3307.51
1737896400,3307.02
1737900000,3310.55
1737903600,3315.59
1737907200,3315.21
1737910800,3337.10
1737914400,3336.84
1737918000,3338.27
1737921600,3329.11
1737925200,3296.30
1737928800,3287.60
1737932400,3231.68
1737936000,3212.63
1737939600,3193.91
1737943200,3168.92
1737946800,3181.68
1737950400,3155.08
1737954000,3139.11
1737957600,3082.24
1737961200,3069.41
1737964800,3064.47
1737968400,3079.85
1737972000,3037.05
1737975600,3057.63
1737979200,3102.39
1737982800,3099.68
1737986400,3137.77
1737990000,3133.20
1737993600,3082.89
1737997200,3071.81
1738000800,3053.31
1738004400,3074.41
1738008000,3144.80
1738011600,3158.03
1738015200,3170.19
1738018800,3181.91
1738022400,3167.00
1738026000,3167.17
1738029600,3192.42
1738033200,3202.52
1738036800,3212.64
1738040400,3212.79
1738044000,3194.70
1738047600,3196.50
1738051200,3198.59
1738054800,3196.72
1738058400,3195.52
1738062000,3186.45
1738065600,3174.51
1738069200,3175.11
1738072800,3171.41
1738076400,3181.39
1738080000,3150.90
1738083600,3167.03
1738087200,3143.60
1738090800,3146.29
1738094400,3093.78
1738098000,3051.93
1738101600,3081.91
1738105200,3076.03
1738108800,3108.49
1738112400,3109.31
1738116000,3112.64
1738119600,3129.71
1738123200,3123.40
1738126800,3129.98
1738130400,3146.43
1738134000,3155.86
1738137600,3146.38
1738141200,3129.11
1738144800,3136.23
1738148400,3133.90
1738152000,3117.51
1738155600,3101.30
1738159200,3095.11
1738162800,3100.48
1738166400,3084.61
1738170000,3111.09
1738173600,3127.31
1738177200,3124.51
1738180800,3136.31
1738184400,3140.79
1738188000,3132.61
1738191600,3114.00
1738195200,3124.20
1738198800,3138.28
1738202400,3155.25
1738206000,3201.22
1738209600,3196.60
1738213200,3195.09
1738216800,3185.80
1738220400,3190.51
1738224000,3205.09
1738227600,3221.30
1738231200,3219.10
1738234800,3222.50
1738238400,3219.52
1738242000,3262.71
1738245600,3269.75
1738249200,3255.47
1738252800,3279.20
1738256400,3272.72
1738260000,3270.54
1738263600,3271.34
1738267200,3232.33
1738270800,3244.61
1738274400,3261.40
1738278000,3247.62
1738281600,3270.60
1738285200,3270.89
1738288800,3248.19
1738292400,3230.40
1738296000,3216.39
1738299600,3245.30
1738303200,3262.69
1738306800,3241.73
1738310400,3236.59
1738314000,3266.38
1738317600,3269.91
1738321200,3335.10
1738324800,3350.80
1738328400,3354.91
1738332000,3350.91
1738335600,3428.69
1738339200,3403.51
1738342800,3376.27
1738346400,3313.90
1738350000,3337.67
1738353600,3314.29
1738357200,3317.76
1738360800,3296.20
1738364400,3300.04
1738368000,3316.32
1738371600,3311.47
1738375200,3305.40
1738378800,3291.51
1738382400,3293.71
1738386000,3299.60
1738389600,3295.29
1738393200,3279.89
1738396800,3267.31
1738400400,3235.68
1738404000,3233.80
1738407600,3250.72
1738411200,3266.61
1738414800,3245.21
1738418400,3238.58
1738422000,3250.80
1738425600,3242.19
1738429200,3261.20
1738432800,3241.66
1738436400,3196.31
1738440000,3162.20
1738443600,3149.30
1738447200,3137.30
1738450800,3116.56
1738454400,3150.36
1738458000,3151.84
1738461600,3115.40
1738465200,3076.90
1738468800,3095.50
1738472400,3119.01
1738476000,3114.57
1738479600,3100.60
1738483200,3109.49
1738486800,3110.31
1738490400,3103.51
1738494000,3063.41
1738497600,3050.89
1738501200,3086.33
1738504800,3086.40
1738508400,3080.19
1738512000,3014.60
1738515600,2970.48
1738519200,2926.70
1738522800,2957.83
1738526400,2949.42
1738530000,2907.50
1738533600,2874.70
1738537200,2869.29
1738540800,2822.29
1738544400,2493.94
1738548000,2487.50
1738551600,2528.49
1738555200,2453.61
1738558800,2516.10
1738562400,2527.49
1738566000,2624.59
1738569600,2574.59
1738573200,2573.40
1738576800,2612.60
1738580400,2582.60
1738584000,2582.90
1738587600,2578.79
1738591200,2622.90
1738594800,2704.47
1738598400,2710.90
1738602000,2711.80
1738605600,2737.89
1738609200,2769.29
1738612800,2707.59
1738616400,2819.95
1738620000,2873.19
1738623600,2883.19
1738627200,2843.70
1738630800,2855.90
1738634400,2804.31
1738638000,2813.21
1738641600,2803.50
1738645200,2693.49
1738648800,2730.07
1738652400,2705.60
1738656000,2700.79
1738659600,2697.11
1738663200,2752.40
1738666800,2760.39
1738670400,2807.39
1738674000,2798.40
1738677600,2820.90
1738681200,2779.73
1738684800,2792.00
1738688400,2816.61
1738692000,2831.29
1738695600,2772.45
1738699200,2734.31
1738702800,2640.09
1738706400,2685.24
1738710000,2731.99
1738713600,2730.44
1738717200,2722.69
1738720800,2740.60
1738724400,2721.27
1738728000,2730.10
1738731600,2785.89
1738735200,2745.40
1738738800,2760.91
1738742400,2774.88
1738746000,2760.03
1738749600,2780.40
1738753200,2801.48
1738756800,2788.61
1738760400,2819.30
1738764000,2788.20
1738767600,2774.09
1738771200,2771.96
1738774800,2741.62
1738778400,2723.40
1738782000,2776.09
1738785600,2763.40
1738789200,2787.58
1738792800,2760.09
1738796400,2788.39
1738800000,2767.99
1738803600,2790.27
1738807200,2808.99
1738810800,2806.99
1738814400,2820.99
1738818000,2832.79
1738821600,2854.20
1738825200,2832.80
1738828800,2830.20
1738832400,2852.81
1738836000,2830.34
1738839600,2805.30
1738843200,2771.44
1738846800,2792.54
1738850400,2749.39
1738854000,2706.19
1738857600,2708.82
1738861200,2700.49
1738864800,2694.91
1738868400,2690.11
1738872000,2723.21
1738875600,2709.49
1738879200,2700.68
1738882800,2686.78
1738886400,2688.21
1738890000,2717.64
1738893600,2725.07
1738897200,2716.00
1738900800,2721.50
1738904400,2714.54
1738908000,2697.02
1738911600,2713.51
1738915200,2730.42
1738918800,2739.89
1738922400,2743.73
1738926000,2763.41
1738929600,2758.24
1738933200,2777.01
1738936800,2784.50
1738940400,2723.10
1738944000,2694.90
1738947600,2680.88
1738951200,2679.60
1738954800,2659.80
1738958400,2588.22
1738962000,2587.69
1738965600,2584.19
1738969200,2622.87
1738972800,2647.79
1738976400,2631.21
1738980000,2641.23
1738983600,2642.21
1738987200,2634.40
1738990800,2620.20
1738994400,2616.00
1738998000,2629.41
1739001600,2606.31
1739005200,2618.94
1739008800,2617.71
1739012400,2613.60
1739016000,2604.30
1739019600,2621.03
1739023200,2615.90
1739026800,2605.19
1739030400,2609.28
1739034000,2629.49
1739037600,2631.96
1739041200,2637.99
1739044800,2636.21
1739048400,2638.99
1739052000,2627.11
1739055600,2633.01
1739059200,2637.87
1739062800,2650.00
1739066400,2640.78
1739070000,2679.20
1739073600,2673.29
1739077200,2661.89
1739080800,2663.74
1739084400,2662.84
1739088000,2666.93
1739091600,2659.01
1739095200,2661.55
1739098800,2655.60
1739102400,2655.40
1739106000,2618.61
1739109600,2628.22
1739113200,2653.79
1739116800,2660.21
1739120400,2642.70
1739124000,2637.30
1739127600,2624.31
1739131200,2637.59
1739134800,2552.99
1739138400,2616.70
1739142000,2627.81
1739145600,2643.22
1739149200,2574.85
1739152800,2590.31
1739156400,2626.33
1739160000,2628.98
1739163600,2638.62
1739167200,2636.60
1739170800,2637.48
1739174400,2645.40
1739178000,2650.89
1739181600,2648.09
1739185200,2653.70
1739188800,2640.30
1739192400,2678.19
1739196000,2651.29
1739199600,2659.21
1739203200,2665.60
1739206800,2679.99
1739210400,2683.90
1739214000,2673.04
1739217600,2684.70
1739221200,2664.60
1739224800,2659.10
1739228400,2661.91
1739232000,2706.08
1739235600,2695.33
1739239200,2682.10
1739242800,2679.43
1739246400,2693.79
1739250000,2717.21
1739253600,2723.12
1739257200,2712.79
1739260800,2715.58
1739264400,2705.09
1739268000,2697.22
1739271600,2709.12
1739275200,2686.89
1739278800,2634.85
1739282400,2664.11
1739286000,2662.21
1739289600,2645.51
1739293200,2640.79
1739296800,2610.20
1739300400,2590.09
1739304000,2598.33
1739307600,2621.98
1739311200,2585.50
1739314800,2602.58
1739318400,2610.21
1739322000,2616.13
1739325600,2596.22
1739329200,2586.65
1739332800,2589.69
1739336400,2608.90
1739340000,2601.68
1739343600,2618.02
1739347200,2629.80
1739350800,2629.38
1739354400,2618.90
1739358000,2627.20
1739361600,2628.81
1739365200,2595.81
1739368800,2599.50
1739372400,2606.90
1739376000,2648.47
1739379600,2673.27
1739383200,2663.75
1739386800,2678.36
1739390400,2677.80
1739394000,2682.56
1739397600,2746.10
1739401200,2738.05
1739404800,2728.25
1739408400,2749.19
1739412000,2739.64
1739415600,2744.40
1739419200,2721.92
1739422800,2720.79
1739426400,2686.21
1739430000,2681.84
1739433600,2667.01
1739437200,2683.71
1739440800,2677.48
1739444400,2656.52
1739448000,2656.10
1739451600,2659.36
1739455200,2636.99
1739458800,2648.69
1739462400,2627.05
1739466000,2631.72
1739469600,2640.07
1739473200,2641.23
1739476800,2653.89
1739480400,2667.61
1739484000,2668.71
1739487600,2676.08
1739491200,2675.01
1739494800,2683.47
1739498400,2691.01
1739502000,2715.39
1739505600,2699.92
1739509200,2699.10
1739512800,2700.41
1739516400,2699.81
1739520000,2706.31
1739523600,2714.06
1739527200,2703.59
1739530800,2685.54
1739534400,2686.50
1739538000,2701.90
1739541600,2721.32
1739545200,2734.70
1739548800,2743.33
1739552400,2775.09
1739556000,2756.69
1739559600,2739.34
1739563200,2728.90
1739566800,2745.42
1739570400,2718.80
1739574000,2726.18
1739577600,2717.10
1739581200,2728.88
1739584800,2731.86
1739588400,2724.80
1739592000,2720.92
1739595600,2722.09
1739599200,2709.86
1739602800,2698.50
1739606400,2705.30
1739610000,2703.43
1739613600,2710.70
1739617200,2708.68
1739620800,2710.77
1739624400,2707.58
1739628000,2689.31
1739631600,2691.03
1739635200,2689.51
1739638800,2686.11
1739642400,2703.19
1739646000,2692.29
1739649600,2686.79
1739653200,2701.39
1739656800,2695.49
1739660400,2693.74
1739664000,2700.42
1739667600,2701.09
1739671200,2691.49
1739674800,2699.09
1739678400,2703.58
1739682000,2709.70
1739685600,2711.24
1739689200,2695.44
1739692800,2697.20
1739696400,2705.41
1739700000,2696.15
1739703600,2711.39
1739707200,2706.00
1739710800,2692.90
1739714400,2692.45
1739718000,2694.89
1739721600,2697.60
1739725200,2688.91
1739728800,2680.00
1739732400,2683.97
1739736000,2671.33
1739739600,2687.32
1739743200,2679.60
1739746800,2661.80
1739750400,2671.24
1739754000,2680.22
1739757600,2669.94
1739761200,2672.68
1739764800,2662.50
1739768400,2670.46
1739772000,2686.28
1739775600,2681.81
1739779200,2714.11
1739782800,2733.24
1739786400,2750.30
1739790000,2755.31
1739793600,2766.31
1739797200,2776.79
1739800800,2826.64
1739804400,2756.01
1739808000,2726.50
1739811600,2733.38
1739815200,2701.10
1739818800,2718.11
1739822400,2733.10
1739826000,2776.59
1739829600,2738.51
1739833200,2743.71
1739836800,2720.70
1739840400,2736.01
1739844000,2713.70
1739847600,2712.64
1739851200,2701.36
1739854800,2678.29
1739858400,2663.39
1739862000,2672.21
1739865600,2667.34
1739869200,2697.06
1739872800,2695.29
1739876400,2679.15
1739880000,2703.11
1739883600,2702.71
1739887200,2688.21
1739890800,2673.19
1739894400,2634.75
1739898000,2618.98
1739901600,2631.11
1739905200,2628.89
1739908800,2629.60
1739912400,2651.71
1739916000,2654.71
1739919600,2670.11
1739923200,2669.04
1739926800,2668.95
1739930400,2690.68
1739934000,2693.01
1739937600,2665.41
1739941200,2686.59
1739944800,2697.90
1739948400,2708.04
1739952000,2707.29
1739955600,2723.63
1739959200,2725.80
1739962800,2726.62
1739966400,2704.11
1739970000,2717.49
1739973600,2690.40
1739977200,2696.90
1739980800,2711.59
1739984400,2710.88
1739988000,2699.80
1739991600,2711.81
1739995200,2720.93
1739998800,2710.11
1740002400,2721.78
1740006000,2715.90
1740009600,2728.95
1740013200,2718.99
1740016800,2741.64
1740020400,2742.24
1740024000,2739.40
1740027600,2732.50
1740031200,2730.42
1740034800,2730.41
1740038400,2733.67
1740042000,2726.04
1740045600,2745.90
1740049200,2741.47
1740052800,2742.66
1740056400,2746.32
1740060000,2729.73
1740063600,2713.24
1740067200,2713.97
1740070800,2735.95
1740074400,2739.21
1740078000,2749.01
1740081600,2751.35
1740085200,2727.31
1740088800,2729.54
1740092400,2739.04
1740096000,2736.41
1740099600,2742.49
1740103200,2737.61
1740106800,2744.80
1740110400,2752.16
1740114000,2756.97
1740117600,2761.80
1740121200,2756.85
1740124800,2751.90
1740128400,2782.82
1740132000,2801.89
1740135600,2789.88
1740139200,2807.49
1740142800,2837.31
1740146400,2807.82
1740150000,2724.17
1740153600,2737.58
1740157200,2673.50
1740160800,2679.22
1740164400,2640.28
1740168000,2631.88
1740171600,2640.84
1740175200,2642.54
1740178800,2661.69
1740182400,2678.45
1740186000,2683.43
1740189600,2682.62
1740193200,2675.48
1740196800,2681.15
1740200400,2690.70
1740204000,2684.69
1740207600,2684.35
1740211200,2690.60
1740214800,2714.41
1740218400,2732.30
1740222000,2732.89
1740225600,2738.81
1740229200,2722.31
1740232800,2737.20
1740236400,2775.89
1740240000,2774.73
1740243600,2785.11
1740247200,2762.69
1740250800,2770.10
1740254400,2770.64
1740258000,2766.10
1740261600,2768.10
1740265200,2763.80
1740268800,2772.00
1740272400,2765.00
1740276000,2751.20
1740279600,2753.23
1740283200,2763.77
1740286800,2782.59
1740290400,2794.94
1740294000,2826.00
1740297600,2806.87
1740301200,2808.39
1740304800,2806.63
1740308400,2797.74
1740312000,2790.03
1740315600,2812.81
1740319200,2791.50
1740322800,2783.22
1740326400,2806.43
1740330000,2814.66
1740333600,2809.22
1740337200,2808.25
1740340800,2806.63
1740344400,2807.95
1740348000,2803.62
1740351600,2820.09
1740355200,2805.72
1740358800,2791.31
1740362400,2777.69
1740366000,2717.91
1740369600,2700.75
1740373200,2732.10
1740376800,2731.39
1740380400,2722.45
1740384000,2682.49
1740387600,2697.55
1740391200,2684.58
1740394800,2690.00
1740398400,2679.70
1740402000,2674.20
1740405600,2656.71
1740409200,2658.50
1740412800,2661.13
1740416400,2664.58
1740420000,2650.73
1740423600,2641.40
1740427200,2641.98
1740430800,2636.08
1740434400,2508.96
1740438000,2513.09
1740441600,2499.09
1740445200,2494.60
1740448800,2513.11
1740452400,2494.95
1740456000,2491.52
1740459600,2505.62
1740463200,2480.41
1740466800,2368.03
1740470400,2397.01
1740474000,2382.20
1740477600,2394.40
1740481200,2432.69
1740484800,2436.53
1740488400,2411.86
1740492000,2376.80
1740495600,2406.70
1740499200,2414.64
1740502800,2418.30
1740506400,2421.49
1740510000,2468.89
1740513600,2491.08
1740517200,2511.15
1740520800,2508.50
1740524400,2492.04
1740528000,2472.35
1740531600,2483.13
1740535200,2495.50
1740538800,2488.01
1740542400,2486.69
1740546000,2473.01
1740549600,2498.59
1740553200,2481.89
1740556800,2462.61
1740560400,2488.80
1740564000,2492.26
1740567600,2462.91
1740571200,2431.25
1740574800,2414.51
1740578400,2433.39
1740582000,2425.89
1740585600,2395.77
1740589200,2364.72
1740592800,2290.80
1740596400,2293.66
1740600000,2336.80
1740603600,2341.28
1740607200,2345.90
1740610800,2332.41
1740614400,2334.54
1740618000,2341.50
1740621600,2331.78
1740625200,2329.40
1740628800,2308.80
1740632400,2339.02
1740636000,2346.61
1740639600,2354.40
1740643200,2350.40
1740646800,2357.34
1740650400,2376.02
1740654000,2352.03
1740657600,2345.13
1740661200,2334.91
1740664800,2306.71
1740668400,2322.17
1740672000,2294.29
1740675600,2319.90
1740679200,2324.01
1740682800,2289.80
1740686400,2253.60
1740690000,2279.26
1740693600,2290.05
1740697200,2305.61
1740700800,2293.19
1740704400,2192.21
1740708000,2166.40
1740711600,2144.88
1740715200,2134.83
1740718800,2128.92
1740722400,2106.68
1740726000,2103.69
1740729600,2118.09
1740733200,2142.66
1740736800,2115.64
1740740400,2124.63
1740744000,2119.03
1740747600,2150.60
1740751200,2165.52
1740754800,2222.60
1740758400,2222.71
1740762000,2209.36
1740765600,2227.92
1740769200,2229.81
1740772800,2215.31
1740776400,2224.30
1740780000,2215.50
1740783600,2236.79
1740787200,2215.31
1740790800,2251.92
1740794400,2255.20
1740798000,2262.41
1740801600,2269.89
1740805200,2255.58
1740808800,2235.80
1740812400,2228.28
1740816000,2234.20
1740819600,2232.82
1740823200,2204.01
1740826800,2183.47
1740830400,2180.79
1740834000,2151.50
1740837600,2162.50
1740841200,2172.70
1740844800,2208.76
1740848400,2196.10
1740852000,2211.00
1740855600,2222.50
1740859200,2223.79
1740862800,2228.61
1740866400,2214.33
1740870000,2216.80
1740873600,2214.50
1740877200,2219.70
1740880800,2208.90
1740884400,2219.19
1740888000,2225.94
1740891600,2228.49
1740895200,2221.97
1740898800,2220.54
1740902400,2212.01
1740906000,2241.47
1740909600,2245.34
1740913200,2238.02
1740916800,2232.29
1740920400,2211.66
1740924000,2195.70
1740927600,2229.53
1740931200,2442.89
1740934800,2481.43
1740938400,2474.58
1740942000,2486.30
1740945600,2511.19
1740949200,2525.01
1740952800,2538.51
1740956400,2518.74
1740960000,2465.41
1740963600,2458.70
1740967200,2446.84
1740970800,2440.68
1740974400,2450.08
1740978000,2449.57
1740981600,2371.95
1740985200,2386.38
1740988800,2344.90
1740992400,2346.69
1740996000,2358.71
1740999600,2355.80
1741003200,2367.09
1741006800,2376.48
1741010400,2273.70
1741014000,2286.37
1741017600,2276.11
1741021200,2276.12
1741024800,2192.20
1741028400,2108.50
1741032000,2127.29
1741035600,2110.98
1741039200,2164.88
1741042800,2147.78
1741046400,2124.21
1741050000,2054.89
1741053600,2066.11
1741057200,2073.72
1741060800,2080.61
1741064400,2106.04
1741068000,2096.40
1741071600,2079.33
1741075200,2097.83
1741078800,2086.96
1741082400,2099.40
1741086000,2100.41
1741089600,2102.59
1741093200,2063.00
1741096800,2077.70
1741100400,2073.08
1741104000,2061.30
1741107600,2118.01
1741111200,2147.59
1741114800,2172.50
1741118400,2138.77
1741122000,2177.17
1741125600,2166.40
1741129200,2171.12
1741132800,2164.60
1741136400,2189.14
1741140000,2178.80
1741143600,2160.40
1741147200,2172.60
1741150800,2179.50
1741154400,2189.89
1741158000,2206.50
1741161600,2213.31
1741165200,2239.01
1741168800,2238.10
1741172400,2217.50
1741176000,2218.11
1741179600,2202.47
1741183200,2171.49
1741186800,2186.79
1741190400,2190.41
1741194000,2194.00
1741197600,2205.41
1741201200,2218.39
1741204800,2231.05
1741208400,2235.40
1741212000,2237.20
1741215600,2241.48
1741219200,2238.09
1741222800,2263.79
1741226400,2284.78
1741230000,2289.70
1741233600,2299.60
1741237200,2314.38
1741240800,2292.18
1741244400,2285.90
1741248000,2293.52
1741251600,2284.21
1741255200,2294.02
1741258800,2297.39
1741262400,2267.72
1741266000,2246.52
1741269600,2225.20
1741273200,2257.70
1741276800,2222.35
1741280400,2191.00
1741284000,2201.66
1741287600,2198.24
1741291200,2200.79
1741294800,2213.83
1741298400,2211.66
1741302000,2202.36
1741305600,2117.72
1741309200,2175.61
1741312800,2156.04
1741316400,2147.81
1741320000,2155.40
1741323600,2174.80
1741327200,2182.60
1741330800,2192.60
1741334400,2185.66
1741338000,2194.04
1741341600,2197.28
1741345200,2197.69
1741348800,2178.99
1741352400,2189.09
1741356000,2222.10
1741359600,2210.20
1741363200,2158.40
1741366800,2161.81
1741370400,2194.89
1741374000,2178.01
1741377600,2156.98
1741381200,2139.07
1741384800,2144.09
1741388400,2141.07
1741392000,2151.12
1741395600,2132.66
1741399200,2143.02
1741402800,2137.19
1741406400,2149.51
1741410000,2139.75
1741413600,2139.43
1741417200,2137.79
1741420800,2128.11
1741424400,2129.60
1741428000,2139.31
1741431600,2141.16
1741435200,2168.10
1741438800,2190.00
1741442400,2178.60
1741446000,2180.61
1741449600,2189.49
1741453200,2198.30
1741456800,2208.10
1741460400,2224.22
1741464000,2212.29
1741467600,2215.92
1741471200,2207.11
1741474800,2203.20
1741478400,2205.90
1741482000,2191.20
1741485600,2181.62
1741489200,2185.60
1741492800,2189.20
1741496400,2182.68
1741500000,2179.57
1741503600,2184.63
1741507200,2175.89
1741510800,2165.59
1741514400,2133.69
1741518000,2146.42
1741521600,2141.70
1741525200,2104.77
1741528800,2117.08
1741532400,2097.00
1741536000,2049.18
1741539600,2024.10
1741543200,2021.02
1741546800,2040.39
1741550400,2047.02
1741554000,2024.50
1741557600,2010.01
1741561200,2020.12
1741564800,2036.13
1741568400,2042.91
1741572000,2057.82
1741575600,2057.71
1741579200,2072.56
1741582800,2064.42
1741586400,2067.19
1741590000,2075.36
1741593600,2062.30
1741597200,2102.20
1741600800,2100.01
1741604400,2128.40
1741608000,2126.00
1741611600,2083.64
1741615200,2018.60
1741618800,2017.34
1741622400,2004.66
1741626000,1916.80
1741629600,1824.33
1741633200,1868.04
1741636800,1868.00
1741640400,1886.34
1741644000,1879.37
1741647600,1864.62
1741651200,1813.20
1741654800,1857.40
1741658400,1859.00
1741662000,1849.19
1741665600,1868.48
1741669200,1893.20
1741672800,1884.27
1741676400,1903.89
1741680000,1907.09
1741683600,1916.94
1741687200,1921.41
1741690800,1914.06
1741694400,1894.69
1741698000,1903.24
1741701600,1866.34
1741705200,1914.14
1741708800,1917.88
1741712400,1904.59
1741716000,1952.76
1741719600,1951.33
1741723200,1936.36
1741726800,1939.83
1741730400,1943.34
1741734000,1922.99
1741737600,1911.59
1741741200,1920.48
1741744800,1895.51
1741748400,1868.49
1741752000,1866.43
1741755600,1878.18
1741759200,1872.68
1741762800,1910.65
1741766400,1928.02
1741770000,1893.88
1741773600,1900.17
1741777200,1916.67
1741780800,1929.29
1741784400,1887.40
1741788000,1860.32
1741791600,1869.40
1741795200,1871.70
1741798800,1867.86
1741802400,1878.40
1741806000,1878.11
1741809600,1891.36
1741813200,1894.31
1741816800,1910.27
1741820400,1907.80
1741824000,1899.56
1741827600,1906.45
1741831200,1889.54
1741834800,1886.53
1741838400,1873.75
1741842000,1867.94
1741845600,1869.65
1741849200,1871.91
1741852800,1875.31
1741856400,1890.72
1741860000,1900.09
1741863600,1900.02
1741867200,1896.96
1741870800,1871.18
1741874400,1884.11
1741878000,1875.13
1741881600,1857.61
1741885200,1826.58
1741888800,1851.50
1741892400,1850.85
1741896000,1842.01
1741899600,1861.33
1741903200,1878.33
1741906800,1863.90
1741910400,1873.64
1741914000,1880.64
1741917600,1892.59
1741921200,1889.02
1741924800,1890.69
1741928400,1895.40
1741932000,1894.85
1741935600,1893.26
1741939200,1895.12
1741942800,1894.46
1741946400,1898.32
1741950000,1902.24
1741953600,1902.59
1741957200,1904.83
1741960800,1919.51
1741964400,1922.22
1741968000,1936.56
1741971600,1935.10
1741975200,1935.43
1741978800,1934.60
1741982400,1925.40
1741986000,1922.70
1741989600,1927.24
1741993200,1911.54
1741996800,1915.80
1742000400,1911.92
1742004000,1914.44
1742007600,1920.74
1742011200,1931.83
1742014800,1928.69
1742018400,1929.14
1742022000,1918.10
1742025600,1921.96
1742029200,1926.05
1742032800,1927.68
1742036400,1929.30
1742040000,1923.30
1742043600,1931.02
1742047200,1926.58
1742050800,1937.83
1742054400,1937.80
1742058000,1940.60
1742061600,1932.93
1742065200,1937.13
1742068800,1944.13
1742072400,1950.99
1742076000,1944.12
1742079600,1937.39
1742083200,1932.10
1742086800,1922.79
1742090400,1922.33
1742094000,1927.98
1742097600,1927.18
1742101200,1932.29
1742104800,1928.24
1742108400,1926.39
1742112000,1922.96
1742115600,1908.00
1742119200,1905.53
1742122800,1874.00
1742126400,1881.13
1742130000,1879.62
1742133600,1896.75
1742137200,1895.21
1742140800,1906.34
1742144400,1910.21
1742148000,1896.11
1742151600,1882.80
1742155200,1894.97
1742158800,1889.46
1742162400,1874.68
1742166000,1887.00
1742169600,1901.84
1742173200,1903.04
1742176800,1907.61
1742180400,1908.78
1742184000,1904.79
1742187600,1893.92
1742191200,1893.56
1742194800,1900.84
1742198400,1903.61
1742202000,1912.57
1742205600,1912.72
1742209200,1910.64
1742212800,1908.30
1742216400,1898.61
1742220000,1899.70
1742223600,1919.26
1742227200,1914.42
1742230800,1930.40
1742234400,1948.50
1742238000,1942.04
1742241600,1935.30
1742245200,1941.38
1742248800,1932.34
1742252400,1926.45
1742256000,1922.43
1742259600,1903.39
1742263200,1911.41
1742266800,1901.00
1742270400,1904.19
1742274000,1907.70
1742277600,1898.40
1742281200,1904.85
1742284800,1908.61
1742288400,1901.64
1742292000,1895.66
1742295600,1892.50
1742299200,1896.05
1742302800,1879.58
1742306400,1894.68
1742310000,1880.81
1742313600,1887.68
1742317200,1876.44
1742320800,1890.02
1742324400,1904.25
1742328000,1906.35
1742331600,1911.24
1742335200,1917.60
1742338800,1931.43
1742342400,1945.26
1742346000,1931.38
1742349600,1933.58
1742353200,1938.22
1742356800,1933.11
1742360400,1939.01
1742364000,1939.30
1742367600,1932.26
1742371200,1940.50
1742374800,1943.96
1742378400,1973.69
1742382000,2027.89
1742385600,2004.26
1742389200,2016.70
1742392800,2031.10
1742396400,2049.38
1742400000,2048.46
1742403600,2027.93
1742407200,2046.33
1742410800,2031.57
1742414400,2034.43
1742418000,2041.00
1742421600,2049.79
1742425200,2056.80
1742428800,2033.46
1742432400,2027.52
1742436000,2033.66
1742439600,2023.10
1742443200,2021.64
1742446800,2017.26
1742450400,2013.25
1742454000,2007.90
1742457600,2019.50
1742461200,2005.98
1742464800,1981.88
1742468400,1988.57
1742472000,1995.75
1742475600,1985.16
1742479200,2002.99
1742482800,1971.32
1742486400,1957.91
1742490000,1970.00
1742493600,1966.80
1742497200,1973.95
1742500800,1978.44
1742504400,1976.09
1742508000,1975.75
1742511600,1982.68
1742515200,1990.02
1742518800,1993.20
1742522400,1986.91
1742526000,1977.25
1742529600,1982.62
1742533200,1973.91
1742536800,1972.90
1742540400,1975.81
1742544000,1973.83
1742547600,1968.20
1742551200,1967.14
1742554800,1966.00
1742558400,1945.30
1742562000,1951.64
1742565600,1953.42
1742569200,1949.63
1742572800,1965.76
1742576400,1967.94
1742580000,1969.53
1742583600,1973.21
1742587200,1974.15
1742590800,1973.40
1742594400,1965.76
1742598000,1965.16
1742601600,1979.95
1742605200,1974.23
1742608800,1981.96
1742612400,1985.50
1742616000,1988.33
1742619600,1986.91
1742623200,1987.30
1742626800,1983.64
1742630400,1987.63
1742634000,1993.28
1742637600,1995.62
1742641200,1989.83
1742644800,1994.86
1742648400,1989.76
1742652000,1984.20
1742655600,1985.97
1742659200,1984.90
1742662800,1992.31
1742666400,1994.93
1742670000,1995.60
1742673600,1993.30
1742677200,1985.74
1742680800,1984.69
1742684400,1980.39
1742688000,1985.28
1742691600,1997.59
1742695200,2001.40
1742698800,2008.28
1742702400,2000.02
1742706000,1999.58
1742709600,2002.53
1742713200,2008.11
1742716800,2009.67
1742720400,2014.07
1742724000,2012.80
1742727600,2007.72
1742731200,2008.78
1742734800,2018.23
1742738400,2004.24
1742742000,2006.93
1742745600,1997.00
1742749200,1992.71
1742752800,1996.99
1742756400,1996.25
1742760000,1992.20
1742763600,1995.11
1742767200,1987.68
1742770800,2006.12
1742774400,1998.99
1742778000,1980.72
1742781600,1991.96
1742785200,2014.60
1742788800,2040.43
1742792400,2048.95
1742796000,2066.58
1742799600,2069.45
1742803200,2090.40
1742806800,2094.28
1742810400,2094.35
1742814000,2092.99
1742817600,2083.88
1742821200,2082.41
1742824800,2081.20
1742828400,2089.80
1742832000,2079.39
1742835600,2088.60
1742839200,2097.62
1742842800,2089.43
1742846400,2085.64
1742850000,2084.31
1742853600,2077.91
1742857200,2081.63
1742860800,2086.84
1742864400,2065.79
1742868000,2063.64
1742871600,2043.62
1742875200,2046.35
1742878800,2048.91
1742882400,2056.35
1742886000,2055.81
1742889600,2061.15
1742893200,2070.32
1742896800,2071.24
1742900400,2068.83
1742904000,2059.92
1742907600,2062.04
1742911200,2076.55
1742914800,2067.76
1742918400,2069.04
1742922000,2076.90
1742925600,2063.03
1742929200,2075.99
1742932800,2065.22
1742936400,2063.96
1742940000,2063.05
1742943600,2066.74
1742947200,2072.19
1742950800,2074.63
1742954400,2049.11
1742958000,2049.45
1742961600,2053.27
1742965200,2059.68
1742968800,2067.40
1742972400,2069.77
1742976000,2064.21
1742979600,2063.12
1742983200,2073.41
1742986800,2069.21
1742990400,2065.11
1742994000,2028.52
1742997600,2018.24
1743001200,2012.66
1743004800,2014.43
1743008400,2006.72
1743012000,1994.95
1743015600,1999.79
1743019200,2010.83
1743022800,2008.52
1743026400,2000.51
1743030000,2009.84
1743033600,2018.24
1743037200,2020.70
1743040800,2030.91
1743044400,2031.88
1743048000,2031.32
1743051600,2023.25
1743055200,2025.04
1743058800,2026.62
1743062400,2025.79
1743066000,2029.13
1743069600,2025.12
1743073200,2016.55
1743076800,2018.27
1743080400,2003.11
1743084000,2025.57
1743087600,2005.03
1743091200,2000.71
1743094800,1999.82
1743098400,2009.12
1743102000,2004.24
1743105600,2007.01
1743109200,2018.09
1743112800,2007.41
1743116400,2003.31
1743120000,2004.77
1743123600,2008.87
1743127200,2007.44
1743130800,1999.55
1743134400,1937.09
1743138000,1915.21
1743141600,1915.10
1743145200,1909.45
1743148800,1906.55
1743152400,1908.50
1743156000,1909.07
1743159600,1899.66
1743163200,1883.64
1743166800,1886.65
1743170400,1887.20
1743174000,1871.48
1743177600,1868.68
1743181200,1882.60
1743184800,1878.03
1743188400,1872.95
1743192000,1876.02
1743195600,1884.80
1743199200,1900.26
1743202800,1896.18
1743206400,1902.73
1743210000,1908.94
1743213600,1894.34
1743217200,1899.32
1743220800,1893.79
1743224400,1887.63
1743228000,1881.89
1743231600,1879.63
1743235200,1883.65
1743238800,1876.50
1743242400,1867.62
1743246000,1844.03
1743249600,1850.75
1743253200,1858.50
1743256800,1844.76
1743260400,1839.60
1743264000,1821.20
1743267600,1817.51
1743271200,1817.81
1743274800,1827.10
1743278400,1817.28
1743282000,1817.01
1743285600,1817.00
1743289200,1827.79
1743292800,1826.05
1743296400,1834.66
1743300000,1838.34
1743303600,1833.89
1743307200,1842.20
1743310800,1837.47
1743314400,1838.84
1743318000,1837.18
1743321600,1846.56
1743325200,1843.01
1743328800,1829.37
1743332400,1832.93
1743336000,1833.30
1743339600,1805.97
1743343200,1813.19
1743346800,1813.12
1743350400,1795.00
1743354000,1804.59
1743357600,1824.40
1743361200,1814.02
1743364800,1814.55
1743368400,1805.60
1743372000,1804.67
1743375600,1807.79
1743379200,1786.31
1743382800,1814.01
1743386400,1811.81
1743390000,1798.43
1743393600,1804.68
1743397200,1809.03
1743400800,1803.96
1743404400,1798.51
1743408000,1795.60
1743411600,1785.91
1743415200,1803.38
1743418800,1813.10
1743422400,1834.26
1743426000,1818.22
1743429600,1839.96
1743433200,1842.11
1743436800,1839.98
1743440400,1825.46
1743444000,1839.80
1743447600,1827.55
1743451200,1819.35
1743454800,1824.35
1743458400,1824.40
1743462000,1822.11
1743465600,1831.78
1743469200,1826.08
1743472800,1839.11
1743476400,1834.91
1743480000,1838.08
1743483600,1841.39
1743487200,1857.65
1743490800,1854.09
1743494400,1884.24
1743498000,1885.18
1743501600,1873.38
1743505200,1862.27
1743508800,1865.34
1743512400,1870.88
1743516000,1882.14
1743519600,1918.40
1743523200,1915.72
1743526800,1914.98
1743530400,1908.39
1743534000,1910.10
1743537600,1913.00
1743541200,1915.02
1743544800,1912.00
1743548400,1905.18
1743552000,1889.78
1743555600,1892.75
1743559200,1878.36
1743562800,1876.12
1743566400,1879.13
1743570000,1856.07
1743573600,1853.98
1743577200,1865.29
1743580800,1868.02
1743584400,1879.53
1743588000,1872.66
1743591600,1868.77
1743595200,1871.96
1743598800,1870.93
1743602400,1875.80
1743606000,1901.50
1743609600,1903.10
1743613200,1892.69
1743616800,1898.27
1743620400,1911.87
1743624000,1881.26
1743627600,1866.83
1743631200,1797.56
1743634800,1794.87
1743638400,1820.24
1743642000,1826.28
1743645600,1830.22
1743649200,1824.34
1743652800,1835.40
1743656400,1821.71
1743660000,1817.29
1743663600,1815.29
1743667200,1821.54
1743670800,1811.15
1743674400,1793.15
1743678000,1795.07
1743681600,1759.40
1743685200,1783.65
1743688800,1757.22
1743692400,1781.66
1743696000,1772.88
1743699600,1775.83
1743703200,1787.58
1743706800,1786.10
1743710400,1798.06
1743714000,1811.85
1743717600,1810.21
1743721200,1816.60
1743724800,1809.76
1743728400,1781.56
1743732000,1788.41
1743735600,1792.47
1743739200,1787.38
1743742800,1805.26
1743746400,1799.41
1743750000,1817.64
1743753600,1827.98
1743757200,1829.47
1743760800,1783.74
1743764400,1783.60
1743768000,1788.40
1743771600,1801.57
1743775200,1789.53
1743778800,1794.80
1743782400,1796.83
1743786000,1820.70
1743789600,1805.90
1743793200,1809.59
1743796800,1818.15
1743800400,1817.68
1743804000,1818.63
1743807600,1816.18
1743811200,1822.08
1743814800,1818.93
1743818400,1814.97
1743822000,1809.37
1743825600,1807.92
1743829200,1809.49
1743832800,1808.96
1743836400,1812.72
1743840000,1813.06
1743843600,1820.33
1743847200,1817.62
1743850800,1806.86
1743854400,1797.57
1743858000,1786.63
1743861600,1790.26
1743865200,1781.24
1743868800,1784.16
1743872400,1786.86
1743876000,1792.51
1743879600,1781.55
1743883200,1789.91
1743886800,1789.72
1743890400,1796.79
1743894000,1805.48
1743897600,1809.75
1743901200,1810.07
1743904800,1803.75
1743908400,1809.24
1743912000,1808.97
1743915600,1810.46
1743919200,1797.71
1743922800,1797.15
1743926400,1794.60
1743930000,1790.17
1743933600,1789.46
1743937200,1788.28
1743940800,1777.28
1743944400,1747.76
1743948000,1769.32
1743951600,1758.78
1743955200,1730.68
1743958800,1683.99
1743962400,1617.39
1743966000,1625.40
1743969600,1573.95
1743973200,1586.74
1743976800,1575.76
1743980400,1579.69
1743984000,1571.85
1743987600,1597.58
1743991200,1578.32
1743994800,1542.82
1743998400,1547.40
1744002000,1539.13
1744005600,1429.59
1744009200,1458.67
1744012800,1494.62
1744016400,1483.49
1744020000,1490.74
1744023600,1482.52
1744027200,1520.16
1744030800,1549.60
1744034400,1569.33
1744038000,1555.74
1744041600,1528.50
1744045200,1565.51
1744048800,1549.05
1744052400,1545.03
1744056000,1570.38
1744059600,1568.02
1744063200,1578.37
1744066800,1552.43
1744070400,1544.12
1744074000,1590.70
1744077600,1589.25
1744081200,1584.10
1744084800,1598.26
1744088400,1591.10
1744092000,1575.94
1744095600,1570.16
1744099200,1566.27
1744102800,1567.73
1744106400,1565.97
1744110000,1588.07
1744113600,1570.95
1744117200,1568.17
1744120800,1530.57
1744124400,1531.03
1744128000,1485.93
1744131600,1480.06
1744135200,1474.63
1744138800,1465.12
1744142400,1480.99
1744146000,1476.08
1744149600,1465.72
1744153200,1472.25
1744156800,1466.29
1744160400,1434.11
1744164000,1418.14
1744167600,1417.45
1744171200,1439.30
1744174800,1457.94
1744178400,1459.06
1744182000,1482.89
1744185600,1481.84
1744189200,1478.80
1744192800,1486.06
1744196400,1454.54
1744200000,1460.84
1744203600,1486.14
1744207200,1469.86
1744210800,1484.19
1744214400,1501.51
1744218000,1632.50
1744221600,1627.48
1744225200,1640.43
1744228800,1673.10
1744232400,1671.13
1744236000,1670.94
1744239600,1669.19
1744243200,1646.12
1744246800,1637.50
1744250400,1632.58
1744254000,1616.52
1744257600,1618.82
1744261200,1616.70
1744264800,1615.93
1744268400,1595.27
1744272000,1592.20
1744275600,1603.54
1744279200,1593.94
1744282800,1593.72
1744286400,1592.65
1744290000,1567.92
1744293600,1564.61
1744297200,1495.22
1744300800,1509.74
1744304400,1510.40
1744308000,1517.72
1744311600,1513.43
1744315200,1530.45
1744318800,1524.06
1744322400,1523.85
1744326000,1521.43
1744329600,1507.43
1744333200,1542.15
1744336800,1533.66
1744340400,1543.64
1744344000,1546.74
1744347600,1548.32
1744351200,1551.88
1744354800,1552.20
1744358400,1550.66
1744362000,1563.10
1744365600,1567.57
1744369200,1558.02
1744372800,1557.27
1744376400,1569.97
1744380000,1555.61
1744383600,1564.75
1744387200,1564.97
1744390800,1579.31
1744394400,1561.74
1744398000,1565.18
1744401600,1570.83
1744405200,1572.22
1744408800,1565.63
1744412400,1566.01
1744416000,1561.40
1744419600,1553.86
1744423200,1547.06
1744426800,1553.84
1744430400,1567.04
1744434000,1567.98
1744437600,1573.30
1744441200,1581.39
1744444800,1591.18
1744448400,1596.92
1744452000,1591.55
1744455600,1593.52
1744459200,1606.62
1744462800,1638.08
1744466400,1653.20
1744470000,1655.30
1744473600,1643.04
1744477200,1633.52
1744480800,1650.36
1744484400,1642.56
1744488000,1649.11
1744491600,1647.29
1744495200,1649.85
1744498800,1644.00
1744502400,1641.95
1744506000,1616.68
1744509600,1624.80
1744513200,1623.98
1744516800,1608.56
1744520400,1608.97
1744524000,1616.75
1744527600,1613.21
1744531200,1620.28
1744534800,1626.91
1744538400,1617.39
1744542000,1603.99
1744545600,1602.78
1744549200,1573.49
1744552800,1585.62
1744556400,1586.06
1744560000,1595.28
1744563600,1636.44
1744567200,1629.37
1744570800,1589.94
1744574400,1590.72
1744578000,1593.42
1744581600,1585.90
1744585200,1597.39
1744588800,1611.34
1744592400,1616.88
1744596000,1634.84
1744599600,1629.26
1744603200,1636.39
1744606800,1623.92
1744610400,1623.24
1744614000,1635.42
1744617600,1638.01
1744621200,1640.83
1744624800,1678.72
1744628400,1674.97
1744632000,1677.92
1744635600,1658.21
1744639200,1673.39
1744642800,1627.68
1744646400,1627.90
1744650000,1647.95
1744653600,1640.37
1744657200,1636.53
1744660800,1635.48
1744664400,1624.62
1744668000,1621.15
1744671600,1623.63
1744675200,1631.23
1744678800,1634.36
1744682400,1631.79
1744686000,1637.69
1744689600,1639.18
1744693200,1638.73
1744696800,1636.76
1744700400,1644.82
1744704000,1640.99
1744707600,1648.24
1744711200,1633.20
1744714800,1632.08
1744718400,1641.89
1744722000,1629.19
1744725600,1620.54
1744729200,1620.90
1744732800,1622.74
1744736400,1615.98
1744740000,1610.43
1744743600,1607.30
1744747200,1595.02
1744750800,1603.69
1744754400,1590.75
1744758000,1588.60
1744761600,1580.72
1744765200,1596.50
1744768800,1598.45
1744772400,1590.92
1744776000,1587.28
1744779600,1569.27
1744783200,1576.55
1744786800,1564.19
1744790400,1575.54
1744794000,1568.29
1744797600,1581.54
1744801200,1584.24
1744804800,1577.40
1744808400,1567.54
1744812000,1590.80
1744815600,1590.79
1744819200,1592.69
1744822800,1545.55
1744826400,1566.60
1744830000,1588.83
1744833600,1573.82
1744837200,1592.23
1744840800,1587.74
1744844400,1577.21
1744848000,1585.20
1744851600,1589.39
1744855200,1591.83
1744858800,1584.82
1744862400,1591.19
1744866000,1598.95
1744869600,1602.21
1744873200,1601.89
1744876800,1595.70
1744880400,1595.04
1744884000,1593.45
1744887600,1593.07
1744891200,1601.53
1744894800,1593.47
1744898400,1569.74
1744902000,1582.81
1744905600,1605.11
1744909200,1610.09
1744912800,1600.90
1744916400,1581.47
1744920000,1584.62
1744923600,1587.72
1744927200,1579.29
1744930800,1583.77
1744934400,1579.75
1744938000,1582.98
1744941600,1584.82
1744945200,1584.24
1744948800,1580.94
1744952400,1581.38
1744956000,1581.21
1744959600,1584.29
1744963200,1586.96
1744966800,1588.15
1744970400,1584.07
1744974000,1590.53
1744977600,1593.07
1744981200,1592.73
1744984800,1589.09
1744988400,1583.19
1744992000,1587.39
1744995600,1591.65
1744999200,1593.29
1745002800,1593.09
1745006400,1593.22
1745010000,1599.66
1745013600,1592.69
1745017200,1588.49
1745020800,1586.03
1745024400,1590.02
1745028000,1592.41
1745031600,1597.83
1745035200,1603.46
1745038800,1602.34
1745042400,1596.48
1745046000,1600.90
1745049600,1602.89
1745053200,1598.16
1745056800,1596.42
1745060400,1597.02
1745064000,1597.34
1745067600,1604.38
1745071200,1606.01
1745074800,1607.02
1745078400,1599.58
1745082000,1618.66
1745085600,1614.85
1745089200,1614.69
1745092800,1613.90
1745096400,1620.70
1745100000,1619.19
1745103600,1612.95
1745107200,1610.08
1745110800,1617.83
1745114400,1615.80
1745118000,1611.70
1745121600,1614.42
1745125200,1609.62
1745128800,1605.32
1745132400,1597.45
1745136000,1590.12
1745139600,1591.69
1745143200,1574.41
1745146800,1572.80
1745150400,1576.25
1745154000,1577.62
1745157600,1580.29
1745161200,1573.65
1745164800,1581.57
1745168400,1579.57
1745172000,1581.42
1745175600,1586.20
1745179200,1589.74
1745182800,1588.93
1745186400,1582.04
1745190000,1587.34
1745193600,1610.09
1745197200,1628.57
1745200800,1632.49
1745204400,1634.57
1745208000,1639.89
1745211600,1647.98
1745215200,1647.82
1745218800,1645.78
1745222400,1649.29
1745226000,1642.60
1745229600,1635.76
1745233200,1626.26
1745236800,1623.73
1745240400,1612.07
1745244000,1634.26
1745247600,1623.79
1745251200,1590.09
1745254800,1578.72
1745258400,1567.97
1745262000,1573.87
1745265600,1577.74
1745269200,1578.53
1745272800,1577.87
1745276400,1579.64
1745280000,1568.89
1745283600,1587.57
1745287200,1577.20
1745290800,1579.32
1745294400,1577.86
1745298000,1583.83
1745301600,1583.62
1745305200,1619.30
1745308800,1627.92
1745312400,1625.47
1745316000,1628.43
1745319600,1630.99
1745323200,1635.21
1745326800,1643.46
1745330400,1675.39
1745334000,1703.95
1745337600,1692.65
1745341200,1701.73
1745344800,1704.81
1745348400,1699.54
1745352000,1696.29
1745355600,1754.90
1745359200,1746.47
1745362800,1757.39
1745366400,1752.56
1745370000,1762.74
1745373600,1792.94
1745377200,1796.19
1745380800,1818.02
1745384400,1798.07
1745388000,1789.24
1745391600,1792.21
1745395200,1791.64
1745398800,1786.11
1745402400,1804.00
1745406000,1797.84
1745409600,1815.68
1745413200,1787.94
1745416800,1788.84
1745420400,1794.80
1745424000,1792.57
1745427600,1800.92
1745431200,1798.52
1745434800,1786.90
1745438400,1796.13
1745442000,1792.32
1745445600,1804.40
1745449200,1796.02
1745452800,1790.74
1745456400,1794.64
1745460000,1779.92
1745463600,1768.37
1745467200,1772.66
1745470800,1769.93
1745474400,1768.62
1745478000,1756.81
1745481600,1735.00
1745485200,1743.86
1745488800,1750.53
1745492400,1755.12
1745496000,1758.29
1745499600,1754.36
1745503200,1766.29
1745506800,1765.19
1745510400,1771.13
1745514000,1756.04
1745517600,1763.99
1745521200,1764.07
1745524800,1762.99
1745528400,1761.62
1745532000,1760.80
1745535600,1770.48
1745539200,1774.96
1745542800,1766.71
1745546400,1745.38
1745550000,1761.37
1745553600,1766.80
1745557200,1768.02
1745560800,1777.60
1745564400,1777.78
1745568000,1775.77
1745571600,1788.64
1745575200,1772.24
1745578800,1790.89
1745582400,1773.96
1745586000,1769.95
1745589600,1809.63
1745593200,1807.49
1745596800,1803.02
1745600400,1786.80
1745604000,1797.65
1745607600,1804.01
1745611200,1799.98
1745614800,1791.49
1745618400,1797.21
1745622000,1785.91
1745625600,1797.70
1745629200,1808.41
1745632800,1809.09
1745636400,1798.44
1745640000,1792.57
1745643600,1795.30
1745647200,1803.85
1745650800,1801.32
1745654400,1807.38
1745658000,1804.33
1745661600,1804.68
1745665200,1786.78
1745668800,1792.52
1745672400,1791.04
1745676000,1792.95
1745679600,1800.84
1745683200,1803.62
1745686800,1805.24
1745690400,1803.39
1745694000,1813.62
1745697600,1806.55
1745701200,1813.03
1745704800,1817.15
1745708400,1821.58
1745712000,1842.97
1745715600,1805.49
1745719200,1813.84
1745722800,1810.41
1745726400,1798.86
1745730000,1799.28
1745733600,1801.35
1745737200,1804.32
1745740800,1810.51
1745744400,1811.19
1745748000,1809.81
1745751600,1806.33
1745755200,1796.73
1745758800,1798.44
1745762400,1797.17
1745766000,1794.42
1745769600,1796.16
1745773200,1798.73
1745776800,1804.13
1745780400,1808.58
1745784000,1803.09
1745787600,1803.67
1745791200,1795.27
1745794800,1791.86
1745798400,1774.39
1745802000,1764.78
1745805600,1773.74
1745809200,1784.80
1745812800,1788.48
1745816400,1796.24
1745820000,1805.33
1745823600,1805.44
1745827200,1810.12
1745830800,1806.49
1745834400,1816.11
1745838000,1816.93
1745841600,1807.73
1745845200,1784.78
1745848800,1782.90
1745852400,1763.75
1745856000,1758.78
1745859600,1771.26
1745863200,1778.44
1745866800,1797.46
1745870400,1786.21
1745874000,1793.83
1745877600,1802.17
1745881200,1800.31
1745884800,1802.57
1745888400,1797.09
1745892000,1795.12
1745895600,1802.34
1745899200,1793.13
1745902800,1795.38
1745906400,1821.93
1745910000,1822.31
1745913600,1833.32
1745917200,1832.31
1745920800,1826.16
1745924400,1830.38
1745928000,1822.42
1745931600,1815.13
1745935200,1823.85
1745938800,1815.56
1745942400,1816.67
1745946000,1826.01
1745949600,1826.16
1745953200,1822.35
1745956800,1809.10
1745960400,1800.89
1745964000,1792.98
1745967600,1798.05
1745971200,1805.97
1745974800,1798.25
1745978400,1803.52
1745982000,1809.48
1745985600,1812.52
1745989200,1806.59
1745992800,1803.52
1745996400,1796.95
1746000000,1795.66
1746003600,1806.96
1746007200,1807.89
1746010800,1816.14
1746014400,1775.89
1746018000,1741.62
1746021600,1759.38
1746025200,1764.81
1746028800,1768.14
1746032400,1775.61
1746036000,1782.74
1746039600,1786.97
1746043200,1794.00
1746046800,1792.76
1746050400,1795.57
1746054000,1793.68
1746057600,1797.85
1746061200,1810.19
1746064800,1807.87
1746068400,1808.33
1746072000,1809.35
1746075600,1813.81
1746079200,1806.79
1746082800,1810.91
1746086400,1817.91
1746090000,1817.88
1746093600,1847.89
1746097200,1845.83
1746100800,1849.37
1746104400,1826.94
1746108000,1849.05
1746111600,1853.91
1746115200,1860.36
1746118800,1856.66
1746122400,1856.53
1746126000,1843.48
1746129600,1840.28
1746133200,1844.56
1746136800,1839.41
1746140400,1838.50
1746144000,1848.07
1746147600,1843.05
1746151200,1847.42
1746154800,1848.24
1746158400,1842.14
1746162000,1832.52
1746165600,1832.88
1746169200,1816.61
1746172800,1824.23
1746176400,1821.30
1746180000,1830.02
1746183600,1834.08
1746187200,1841.54
1746190800,1834.50
1746194400,1849.57
1746198000,1841.74
1746201600,1853.59
1746205200,1853.20
1746208800,1849.91
1746212400,1840.45
1746216000,1847.64
1746219600,1838.50
1746223200,1836.00
1746226800,1843.09
1746230400,1839.47
1746234000,1829.96
1746237600,1834.68
1746241200,1835.56
1746244800,1838.82
1746248400,1833.82
1746252000,1827.75
1746255600,1827.07
1746259200,1826.01
1746262800,1827.60
1746266400,1820.10
1746270000,1824.53
1746273600,1830.00
1746277200,1835.51
1746280800,1835.66
1746284400,1835.05
1746288000,1827.64
1746291600,1824.28
1746295200,1826.38
1746298800,1838.82
1746302400,1839.10
1746306000,1841.41
1746309600,1843.33
1746313200,1833.85
1746316800,1836.82
1746320400,1837.93
1746324000,1834.36
1746327600,1832.49
1746331200,1830.94
1746334800,1845.88
1746338400,1845.72
1746342000,1841.29
1746345600,1831.25
1746349200,1828.02
1746352800,1827.25
1746356400,1827.75
1746360000,1830.46
1746363600,1825.31
1746367200,1831.00
1746370800,1830.78
1746374400,1828.03
1746378000,1828.06
1746381600,1826.12
1746385200,1828.71
1746388800,1836.46
1746392400,1835.61
1746396000,1818.18
1746399600,1808.91
1746403200,1816.10
1746406800,1791.91
1746410400,1799.52
1746414000,1794.67
1746417600,1804.84
1746421200,1816.39
1746424800,1820.34
1746428400,1826.69
1746432000,1828.52
1746435600,1823.64
1746439200,1804.92
1746442800,1804.69
1746446400,1805.73
1746450000,1808.82
1746453600,1804.54
1746457200,1800.96
1746460800,1808.03
1746464400,1814.33
1746468000,1822.74
1746471600,1816.21
1746475200,1808.80
1746478800,1816.25
1746482400,1825.87
1746486000,1820.16
1746489600,1814.03
1746493200,1804.38
1746496800,1803.32
1746500400,1806.32
1746504000,1806.87
1746507600,1798.79
1746511200,1806.03
1746514800,1805.72
1746518400,1801.26
1746522000,1797.65
1746525600,1784.72
1746529200,1769.72
1746532800,1774.90
1746536400,1758.51
1746540000,1768.29
1746543600,1770.12
1746547200,1762.75
1746550800,1767.89
1746554400,1789.70
1746558000,1784.93
1746561600,1775.19
1746565200,1775.63
1746568800,1811.05
1746572400,1817.04
1746576000,1841.99
1746579600,1832.53
1746583200,1824.72
1746586800,1826.47
1746590400,1828.23
1746594000,1828.04
1746597600,1830.28
1746601200,1838.11
1746604800,1840.63
1746608400,1843.68
1746612000,1833.69
1746615600,1836.27
1746619200,1830.60
1746622800,1828.93
1746626400,1822.32
1746630000,1817.68
1746633600,1812.17
1746637200,1796.40
1746640800,1806.76
1746644400,1796.04
1746648000,1798.45
1746651600,1803.01
1746655200,1817.42
1746658800,1811.31
1746662400,1827.01
1746666000,1823.21
1746669600,1841.84
1746673200,1901.12
1746676800,1893.96
1746680400,1896.54
1746684000,1911.11
1746687600,1928.63
1746691200,1934.79
1746694800,1941.31
1746698400,1961.09
1746702000,1957.73
1746705600,1960.18
1746709200,1976.63
1746712800,1990.19
1746716400,2051.65
1746720000,2050.98
1746723600,2046.64
1746727200,2067.83
1746730800,2118.37
1746734400,2185.11
1746738000,2179.81
1746741600,2179.29
1746745200,2206.93
1746748800,2200.39
1746752400,2206.80
1746756000,2216.10
1746759600,2204.81
1746763200,2213.75
1746766800,2214.34
1746770400,2256.59
1746774000,2364.63
1746777600,2412.86
1746781200,2341.14
1746784800,2348.60
1746788400,2350.68
1746792000,2339.61
1746795600,2369.93
1746799200,2306.02
1746802800,2301.21
1746806400,2298.20
1746810000,2350.42
1746813600,2340.41
1746817200,2332.39
1746820800,2340.34
1746824400,2338.08
1746828000,2334.87
1746831600,2345.52
1746835200,2326.88
1746838800,2335.52
1746842400,2342.26
1746846000,2340.00
1746849600,2337.15
1746853200,2353.61
1746856800,2367.73
1746860400,2400.65
1746864000,2382.76
1746867600,2401.39
1746871200,2396.98
1746874800,2385.00
1746878400,2408.63
1746882000,2438.55
1746885600,2436.12
1746889200,2433.69
1746892800,2461.41
1746896400,2461.33
1746900000,2495.69
1746903600,2499.32
1746907200,2491.08
1746910800,2534.03
1746914400,2577.41
1746918000,2583.29
1746921600,2544.41
1746925200,2532.83
1746928800,2543.66
1746932400,2537.64
1746936000,2545.08
1746939600,2555.39
1746943200,2521.49
1746946800,2473.74
1746950400,2481.29
1746954000,2515.76
1746957600,2511.01
1746961200,2531.03
1746964800,2515.65
1746968400,2470.14
1746972000,2486.42
1746975600,2463.29
1746979200,2471.52
1746982800,2491.82
1746986400,2505.39
1746990000,2508.73
1746993600,2510.89
1746997200,2517.77
1747000800,2504.02
1747004400,2515.08
1747008000,2532.02
1747011600,2506.21
1747015200,2523.27
1747018800,2520.37
1747022400,2518.69
1747026000,2498.16
1747029600,2517.78
1747033200,2554.96
1747036800,2577.79
1747040400,2550.49
1747044000,2560.24
1747047600,2530.67
1747051200,2550.00
1747054800,2558.52
1747058400,2506.06
1747062000,2487.17
1747065600,2501.02
1747069200,2476.70
1747072800,2435.22
1747076400,2460.20
1747080000,2485.46
1747083600,2480.05
1747087200,2485.86
1747090800,2495.58
1747094400,2463.09
1747098000,2453.04
1747101600,2439.50
1747105200,2424.96
1747108800,2455.53
1747112400,2449.76
1747116000,2453.40
1747119600,2460.80
1747123200,2457.12
1747126800,2484.97
1747130400,2482.24
1747134000,2513.69
1747137600,2524.26
1747141200,2549.85
1747144800,2544.91
1747148400,2566.39
1747152000,2598.19
1747155600,2610.93
1747159200,2670.77
1747162800,2691.81
1747166400,2690.11
1747170000,2691.17
1747173600,2679.99
1747177200,2680.04
1747180800,2696.11
1747184400,2671.80
1747188000,2638.46
1747191600,2646.89
1747195200,2674.42
1747198800,2673.29
1747202400,2673.87
1747206000,2640.57
1747209600,2597.67
1747213200,2608.07
1747216800,2596.12
1747220400,2625.12
1747224000,2613.31
1747227600,2606.92
1747231200,2584.17
1747234800,2598.03
1747238400,2590.27
1747242000,2590.77
1747245600,2613.71
1747249200,2604.81
1747252800,2600.78
1747256400,2606.93
1747260000,2596.49
1747263600,2610.44
1747267200,2632.74
1747270800,2578.28
1747274400,2591.68
1747278000,2575.44
1747281600,2593.52
1747285200,2568.02
1747288800,2574.28
1747292400,2531.51
1747296000,2564.93
1747299600,2539.66
1747303200,2544.08
1747306800,2555.39
1747310400,2553.47
1747314000,2532.44
1747317600,2500.79
1747321200,2564.51
1747324800,2599.56
1747328400,2572.23
1747332000,2525.69
1747335600,2531.50
1747339200,2537.49
1747342800,2535.68
1747346400,2542.26
1747350000,2549.43
1747353600,2545.07
1747357200,2567.57
1747360800,2574.54
1747364400,2581.93
1747368000,2574.66
1747371600,2594.98
1747375200,2598.12
1747378800,2602.36
1747382400,2574.06
1747386000,2612.38
1747389600,2626.26
1747393200,2622.03
1747396800,2599.78
1747400400,2607.77
1747404000,2585.73
1747407600,2595.92
1747411200,2587.74
1747414800,2579.08
1747418400,2587.30
1747422000,2593.16
1747425600,2571.76
1747429200,2568.15
1747432800,2546.89
1747436400,2537.89
1747440000,2501.91
1747443600,2476.62
1747447200,2491.22
1747450800,2497.89
1747454400,2507.28
1747458000,2480.89
1747461600,2494.16
1747465200,2493.69
1747468800,2482.35
1747472400,2479.30
1747476000,2486.76
1747479600,2482.62
1747483200,2473.24
1747486800,2462.44
1747490400,2483.39
1747494000,2475.22
1747497600,2468.80
1747501200,2471.52
1747504800,2468.23
1747508400,2471.15
1747512000,2489.95
1747515600,2486.91
1747519200,2461.41
1747522800,2476.28
1747526400,2483.79
1747530000,2486.34
1747533600,2482.17
1747537200,2478.14
1747540800,2486.83
1747544400,2513.21
1747548000,2498.13
1747551600,2510.20
1747555200,2518.45
1747558800,2508.99
1747562400,2506.28
1747566000,2502.63
1747569600,2509.09
1747573200,2542.80
1747576800,2558.72
1747580400,2580.00
1747584000,2574.84
1747587600,2490.51
1747591200,2464.34
1747594800,2409.25
1747598400,2395.20
1747602000,2408.93
1747605600,2456.40
1747609200,2498.70
1747612800,2443.70
1747616400,2429.35
1747620000,2401.91
1747623600,2385.83
1747627200,2366.40
1747630800,2379.30
1747634400,2354.31
1747638000,2404.68
1747641600,2405.69
1747645200,2406.10
1747648800,2410.58
1747652400,2418.07
1747656000,2401.79
1747659600,2428.00
1747663200,2448.27
1747666800,2467.36
1747670400,2510.70
1747674000,2505.59
1747677600,2490.38
1747681200,2519.75
1747684800,2521.59
1747688400,2523.98
1747692000,2505.33
1747695600,2528.99
1747699200,2516.60
1747702800,2541.25
1747706400,2567.54
1747710000,2553.82
1747713600,2571.79
1747717200,2560.00
1747720800,2544.89
1747724400,2533.30
1747728000,2535.52
1747731600,2527.40
1747735200,2516.76
1747738800,2515.36
1747742400,2485.68
1747746000,2476.62
1747749600,2470.06
1747753200,2483.79
1747756800,2475.98
1747760400,2498.68
1747764000,2453.79
1747767600,2502.39
1747771200,2514.85
1747774800,2511.43
1747778400,2517.52
1747782000,2525.67
1747785600,2530.90
1747789200,2535.25
1747792800,2540.50
1747796400,2545.90
1747800000,2551.81
1747803600,2594.80
1747807200,2598.69
1747810800,2553.00
1747814400,2539.20
1747818000,2525.28
1747821600,2530.00
1747825200,2538.08
1747828800,2540.48
1747832400,2548.48
1747836000,2581.92
1747839600,2568.31
1747843200,2587.69
1747846800,2474.30
1747850400,2476.31
1747854000,2513.85
1747857600,2510.47
1747861200,2506.82
1747864800,2537.46
1747868400,2552.39
1747872000,2587.50
1747875600,2575.98
1747879200,2595.57
1747882800,2630.30
1747886400,2629.02
1747890000,2610.00
1747893600,2609.90
1747897200,2635.80
1747900800,2664.10
1747904400,2665.65
1747908000,2657.28
1747911600,2651.21
1747915200,2658.10
1747918800,2644.30
1747922400,2666.63
1747926000,2665.35
1747929600,2646.56
1747933200,2660.32
1747936800,2659.85
1747940400,2636.05
1747944000,2642.11
1747947600,2636.90
1747951200,2636.58
1747954800,2665.40
1747958400,2663.18
1747962000,2676.06
1747965600,2705.33
1747969200,2722.43
1747972800,2697.70
1747976400,2696.77
1747980000,2657.00
1747983600,2655.41
1747987200,2669.46
1747990800,2682.96
1747994400,2671.72
1747998000,2566.70
1748001600,2549.50
1748005200,2583.10
1748008800,2575.02
1748012400,2569.60
1748016000,2568.01
1748019600,2577.99
1748023200,2560.69
1748026800,2561.75
1748030400,2543.61
1748034000,2535.25
1748037600,2539.44
1748041200,2527.18
1748044800,2516.31
1748048400,2525.15
1748052000,2541.60
1748055600,2550.71
1748059200,2560.20
1748062800,2551.80
1748066400,2548.07
1748070000,2547.68
1748073600,2557.80
1748077200,2553.67
1748080800,2571.11
1748084400,2564.03
1748088000,2560.14
1748091600,2547.42
1748095200,2559.52
1748098800,2556.72
1748102400,2558.60
1748106000,2558.80
1748109600,2550.51
1748113200,2555.35
1748116800,2553.42
1748120400,2541.10
1748124000,2526.40
1748127600,2531.49
1748131200,2488.01
1748134800,2497.03
1748138400,2509.35
1748142000,2514.29
1748145600,2518.60
1748149200,2513.68
1748152800,2508.20
1748156400,2495.02
1748160000,2478.78
1748163600,2496.27
1748167200,2493.21
1748170800,2498.61
1748174400,2517.86
1748178000,2514.36
1748181600,2506.88
1748185200,2512.78
1748188800,2512.69
1748192400,2514.87
1748196000,2517.35
1748199600,2527.70
1748203200,2524.90
1748206800,2516.24
1748210400,2550.80
1748214000,2552.54
1748217600,2573.01
1748221200,2560.11
1748224800,2554.30
1748228400,2561.56
1748232000,2566.08
1748235600,2569.71
1748239200,2584.42
1748242800,2582.26
1748246400,2569.55
1748250000,2564.61
1748253600,2560.89
1748257200,2569.28
1748260800,2569.61
1748264400,2552.31
1748268000,2551.74
1748271600,2567.08
1748275200,2543.91
1748278800,2534.76
1748282400,2535.96
1748286000,2542.41
1748289600,2567.31
1748293200,2563.93
1748296800,2560.61
1748300400,2564.90
1748304000,2551.90
1748307600,2530.70
1748311200,2536.81
1748314800,2550.10
1748318400,2559.80
1748322000,2570.65
1748325600,2570.65
1748329200,2608.57
1748332800,2636.27
1748336400,2639.13
1748340000,2639.40
1748343600,2653.52
1748347200,2649.38
1748350800,2656.82
1748354400,2662.19
1748358000,2669.49
1748361600,2671.79
1748365200,2697.14
1748368800,2681.31
1748372400,2689.01
1748376000,2669.48
1748379600,2664.20
1748383200,2661.30
1748386800,2662.50
1748390400,2659.71
1748394000,2636.10
1748397600,2639.90
1748401200,2646.81
1748404800,2647.90
1748408400,2641.00
1748412000,2629.07
1748415600,2637.85
1748419200,2644.28
1748422800,2628.25
1748426400,2641.73
1748430000,2658.20
1748433600,2668.21
1748437200,2659.09
1748440800,2629.80
1748444400,2628.20
1748448000,2641.70
1748451600,2653.91
1748455200,2637.12
1748458800,2618.41
1748462400,2635.20
1748466000,2652.90
1748469600,2649.52
1748473200,2682.50
1748476800,2722.49
1748480400,2712.72
1748484000,2771.80
1748487600,2763.60
1748491200,2728.87
1748494800,2724.20
1748498400,2729.00
1748502000,2732.60
1748505600,2724.20
1748509200,2737.59
1748512800,2731.90
1748516400,2717.20
1748520000,2694.26
1748523600,2661.50
1748527200,2673.01
1748530800,2644.58
1748534400,2640.64
1748538000,2659.82
1748541600,2650.49
1748545200,2650.58
1748548800,2644.51
1748552400,2661.00
1748556000,2645.31
1748559600,2631.61
1748563200,2573.91
1748566800,2598.89
1748570400,2630.70
1748574000,2631.74
1748577600,2635.84
1748581200,2644.64
1748584800,2621.23
1748588400,2619.80
1748592000,2618.62
1748595600,2616.21
1748599200,2622.85
1748602800,2622.72
1748606400,2611.17
1748610000,2577.50
1748613600,2596.25
1748617200,2599.01
1748620800,2541.39
1748624400,2550.01
1748628000,2578.90
1748631600,2574.81
1748635200,2578.20
1748638800,2569.62
1748642400,2527.69
1748646000,2532.24
1748649600,2520.88
1748653200,2494.21
1748656800,2491.57
1748660400,2514.80
1748664000,2523.64
1748667600,2513.35
1748671200,2522.67
1748674800,2522.31
1748678400,2525.71
1748682000,2524.50
1748685600,2521.19
1748689200,2520.60
1748692800,2539.17
1748696400,2534.30
1748700000,2543.59
1748703600,2537.61
1748707200,2542.20
1748710800,2528.91
1748714400,2541.30
1748718000,2538.89
1748721600,2543.34
1748725200,2544.67
1748728800,2532.09
1748732400,2529.50
1748736000,2527.15
1748739600,2508.78
1748743200,2508.42
1748746800,2514.87
1748750400,2523.51
1748754000,2519.89
1748757600,2514.00
1748761200,2510.40
1748764800,2507.21
1748768400,2493.91
1748772000,2494.99
1748775600,2498.81
1748779200,2485.63
1748782800,2495.22
1748786400,2510.99
1748790000,2524.62
1748793600,2540.20
1748797200,2540.31
1748800800,2521.30
1748804400,2527.71
1748808000,2527.09
1748811600,2541.07
1748815200,2536.60
1748818800,2540.70
1748822400,2535.62
1748826000,2527.60
1748829600,2509.89
1748833200,2497.51
1748836800,2493.98
1748840400,2494.11
1748844000,2496.28
1748847600,2508.23
1748851200,2495.70
1748854800,2482.91
1748858400,2483.51
1748862000,2482.47
1748865600,2499.28
1748869200,2506.18
1748872800,2532.60
1748876400,2545.70
1748880000,2548.08
1748883600,2551.40
1748887200,2545.79
1748890800,2533.80
1748894400,2541.10
1748898000,2562.09
1748901600,2586.39
1748905200,2609.30
1748908800,2624.12
1748912400,2648.01
1748916000,2617.98
1748919600,2605.50
1748923200,2594.09
1748926800,2616.62
1748930400,2620.58
1748934000,2611.93
1748937600,2609.12
1748941200,2616.00
1748944800,2613.39
1748948400,2603.43
1748952000,2611.90
1748955600,2628.40
1748959200,2650.55
1748962800,2625.81
1748966400,2607.39
1748970000,2621.09
1748973600,2620.20
1748977200,2627.03
1748980800,2616.83
1748984400,2590.95
1748988000,2606.51
1748991600,2595.29
1748995200,2600.80
1748998800,2613.92
1749002400,2614.14
1749006000,2629.79
1749009600,2639.19
1749013200,2626.67
1749016800,2631.21
1749020400,2629.00
1749024000,2642.50
1749027600,2645.05
1749031200,2640.27
1749034800,2626.29
1749038400,2618.42
1749042000,2616.44
1749045600,2641.60
1749049200,2669.39
1749052800,2661.52
1749056400,2636.40
1749060000,2630.31
1749063600,2625.25
1749067200,2606.97
1749070800,2620.49
1749074400,2607.17
1749078000,2609.09
1749081600,2613.48
1749085200,2610.31
1749088800,2621.49
1749092400,2626.52
1749096000,2631.90
1749099600,2614.52
1749103200,2605.80
1749106800,2605.77
1749110400,2606.87
1749114000,2611.00
1749117600,2597.91
1749121200,2609.50
1749124800,2633.29
1749128400,2591.22
1749132000,2589.10
1749135600,2590.79
1749139200,2559.99
1749142800,2570.80
1749146400,2576.68
1749150000,2529.41
1749153600,2399.29
1749157200,2438.69
1749160800,2431.43
1749164400,2415.31
1749168000,2427.71
1749171600,2422.79
1749175200,2436.60
1749178800,2457.01
1749182400,2460.31
1749186000,2461.38
1749189600,2459.46
1749193200,2456.60
1749196800,2462.60
1749200400,2470.09
1749204000,2483.26
1749207600,2477.99
1749211200,2477.20
1749214800,2504.84
1749218400,2521.12
1749222000,2511.51
1749225600,2499.80
1749229200,2501.78
1749232800,2497.01
1749236400,2486.10
1749240000,2501.50
1749243600,2493.89
1749247200,2484.60
1749250800,2478.45
1749254400,2482.95
1749258000,2473.39
1749261600,2482.17
1749265200,2490.90
1749268800,2491.91
1749272400,2495.99
1749276000,2503.27
1749279600,2493.21
1749283200,2485.50
1749286800,2487.60
1749290400,2496.65
1749294000,2496.86
1749297600,2499.29
1749301200,2508.70
1749304800,2517.29
1749308400,2521.29
1749312000,2511.64
1749315600,2509.60
1749319200,2518.10
1749322800,2518.29
1749326400,2523.31
1749330000,2523.80
1749333600,2536.94
1749337200,2526.20
1749340800,2519.01
1749344400,2520.18
1749348000,2513.39
1749351600,2513.00
1749355200,2517.64
1749358800,2512.90
1749362400,2514.11
1749366000,2515.98
1749369600,2517.90
1749373200,2498.99
1749376800,2504.59
1749380400,2514.89
1749384000,2509.19
1749387600,2510.30
1749391200,2515.79
1749394800,2515.96
1749398400,2529.30
1749402000,2524.89
1749405600,2533.78
1749409200,2534.18
1749412800,2532.51
1749416400,2539.68
1749420000,2509.30
1749423600,2511.22
1749427200,2506.79
1749430800,2496.37
1749434400,2493.89
1749438000,2498.48
1749441600,2486.89
1749445200,2482.12
1749448800,2494.81
1749452400,2493.21
1749456000,2496.92
1749459600,2510.80
1749463200,2536.30
1749466800,2543.28
1749470400,2546.71
1749474000,2518.88
1749477600,2532.20
1749481200,2535.58
1749484800,2559.80
1749488400,2573.32
1749492000,2585.72
1749495600,2582.09
1749499200,2590.90
1749502800,2644.85
1749506400,2667.46
1749510000,2681.38
1749513600,2700.17
1749517200,2709.51
1749520800,2693.39
1749524400,2690.19
1749528000,2690.41
1749531600,2671.61
1749535200,2677.10
1749538800,2678.61
1749542400,2674.90
1749546000,2693.61
1749549600,2696.52
1749553200,2774.74
1749556800,2766.02
1749560400,2744.49
1749564000,2737.17
1749567600,2733.96
1749571200,2731.91
1749574800,2741.90
1749578400,2755.35
1749582000,2774.40
1749585600,2774.79
1749589200,2773.65
1749592800,2803.99
1749596400,2816.82
1749600000,2795.89
1749603600,2785.19
1749607200,2781.99
1749610800,2791.62
1749614400,2797.88
1749618000,2794.29
1749621600,2792.69
1749625200,2792.15
1749628800,2769.76
1749632400,2759.60
1749636000,2772.19
1749639600,2772.90
1749643200,2805.30
1749646800,2796.80
1749650400,2841.35
1749654000,2866.20
1749657600,2868.89
1749661200,2830.70
1749664800,2822.61
1749668400,2814.60
1749672000,2816.66
1749675600,2783.44
1749679200,2759.95
1749682800,2772.50
1749686400,2776.53
1749690000,2776.92
1749693600,2758.70
1749697200,2765.69
1749700800,2763.29
1749704400,2765.41
1749708000,2768.81
1749711600,2741.60
1749715200,2758.30
1749718800,2753.70
1749722400,2751.02
1749726000,2730.40
1749729600,2737.50
1749733200,2750.40
1749736800,2765.69
1749740400,2720.50
1749744000,2744.07
1749747600,2763.11
1749751200,2736.40
1749754800,2696.11
1749758400,2641.00
1749762000,2635.23
1749765600,2641.37
1749769200,2643.91
1749772800,2532.02
1749776400,2500.22
1749780000,2478.24
1749783600,2516.31
1749787200,2509.99
1749790800,2508.74
1749794400,2534.61
1749798000,2527.92
1749801600,2519.27
1749805200,2522.65
1749808800,2534.22
1749812400,2546.45
1749816000,2543.59
1749819600,2544.35
1749823200,2539.88
1749826800,2552.89
1749830400,2563.81
1749834000,2545.01
1749837600,2531.26
1749841200,2529.07
1749844800,2548.29
1749848400,2555.69
1749852000,2573.09
1749855600,2580.39
1749859200,2563.90
1749862800,2559.49
1749866400,2556.50
1749870000,2550.28
1749873600,2553.23
1749877200,2553.50
1749880800,2544.90
1749884400,2538.77
1749888000,2537.20
1749891600,2524.29
1749895200,2532.41
1749898800,2539.82
1749902400,2537.99
1749906000,2536.14
1749909600,2530.90
1749913200,2520.84
1749916800,2498.66
1749920400,2512.63
1749924000,2509.66
1749927600,2508.59
1749931200,2510.50
1749934800,2529.15
1749938400,2527.50
1749942000,2532.01
1749945600,2538.78
1749949200,2530.17
1749952800,2530.60
1749956400,2531.61
1749960000,2544.85
1749963600,2552.39
1749967200,2536.92
1749970800,2529.63
1749974400,2521.61
1749978000,2511.47
1749981600,2520.99
1749985200,2516.98
1749988800,2526.94
1749992400,2543.96
1749996000,2549.42
1749999600,2542.54
1750003200,2552.36
1750006800,2554.69
1750010400,2549.43
1750014000,2537.57
1750017600,2503.93
1750021200,2517.94
1750024800,2545.30
1750028400,2548.12
1750032000,2545.14
1750035600,2555.10
1750039200,2574.99
1750042800,2569.06
1750046400,2576.29
1750050000,2607.67
1750053600,2608.20
1750057200,2629.12
1750060800,2630.69
1750064400,2621.96
1750068000,2617.40
1750071600,2617.42
1750075200,2615.79
1750078800,2640.90
1750082400,2640.70
1750086000,2633.54
1750089600,2637.20
1750093200,2634.89
1750096800,2655.43
1750100400,2661.41
1750104000,2670.85
1750107600,2650.11
1750111200,2571.80
1750114800,2545.61
1750118400,2588.60
1750122000,2582.00
1750125600,2609.62
1750129200,2608.19
1750132800,2592.77
1750136400,2580.63
1750140000,2583.07
1750143600,2583.01
1750147200,2572.28
1750150800,2567.49
1750154400,2557.41
1750158000,2552.69
1750161600,2548.51
1750165200,2553.64
1750168800,2534.30
1750172400,2499.60
1750176000,2462.41
1750179600,2467.70
1750183200,2498.10
1750186800,2529.07
1750190400,2511.34
1750194000,2520.70
1750197600,2494.80
1750201200,2510.59
1750204800,2526.90
1750208400,2520.07
1750212000,2515.64
1750215600,2528.46
1750219200,2537.86
1750222800,2537.74
1750226400,2524.47
1750230000,2534.29
1750233600,2534.00
1750237200,2527.62
1750240800,2495.50
1750244400,2514.38
1750248000,2494.37
1750251600,2502.59
1750255200,2506.38
1750258800,2509.66
1750262400,2500.78
1750266000,2497.41
1750269600,2476.09
1750273200,2493.10
1750276800,2529.40
1750280400,2529.40
1750284000,2525.90
1750287600,2525.64
1750291200,2530.19
1750294800,2515.70
1750298400,2515.21
1750302000,2526.10
1750305600,2524.91
1750309200,2522.53
1750312800,2519.68
1750316400,2519.41
1750320000,2524.01
1750323600,2539.03
1750327200,2539.20
1750330800,2532.50
1750334400,2526.02
1750338000,2510.43
1750341600,2497.75
1750345200,2493.69
1750348800,2488.60
1750352400,2508.80
1750356000,2505.21
1750359600,2505.36
1750363200,2507.56
1750366800,2510.41
1750370400,2524.12
1750374000,2521.73
1750377600,2526.03
1750381200,2527.66
1750384800,2518.45
1750388400,2517.69
1750392000,2504.58
1750395600,2516.26
1750399200,2521.70
1750402800,2550.00
1750406400,2553.61
1750410000,2553.95
1750413600,2553.38
1750417200,2550.00
1750420800,2552.19
1750424400,2536.79
1750428000,2490.41
1750431600,2494.50
1750435200,2483.10
1750438800,2419.91
1750442400,2420.16
1750446000,2414.83
1750449600,2427.50
1750453200,2417.20
1750456800,2391.31
1750460400,2406.72
1750464000,2411.68
1750467600,2431.70
1750471200,2423.40
1750474800,2426.15
1750478400,2423.39
1750482000,2424.60
1750485600,2425.50
1750489200,2427.12
1750492800,2441.79
1750496400,2445.72
1750500000,2439.48
1750503600,2443.17
1750507200,2436.31
1750510800,2421.00
1750514400,2420.20
1750518000,2424.12
1750521600,2416.80
1750525200,2399.72
1750528800,2387.90
1750532400,2385.23
1750536000,2403.91
1750539600,2282.50
1750543200,2287.42
1750546800,2296.99
1750550400,2295.59
1750554000,2267.77
1750557600,2266.65
1750561200,2265.47
1750564800,2282.76
1750568400,2289.32
1750572000,2287.65
1750575600,2271.39
1750579200,2275.13
1750582800,2242.56
1750586400,2260.12
1750590000,2273.92
1750593600,2280.74
1750597200,2200.69
1750600800,2201.65
1750604400,2175.48
1750608000,2197.23
1750611600,2193.09
1750615200,2183.14
1750618800,2184.59
1750622400,2188.18
1750626000,2179.92
1750629600,2234.63
1750633200,2228.41
1750636800,2241.89
1750640400,2247.10
1750644000,2239.70
1750647600,2235.40
1750651200,2234.64
1750654800,2247.33
1750658400,2251.89
1750662000,2259.70
1750665600,2262.57
1750669200,2252.80
1750672800,2247.81
1750676400,2254.26
1750680000,2267.04
1750683600,2296.03
1750687200,2275.04
1750690800,2249.41
1750694400,2222.80
1750698000,2276.24
1750701600,2306.89
1750705200,2315.50
1750708800,2348.35
1750712400,2342.35
1750716000,2409.47
1750719600,2413.38
1750723200,2404.41
1750726800,2415.78
1750730400,2393.65
1750734000,2400.37
1750737600,2405.53
1750741200,2421.72
1750744800,2427.13
1750748400,2394.84
1750752000,2405.04
1750755600,2417.40
1750759200,2415.58
1750762800,2410.81
1750766400,2415.49
1750770000,2423.04
1750773600,2432.65
1750777200,2439.36
1750780800,2480.69
1750784400,2458.99
1750788000,2436.77
1750791600,2435.70
1750795200,2450.65
1750798800,2446.32
1750802400,2442.67
1750806000,2449.60
1750809600,2459.91
1750813200,2462.29
1750816800,2453.15
1750820400,2445.59
1750824000,2436.47
1750827600,2430.70
1750831200,2446.08
1750834800,2445.98
1750838400,2441.39
1750842000,2421.96
1750845600,2427.84
1750849200,2430.39
1750852800,2430.28
1750856400,2436.31
1750860000,2433.49
1750863600,2406.81
1750867200,2411.92
1750870800,2423.76
1750874400,2419.76
1750878000,2434.01
1750881600,2440.20
1750885200,2431.81
1750888800,2417.52
1750892400,2419.69
1750896000,2428.32
1750899600,2460.51
1750903200,2495.10
1750906800,2490.36
1750910400,2481.72
1750914000,2476.80
1750917600,2488.56
1750921200,2491.70
1750924800,2488.39
1750928400,2464.51
1750932000,2452.30
1750935600,2451.42
1750939200,2441.40
1750942800,2434.45
1750946400,2447.71
1750950000,2434.56
1750953600,2428.60
1750957200,2421.48
1750960800,2426.39
1750964400,2436.71
1750968000,2446.55
1750971600,2415.20
1750975200,2414.48
1750978800,2417.27
1750982400,2401.59
1750986000,2427.24
1750989600,2438.64
1750993200,2447.98
1750996800,2450.83
1751000400,2440.60
1751004000,2449.68
1751007600,2443.55
1751011200,2449.30
1751014800,2461.92
1751018400,2446.90
1751022000,2448.11
1751025600,2430.71
1751029200,2428.92
1751032800,2424.24
1751036400,2439.40
1751040000,2434.20
1751043600,2405.51
1751047200,2396.00
1751050800,2413.70
1751054400,2427.35
1751058000,2420.77
1751061600,2423.64
1751065200,2424.35
1751068800,2419.31
1751072400,2418.61
1751076000,2419.98
1751079600,2421.90
1751083200,2422.09
1751086800,2423.39
1751090400,2428.31
1751094000,2432.88
1751097600,2425.79
1751101200,2428.07
1751104800,2427.36
1751108400,2428.44
1751112000,2427.23
1751115600,2423.98
1751119200,2426.78
1751122800,2437.00
1751126400,2435.91
1751130000,2445.29
1751133600,2438.62
1751137200,2434.26
1751140800,2430.74
1751144400,2437.80
1751148000,2441.28
1751151600,2436.85
1751155200,2439.59
1751158800,2430.72
1751162400,2432.97
1751166000,2428.70
1751169600,2430.72
1751173200,2434.58
1751176800,2437.70
1751180400,2441.60
1751184000,2444.59
1751187600,2449.05
1751191200,2457.60
1751194800,2463.05
1751198400,2455.54
1751202000,2447.71
1751205600,2440.87
1751209200,2437.49
1751212800,2439.72
1751216400,2439.76
1751220000,2438.51
1751223600,2438.50
1751227200,2433.11
1751230800,2432.01
1751234400,2502.39
1751238000,2500.81
1751241600,2519.58
1751245200,2511.52
1751248800,2502.11
1751252400,2500.32
1751256000,2496.35
1751259600,2503.61
1751263200,2464.71
1751266800,2481.36
1751270400,2469.50
1751274000,2452.69
1751277600,2456.86
1751281200,2459.21
1751284800,2460.72
1751288400,2463.31
1751292000,2439.36
1751295600,2475.18
1751299200,2476.01
1751302800,2488.38
1751306400,2486.64
1751310000,2516.28
1751313600,2503.28
1751317200,2488.23
1751320800,2491.21
1751324400,2486.05
1751328000,2493.77
1751331600,2489.40
1751335200,2484.12
1751338800,2486.05
1751342400,2461.60
1751346000,2462.00
1751349600,2460.20
1751353200,2465.75
1751356800,2454.00
1751360400,2457.50
1751364000,2456.51
1751367600,2449.69
1751371200,2438.19
1751374800,2444.05
1751378400,2420.59
1751382000,2424.29
1751385600,2425.39
1751389200,2433.07
1751392800,2410.79
1751396400,2403.20
1751400000,2415.72
1751403600,2407.68
1751407200,2401.44
1751410800,2405.51
1751414400,2398.69
1751418000,2411.71
1751421600,2418.39
1751425200,2430.95
1751428800,2440.10
1751432400,2444.77
1751436000,2452.18
1751439600,2447.76
1751443200,2450.18
1751446800,2449.49
1751450400,2454.21
1751454000,2446.35
1751457600,2439.15
1751461200,2450.39
1751464800,2470.64
1751468400,2499.90
1751472000,2562.04
1751475600,2567.92
1751479200,2583.84
1751482800,2606.09
1751486400,2591.27
1751490000,2597.92
1751493600,2595.83
1751497200,2571.41
1751500800,2574.64
1751504400,2581.41
1751508000,2568.60
1751511600,2562.30
1751515200,2567.86
1751518800,2590.57
1751522400,2600.49
1751526000,2601.17
1751529600,2589.12
1751533200,2600.16
1751536800,2599.25
1751540400,2598.33
1751544000,2589.90
1751547600,2625.87
1751551200,2596.10
1751554800,2571.26
1751558400,2573.14
1751562000,2578.29
1751565600,2586.79
1751569200,2587.10
1751572800,2600.16
1751576400,2596.49
1751580000,2594.59
1751583600,2592.03
1751587200,2589.35
1751590800,2591.08
1751594400,2576.21
1751598000,2578.96
1751601600,2571.20
1751605200,2569.60
1751608800,2559.69
1751612400,2536.04
1751616000,2548.12
1751619600,2552.68
1751623200,2549.08
1751626800,2549.97
1751630400,2548.91
1751634000,2526.81
1751637600,2518.08
1751641200,2501.75
1751644800,2488.68
1751648400,2497.73
1751652000,2485.23
1751655600,2483.09
1751659200,2490.97
1751662800,2497.31
1751666400,2521.24
1751670000,2508.69
1751673600,2517.52
1751677200,2514.72
1751680800,2519.41
1751684400,2519.00
1751688000,2516.90
1751691600,2520.30
1751695200,2528.12
1751698800,2522.26
1751702400,2517.05
1751706000,2522.10
1751709600,2519.00
1751713200,2518.79
1751716800,2518.70
1751720400,2514.83
1751724000,2519.31
1751727600,2508.69
1751731200,2506.53
1751734800,2504.54
1751738400,2493.68
1751742000,2506.27
1751745600,2507.00
1751749200,2517.30
1751752800,2519.66
1751756400,2516.92
1751760000,2520.64
1751763600,2518.24
1751767200,2513.85
1751770800,2515.49
1751774400,2512.83
1751778000,2511.47
1751781600,2522.47
1751785200,2518.50
1751788800,2513.91
1751792400,2507.99
1751796000,2509.10
1751799600,2517.03
1751803200,2521.22
1751806800,2558.92
1751810400,2560.04
1751814000,2559.05
1751817600,2552.56
1751821200,2547.45
1751824800,2532.49
1751828400,2541.71
1751832000,2546.05
1751835600,2588.26
1751839200,2582.69
1751842800,2570.80
1751846400,2562.04
1751850000,2564.08
1751853600,2577.08
1751857200,2578.10
1751860800,2574.10
1751864400,2570.00
1751868000,2566.13
1751871600,2578.90
1751875200,2585.69
1751878800,2572.82
1751882400,2559.09
1751886000,2563.31
1751889600,2549.41
1751893200,2566.13
1751896800,2532.07
1751900400,2533.90
1751904000,2524.40
1751907600,2533.32
1751911200,2544.57
1751914800,2544.26
1751918400,2534.59
1751922000,2539.94
1751925600,2536.44
1751929200,2542.55
1751932800,2540.51
1751936400,2526.91
1751940000,2528.17
1751943600,2538.20
1751947200,2543.79
1751950800,2552.13
1751954400,2559.28
1751958000,2553.75
1751961600,2546.56
1751965200,2552.08
1751968800,2566.35
1751972400,2575.40
1751976000,2583.49
1751979600,2588.43
1751983200,2564.54
1751986800,2565.26
1751990400,2576.60
1751994000,2616.76
1751997600,2625.48
1752001200,2611.19
1752004800,2599.00
1752008400,2610.25
1752012000,2611.30
1752015600,2616.00
1752019200,2614.01
1752022800,2605.76
1752026400,2603.48
1752030000,2592.23
1752033600,2603.77
1752037200,2628.51
1752040800,2631.60
1752044400,2625.51
1752048000,2612.50
1752051600,2611.70
1752055200,2618.59
1752058800,2626.65
1752062400,2660.30
1752066000,2655.27
1752069600,2642.63
1752073200,2657.31
1752076800,2666.50
1752080400,2662.60
1752084000,2718.90
1752087600,2765.70
1752091200,2738.41
1752094800,2754.20
1752098400,2780.83
1752102000,2769.59
1752105600,2757.61
1752109200,2775.59
1752112800,2784.59
1752116400,2777.18
1752120000,2779.93
1752123600,2782.89
1752127200,2796.61
1752130800,2791.77
1752134400,2789.40
1752138000,2779.07
1752141600,2785.90
1752145200,2779.70
1752148800,2779.48
1752152400,2785.90
1752156000,2778.14
1752159600,2770.88
1752163200,2810.09
1752166800,2832.11
1752170400,2813.00
1752174000,2818.50
1752177600,2820.50
1752181200,2973.19
1752184800,2974.29
1752188400,2951.50
1752192000,2937.65
1752195600,2955.59
1752199200,2966.18
1752202800,2970.61
1752206400,2971.49
1752210000,3006.40
1752213600,2990.56
1752217200,2970.29
1752220800,3004.70
1752224400,3016.30
1752228000,3004.46
1752231600,2985.01
1752235200,2987.30
1752238800,3003.10
1752242400,2989.91
1752246000,2952.40
1752249600,2969.30
1752253200,2994.45
1752256800,2996.85
1752260400,3009.29
1752264000,2976.67
1752267600,2967.71
1752271200,2951.60
1752274800,2959.11
1752278400,2953.76
1752282000,2959.86
1752285600,2958.22
1752289200,2967.50
1752292800,2953.01
1752296400,2954.10
1752300000,2960.70
1752303600,2964.30
1752307200,2968.19
1752310800,2975.04
1752314400,2977.03
1752318000,2964.89
1752321600,2944.63
1752325200,2941.05
1752328800,2929.61
1752332400,2917.01
1752336000,2925.60
1752339600,2942.25
1752343200,2943.38
1752346800,2941.95
1752350400,2917.90
1752354000,2940.44
1752357600,2939.00
1752361200,2944.12
1752364800,2946.13
1752368400,2950.80
1752372000,2955.29
1752375600,2956.14
1752379200,2959.76
1752382800,2952.12
1752386400,2960.92
1752390000,2964.00
1752393600,2957.00
1752397200,2950.62
1752400800,2950.01
1752404400,2965.80
1752408000,2987.52
1752411600,2990.81
1752415200,2989.01
1752418800,2993.70
1752422400,2975.68
1752426000,2993.10
1752429600,2994.95
1752433200,2990.41
1752436800,2993.09
1752440400,2966.70
1752444000,2960.25
1752447600,2973.58
1752451200,2976.79
1752454800,2975.57
1752458400,3002.09
1752462000,3038.53
1752465600,3054.07
1752469200,3041.34
1752472800,3024.79
1752476400,3045.75
1752480000,3040.65
1752483600,3045.22
1752487200,3067.20
1752490800,3052.20
1752494400,3051.61
1752498000,3056.64
1752501600,3030.20
1752505200,3013.10
1752508800,3025.84
1752512400,3009.50
1752516000,2990.22
1752519600,3001.38
1752523200,3005.01
1752526800,3011.73
1752530400,3014.21
1752534000,3014.40
1752537600,2993.75
1752541200,2977.71
1752544800,2975.35
1752548400,2952.45
1752552000,2968.77
1752555600,2975.00
1752559200,2986.06
1752562800,2977.29
1752566400,2974.20
1752570000,2972.49
1752573600,2974.05
1752577200,2981.09
1752580800,3000.01
1752584400,3051.56
1752588000,2977.20
1752591600,3039.19
1752595200,3047.59
1752598800,3095.69
1752602400,3065.26
1752606000,3040.90
1752609600,3041.11
1752613200,3081.15
1752616800,3094.65
1752620400,3138.24
1752624000,3143.20
1752627600,3140.18
1752631200,3116.13
1752634800,3116.29
1752638400,3128.89
1752642000,3142.96
1752645600,3165.68
1752649200,3162.79
1752652800,3165.28
1752656400,3163.19
1752660000,3144.82
1752663600,3151.04
1752667200,3165.81
1752670800,3196.50
1752674400,3253.12
1752678000,3245.90
1752681600,3287.11
1752685200,3319.10
1752688800,3337.94
1752692400,3386.81
1752696000,3381.73
1752699600,3376.00
1752703200,3364.60
1752706800,3372.91
1752710400,3378.59
1752714000,3339.95
1752717600,3350.36
1752721200,3332.17
1752724800,3352.39
1752728400,3376.01
1752732000,3442.96
1752735600,3449.89
1752739200,3450.02
1752742800,3467.51
1752746400,3459.70
1752750000,3434.89
1752753600,3427.00
1752757200,3401.60
1752760800,3428.05
1752764400,3422.94
1752768000,3396.69
1752771600,3426.11
1752775200,3429.41
1752778800,3415.09
1752782400,3422.90
1752786000,3469.70
1752789600,3469.02
1752793200,3480.00
1752796800,3541.80
1752800400,3618.20
1752804000,3604.46
1752807600,3599.46
1752811200,3622.62
1752814800,3673.30
1752818400,3653.70
1752822000,3607.80
1752825600,3606.10
1752829200,3622.91
1752832800,3619.80
1752836400,3612.45
1752840000,3640.20
1752843600,3641.11
1752847200,3587.07
1752850800,3565.43
1752854400,3575.39
1752858000,3602.39
1752861600,3575.19
1752865200,3554.28
1752868800,3519.27
1752872400,3556.30
1752876000,3541.24
1752879600,3549.67
1752883200,3525.01
1752886800,3548.28
1752890400,3572.58
1752894000,3595.70
1752897600,3592.21
1752901200,3588.60
1752904800,3574.00
1752908400,3574.30
1752912000,3556.60
1752915600,3560.56
1752919200,3560.00
1752922800,3554.53
1752926400,3563.85
1752930000,3560.60
1752933600,3533.76
1752937200,3554.10
1752940800,3561.50
1752944400,3544.91
1752948000,3554.82
1752951600,3579.84
1752955200,3565.61
1752958800,3573.40
1752962400,3578.61
1752966000,3594.11
1752969600,3593.21
1752973200,3606.70
1752976800,3618.31
1752980400,3660.20
1752984000,3656.26
1752987600,3649.30
1752991200,3654.61
1752994800,3670.33
1752998400,3713.07
1753002000,3708.80
1753005600,3701.51
1753009200,3757.81
1753012800,3749.20
1753016400,3750.50
1753020000,3769.50
1753023600,3787.68
1753027200,3810.79
1753030800,3740.78
1753034400,3751.78
1753038000,3751.69
1753041600,3741.90
1753045200,3772.00
1753048800,3749.49
1753052400,3758.87
1753056000,3749.27
1753059600,3726.10
1753063200,3745.85
1753066800,3759.79
1753070400,3764.00
1753074000,3784.48
1753077600,3789.41
1753081200,3789.53
1753084800,3778.81
1753088400,3773.68
1753092000,3812.93
1753095600,3810.42
1753099200,3812.21
1753102800,3821.00
1753106400,3843.21
1753110000,3813.58
1753113600,3770.33
1753117200,3772.45
1753120800,3739.42
1753124400,3738.84
1753128000,3757.78
1753131600,3752.59
1753135200,3762.90
1753138800,3764.02
1753142400,3744.79
1753146000,3797.25
1753149600,3739.23
1753153200,3733.50
1753156800,3657.19
1753160400,3691.90
1753164000,3693.20
1753167600,3679.13
1753171200,3651.73
1753174800,3662.10
1753178400,3700.00
1753182000,3707.87
1753185600,3704.39
1753189200,3649.90
1753192800,3708.20
1753196400,3720.42
1753200000,3718.87
1753203600,3701.52
1753207200,3712.70
1753210800,3671.85
1753214400,3709.08
1753218000,3707.49
1753221600,3721.92
1753225200,3748.70
1753228800,3727.57
1753232400,3740.70
1753236000,3747.18
1753239600,3730.75
1753243200,3736.81
1753246800,3715.77
1753250400,3696.66
1753254000,3675.30
1753257600,3693.91
1753261200,3660.35
1753264800,3668.07
1753268400,3674.22
1753272000,3642.40
1753275600,3589.90
1753279200,3619.02
1753282800,3646.70
1753286400,3572.90
1753290000,3588.48
1753293600,3605.90
1753297200,3589.40
1753300800,3569.30
1753304400,3593.22
1753308000,3612.39
1753311600,3630.40
1753315200,3647.91
1753318800,3649.92
1753322400,3652.10
1753326000,3643.25
1753329600,3611.51
1753333200,3558.90
1753336800,3547.10
1753340400,3593.99
1753344000,3635.64
1753347600,3638.03
1753351200,3623.16
1753354800,3657.01
1753358400,3644.70
1753362000,3632.10
1753365600,3736.93
1753369200,3733.23
1753372800,3688.85
1753376400,3726.65
1753380000,3743.17
1753383600,3734.76
1753387200,3737.30
1753390800,3728.20
1753394400,3726.28
1753398000,3709.39
1753401600,3661.32
1753405200,3684.87
1753408800,3617.51
1753412400,3596.81
1753416000,3648.96
1753419600,3634.40
1753423200,3633.00
1753426800,3632.79
1753430400,3665.59
1753434000,3727.09
1753437600,3719.67
1753441200,3721.38
1753444800,3705.00
1753448400,3707.15
1753452000,3629.80
1753455600,3634.92
1753459200,3641.55
1753462800,3637.36
1753466400,3650.81
1753470000,3642.01
1753473600,3685.87
1753477200,3720.84
1753480800,3721.44
1753484400,3725.96
1753488000,3726.70
1753491600,3702.80
1753495200,3743.17
1753498800,3740.58
1753502400,3749.52
1753506000,3749.40
1753509600,3741.39
1753513200,3744.00
1753516800,3764.39
1753520400,3760.41
1753524000,3761.49
1753527600,3740.79
1753531200,3743.73
1753534800,3745.47
1753538400,3729.85
1753542000,3737.50
1753545600,3729.76
1753549200,3725.71
1753552800,3741.80
1753556400,3752.40
1753560000,3746.91
1753563600,3760.49
1753567200,3752.28
1753570800,3743.29
1753574400,3758.28
1753578000,3758.31
1753581600,3786.99
1753585200,3776.39
1753588800,3793.04
1753592400,3793.20
1753596000,3774.50
1753599600,3770.07
1753603200,3772.92
1753606800,3765.41
1753610400,3819.19
1753614000,3816.99
1753617600,3827.61
1753621200,3812.40
1753624800,3811.21
1753628400,3820.52
1753632000,3817.10
1753635600,3839.61
1753639200,3847.71
1753642800,3830.00
1753646400,3824.09
1753650000,3838.41
1753653600,3865.98
1753657200,3874.11
1753660800,3863.40
1753664400,3851.01
1753668000,3886.81
1753671600,3880.87
1753675200,3903.21
1753678800,3930.72
1753682400,3913.60
1753686000,3894.05
1753689600,3892.78
1753693200,3895.17
1753696800,3888.34
1753700400,3880.20
1753704000,3871.80
1753707600,3844.40
1753711200,3785.81
1753714800,3808.61
1753718400,3806.84
1753722000,3785.37
1753725600,3783.08
1753729200,3798.26
1753732800,3788.50
1753736400,3789.18
1753740000,3787.78
1753743600,3798.60
1753747200,3781.17
1753750800,3759.51
1753754400,3759.59
1753758000,3791.89
1753761600,3778.81
1753765200,3807.74
1753768800,3829.30
1753772400,3877.86
1753776000,3872.95
1753779600,3872.91
1753783200,3829.71
1753786800,3825.64
1753790400,3852.83
1753794000,3838.91
1753797600,3782.40
1753801200,3761.66
1753804800,3751.20
1753808400,3769.67
1753812000,3770.99
1753815600,3765.42
1753819200,3765.29
1753822800,3780.46
1753826400,3791.99
1753830000,3793.66
1753833600,3774.82
1753837200,3791.59
1753840800,3812.66
1753844400,3817.17
1753848000,3808.50
1753851600,3809.69
1753855200,3824.60
1753858800,3811.21
1753862400,3815.56
1753866000,3786.61
1753869600,3774.09
1753873200,3758.79
1753876800,3774.51
1753880400,3766.69
1753884000,3819.68
1753887600,3797.99
1753891200,3796.61
1753894800,3805.90
1753898400,3738.76
1753902000,3761.10
1753905600,3769.61
1753909200,3763.20
1753912800,3764.10
1753916400,3810.78
1753920000,3844.50
1753923600,3837.90
1753927200,3862.79
1753930800,3863.77
1753934400,3871.18
1753938000,3859.60
1753941600,3874.17
1753945200,3863.88
1753948800,3863.76
1753952400,3863.11
1753956000,3855.18
1753959600,3837.98
1753963200,3834.52
1753966800,3807.38
1753970400,3769.00
1753974000,3788.45
1753977600,3803.86
1753981200,3776.06
1753984800,3775.40
1753988400,3737.42
1753992000,3734.64
1753995600,3730.80
1753999200,3709.21
1754002800,3698.47
1754006400,3682.02
1754010000,3689.52
1754013600,3716.31
1754017200,3705.10
1754020800,3682.42
1754024400,3675.30
1754028000,3662.32
1754031600,3649.82
1754035200,3609.07
1754038800,3617.89
1754042400,3614.80
1754046000,3642.01
1754049600,3663.00
1754053200,3599.00
1754056800,3633.00
1754060400,3615.92
1754064000,3587.20
1754067600,3571.30
1754071200,3549.04
1754074800,3517.00
1754078400,3540.99
1754082000,3535.70
1754085600,3462.31
1754089200,3486.93
1754092800,3514.93
1754096400,3515.73
1754100000,3523.30
1754103600,3527.94
1754107200,3533.19
1754110800,3518.90
1754114400,3479.46
1754118000,3518.99
1754121600,3491.19
1754125200,3491.91
1754128800,3490.80
1754132400,3507.91
1754136000,3508.13
1754139600,3508.49
1754143200,3478.62
1754146800,3458.89
1754150400,3471.30
1754154000,3423.67
1754157600,3383.16
1754161200,3382.51
1754164800,3423.39
1754168400,3412.00
1754172000,3410.09
1754175600,3393.59
1754179200,3409.20
1754182800,3413.09
1754186400,3443.90
1754190000,3443.63
1754193600,3444.07
1754197200,3444.74
1754200800,3440.20
1754204400,3456.08
1754208000,3462.71
1754211600,3466.00
1754215200,3485.23
1754218800,3485.58
1754222400,3490.29
1754226000,3492.70
1754229600,3472.46
1754233200,3476.70
1754236800,3495.84
1754240400,3490.28
1754244000,3497.29
1754247600,3497.98
1754251200,3493.00
1754254800,3502.99
1754258400,3503.84
1754262000,3497.68
1754265600,3546.91
1754269200,3538.40
1754272800,3572.51
1754276400,3557.25
1754280000,3540.19
1754283600,3533.92
1754287200,3539.50
1754290800,3552.69
1754294400,3551.33
1754298000,3547.48
1754301600,3555.20
1754305200,3556.00
1754308800,3570.49
1754312400,3621.60
1754316000,3640.37
1754319600,3649.31
1754323200,3686.40
1754326800,3682.32
1754330400,3676.90
1754334000,3669.89
1754337600,3700.50
1754341200,3710.63
1754344800,3733.43
1754348400,3721.34
1754352000,3697.59
1754355600,3680.70
1754359200,3680.41
1754362800,3651.85
1754366400,3649.35
1754370000,3664.79
1754373600,3650.73
1754377200,3613.31
1754380800,3635.00
1754384400,3661.20
1754388000,3683.27
1754391600,3674.16
1754395200,3628.63
1754398800,3647.30
1754402400,3577.90
1754406000,3570.31
1754409600,3577.45
1754413200,3605.55
1754416800,3587.73
1754420400,3571.30
1754424000,3576.44
1754427600,3575.57
1754431200,3597.17
1754434800,3612.47
1754438400,3576.90
1754442000,3592.69
1754445600,3592.66
1754449200,3583.69
1754452800,3573.89
1754456400,3638.23
1754460000,3632.33
1754463600,3639.99
1754467200,3622.46
1754470800,3627.70
1754474400,3616.69
1754478000,3619.88
1754481600,3584.46
1754485200,3603.02
1754488800,3637.21
1754492400,3664.94
1754496000,3646.28
1754499600,3682.97
1754503200,3677.85
1754506800,3684.57
1754510400,3675.53
1754514000,3670.78
1754517600,3683.56
1754521200,3684.20
1754524800,3675.10
1754528400,3668.68
1754532000,3660.45
1754535600,3658.30
1754539200,3663.46
1754542800,3689.01
1754546400,3696.66
1754550000,3703.91
1754553600,3722.66
1754557200,3733.49
1754560800,3822.24
1754564400,3827.89
1754568000,3849.99
1754571600,3859.08
1754575200,3820.90
1754578800,3838.69
1754582400,3816.90
1754586000,3830.96
1754589600,3829.14
1754593200,3869.73
1754596800,3876.00
1754600400,3873.11
1754604000,3918.46
1754607600,3911.80
1754611200,3901.81
1754614800,3888.61
1754618400,3895.06
1754622000,3940.10
1754625600,3921.61
1754629200,3902.43
1754632800,3916.15
1754636400,3916.91
1754640000,3899.91
1754643600,3901.21
1754647200,3898.42
1754650800,3919.20
1754654400,3893.53
1754658000,4001.49
1754661600,3985.50
1754665200,3955.58
1754668800,3972.19
1754672400,4034.31
1754676000,4057.99
1754679600,4061.54
1754683200,4058.52
1754686800,4038.53
1754690400,4026.13
1754694000,4011.00
1754697600,4018.33
1754701200,4033.91
1754704800,4032.68
1754708400,4051.78
1754712000,4081.59
1754715600,4182.49
1754719200,4163.48
1754722800,4171.70
1754726400,4190.92
1754730000,4220.42
1754733600,4217.90
1754737200,4190.90
1754740800,4197.67
1754744400,4166.48
1754748000,4197.82
1754751600,4210.21
1754755200,4208.99
1754758800,4236.00
1754762400,4243.40
1754766000,4259.95
1754769600,4291.50
1754773200,4280.00
1754776800,4265.70
1754780400,4262.25
1754784000,4312.62
1754787600,4302.52
1754791200,4248.25
1754794800,4243.80
1754798400,4252.79
1754802000,4221.42
1754805600,4225.34
1754809200,4185.59
1754812800,4209.96
1754816400,4226.05
1754820000,4198.45
1754823600,4181.14
1754827200,4202.11
1754830800,4168.10
1754834400,4220.24
1754838000,4218.60
1754841600,4234.60
1754845200,4225.00
1754848800,4236.83
1754852400,4250.60
1754856000,4217.43
1754859600,4224.58
1754863200,4251.67
1754866800,4251.83
1754870400,4264.11
1754874000,4305.03
1754877600,4310.50
1754881200,4310.19
1754884800,4319.67
1754888400,4306.62
1754892000,4299.29
1754895600,4274.54
1754899200,4282.24
1754902800,4266.31
1754906400,4236.41
1754910000,4184.71
1754913600,4183.99
1754917200,4279.54
1754920800,4277.65
1754924400,4329.70
1754928000,4312.51
1754931600,4294.26
1754935200,4295.22
1754938800,4260.01
1754942400,4243.94
1754946000,4221.00
1754949600,4221.30
1754953200,4224.16
1754956800,4275.00
1754960400,4271.10
1754964000,4292.17
1754967600,4286.32
1754971200,4311.50
1754974800,4285.62
1754978400,4291.29
1754982000,4315.86
1754985600,4311.29
1754989200,4288.10
1754992800,4277.60
1754996400,4290.99
1755000000,4406.60
1755003600,4383.83
1755007200,4416.21
1755010800,4472.90
1755014400,4466.60
1755018000,4501.20
1755021600,4490.40
1755025200,4517.99
1755028800,4621.66
1755032400,4586.26
1755036000,4575.81
1755039600,4590.01
1755043200,4614.15
1755046800,4585.51
1755050400,4623.79
1755054000,4647.11
1755057600,4674.45
1755061200,4632.40
1755064800,4623.52
1755068400,4626.31
1755072000,4626.30
1755075600,4708.00
1755079200,4695.00
1755082800,4690.51
1755086400,4686.24
1755090000,4671.58
1755093600,4649.52
1755097200,4665.35
1755100800,4701.40
1755104400,4727.81
1755108000,4717.49
1755111600,4741.60
1755115200,4719.80
1755118800,4723.56
1755122400,4736.61
1755126000,4751.60
1755129600,4718.90
1755133200,4722.82
1755136800,4752.74
1755140400,4776.99
1755144000,4761.09
1755147600,4734.31
1755151200,4777.11
1755154800,4750.48
1755158400,4728.96
1755162000,4762.08
1755165600,4710.60
1755169200,4720.90
1755172800,4569.91
1755176400,4614.70
1755180000,4674.21
1755183600,4621.22
1755187200,4549.00
1755190800,4551.47
1755194400,4540.70
1755198000,4540.37
1755201600,4537.05
1755205200,4481.60
1755208800,4535.00
1755212400,4550.20
1755216000,4567.39
1755219600,4608.19
1755223200,4626.16
1755226800,4638.59
1755230400,4629.59
1755234000,4622.80
1755237600,4651.87
1755241200,4643.80
1755244800,4644.30
1755248400,4627.61
1755252000,4639.70
1755255600,4637.49
1755259200,4631.90
1755262800,4543.30
1755266400,4495.39
1755270000,4432.69
1755273600,4418.28
1755277200,4442.10
1755280800,4399.42
1755284400,4385.90
1755288000,4428.70
1755291600,4432.18
1755295200,4479.22
1755298800,4442.76
1755302400,4479.80
1755306000,4491.47
1755309600,4447.75
1755313200,4435.88
1755316800,4457.70
1755320400,4425.18
1755324000,4422.61
1755327600,4455.20
1755331200,4445.78
1755334800,4401.52
1755338400,4407.61
1755342000,4391.32
1755345600,4413.30
1755349200,4396.90
1755352800,4416.46
1755356400,4403.90
1755360000,4411.50
1755363600,4408.50
1755367200,4412.30
1755370800,4421.41
1755374400,4434.80
1755378000,4411.36
1755381600,4429.50
1755385200,4425.20
1755388800,4416.12
1755392400,4409.40
1755396000,4436.70
1755399600,4455.72
1755403200,4487.07
1755406800,4473.96
1755410400,4460.50
1755414000,4470.69
1755417600,4538.50
1755421200,4545.91
1755424800,4571.31
1755428400,4554.68
1755432000,4544.09
1755435600,4538.30
1755439200,4555.63
1755442800,4564.26
1755446400,4520.11
1755450000,4526.40
1755453600,4472.12
1755457200,4462.88
1755460800,4470.32
1755464400,4478.11
1755468000,4524.97
1755471600,4475.50
1755475200,4466.25
1755478800,4399.59
1755482400,4323.00
1755486000,4323.71
1755489600,4340.20
1755493200,4316.28
1755496800,4255.81
1755500400,4259.79
1755504000,4262.04
1755507600,4295.23
1755511200,4267.22
1755514800,4277.11
1755518400,4345.80
1755522000,4288.61
1755525600,4335.62
1755529200,4348.11
1755532800,4322.91
1755536400,4345.87
1755540000,4369.58
1755543600,4357.20
1755547200,4334.05
1755550800,4355.09
1755554400,4342.90
1755558000,4316.29
1755561600,4344.48
1755565200,4297.89
1755568800,4287.90
1755572400,4220.80
1755576000,4236.93
1755579600,4232.24
1755583200,4243.52
1755586800,4236.20
1755590400,4258.38
1755594000,4283.20
1755597600,4287.61
1755601200,4310.60
1755604800,4307.19
1755608400,4293.50
1755612000,4192.71
1755615600,4192.14
1755619200,4142.64
1755622800,4186.32
1755626400,4145.90
1755630000,4141.91
1755633600,4159.20
1755637200,4153.39
1755640800,4131.89
1755644400,4075.20
1755648000,4105.32
1755651600,4110.59
1755655200,4137.68
1755658800,4141.20
1755662400,4170.64
1755666000,4183.84
1755669600,4183.03
1755673200,4185.49
1755676800,4239.49
1755680400,4222.70
1755684000,4227.00
1755687600,4195.35
1755691200,4205.54
1755694800,4136.40
1755698400,4213.50
1755702000,4255.31
1755705600,4302.30
1755709200,4344.80
1755712800,4291.78
1755716400,4347.39
1755720000,4356.31
1755723600,4342.50
1755727200,4367.50
1755730800,4336.70
1755734400,4324.78
1755738000,4332.12
1755741600,4293.46
1755745200,4295.53
1755748800,4295.61
1755752400,4318.48
1755756000,4307.51
1755759600,4311.30
1755763200,4285.75
1755766800,4277.28
1755770400,4291.73
1755774000,4279.12
1755777600,4249.76
1755781200,4262.00
1755784800,4273.89
1755788400,4242.84
1755792000,4221.91
1755795600,4242.00
1755799200,4261.18
1755802800,4223.13
1755806400,4241.93
1755810000,4242.64
1755813600,4252.08
1755817200,4224.89
1755820800,4245.19
1755824400,4256.80
1755828000,4290.41
1755831600,4278.40
1755835200,4280.91
1755838800,4290.75
1755842400,4294.09
1755846000,4327.60
1755849600,4328.80
1755853200,4328.86
1755856800,4295.90
1755860400,4274.10
1755864000,4244.89
1755867600,4290.58
1755871200,4613.42
1755874800,4616.60
1755878400,4746.36
1755882000,4800.00
1755885600,4790.06
1755889200,4833.19
1755892800,4849.19
1755896400,4851.30
1755900000,4810.67
1755903600,4830.54
1755907200,4806.90
1755910800,4779.43
1755914400,4713.01
1755918000,4693.34
1755921600,4745.84
1755925200,4749.81
1755928800,4744.37
1755932400,4712.30
1755936000,4717.70
1755939600,4737.00
1755943200,4711.43
1755946800,4703.30
1755950400,4713.60
1755954000,4717.42
1755957600,4725.39
1755961200,4749.81
1755964800,4741.46
1755968400,4748.41
1755972000,4751.94
1755975600,4757.00
1755979200,4750.61
1755982800,4748.90
1755986400,4781.46
1755990000,4776.90
1755993600,4796.90
1755997200,4775.30
1756000800,4774.61
1756004400,4787.34
1756008000,4792.59
1756011600,4782.95
1756015200,4759.70
1756018800,4757.69
1756022400,4775.83
1756026000,4771.40
1756029600,4739.28
1756033200,4747.16
1756036800,4754.22
1756040400,4768.49
1756044000,4794.32
1756047600,4797.79
1756051200,4821.49
1756054800,4904.48
1756058400,4934.10
1756062000,4813.21
1756065600,4786.69
1756069200,4785.19
1756072800,4781.28
1756076400,4780.09
1756080000,4700.78
1756083600,4731.70
1756087200,4764.48
1756090800,4727.28
1756094400,4718.00
1756098000,4704.99
1756101600,4630.50
1756105200,4590.61
1756108800,4599.60
1756112400,4612.76
1756116000,4543.60
1756119600,4599.98
1756123200,4647.40
1756126800,4630.49
1756130400,4660.41
1756134000,4613.41
1756137600,4596.81
1756141200,4587.81
1756144800,4575.40
1756148400,4420.21
1756152000,4353.01
1756155600,4351.87
1756159200,4393.75
1756162800,4377.58
1756166400,4332.52
1756170000,4422.34
1756173600,4397.95
1756177200,4404.17
1756180800,4436.10
1756184400,4432.13
1756188000,4416.59
1756191600,4430.36
1756195200,4421.03
1756198800,4420.81
1756202400,4442.21
1756206000,4428.22
1756209600,4497.55
1756213200,4480.50
1756216800,4554.00
1756220400,4520.08
1756224000,4555.78
1756227600,4523.73
1756231200,4549.68
1756234800,4598.44
1756238400,4586.43
1756242000,4606.44
1756245600,4602.72
1756249200,4601.95
1756252800,4571.05
1756256400,4563.93
1756260000,4578.79
1756263600,4603.97
1756267200,4629.83
1756270800,4614.80
1756274400,4587.42
1756278000,4581.50
1756281600,4595.80
1756285200,4589.06
1756288800,4582.08
1756292400,4608.90
1756296000,4615.72
1756299600,4596.73
1756303200,4614.75
1756306800,4658.80
1756310400,4632.64
1756314000,4632.71
1756317600,4592.97
1756321200,4566.79
1756324800,4595.31
1756328400,4528.27
1756332000,4524.80
1756335600,4507.18
1756339200,4494.23
1756342800,4516.98
1756346400,4512.97
1756350000,4542.50
1756353600,4571.41
1756357200,4571.16
1756360800,4584.79
1756364400,4598.16
1756368000,4604.99
1756371600,4587.22
1756375200,4611.20
1756378800,4595.76
1756382400,4600.45
1756386000,4575.90
1756389600,4567.82
1756393200,4505.09
1756396800,4466.29
1756400400,4490.66
1756404000,4482.04
1756407600,4439.45
1756411200,4459.84
1756414800,4488.99
1756418400,4506.96
1756422000,4511.90
1756425600,4482.53
1756429200,4457.59
1756432800,4481.11
1756436400,4490.90
1756440000,4477.61
1756443600,4480.55
1756447200,4457.42
1756450800,4382.32
1756454400,4335.27
1756458000,4338.72
1756461600,4347.31
1756465200,4347.74
1756468800,4408.47
1756472400,4332.25
1756476000,4283.10
1756479600,4317.34
1756483200,4337.23
1756486800,4333.81
1756490400,4316.48
1756494000,4341.49
1756497600,4322.52
1756501200,4366.09
1756504800,4367.45
1756508400,4361.07
1756512000,4343.64
1756515600,4266.66
1756519200,4305.41
1756522800,4353.12
1756526400,4353.19
1756530000,4380.60
1756533600,4397.61
1756537200,4403.24
1756540800,4396.58
1756544400,4392.53
1756548000,4393.00
1756551600,4392.97
1756555200,4368.63
1756558800,4359.55
1756562400,4364.83
1756566000,4377.01
1756569600,4362.84
1756573200,4363.10
1756576800,4351.21
1756580400,4355.37
1756584000,4345.16
1756587600,4347.90
1756591200,4359.28
1756594800,4374.99
1756598400,4467.69
1756602000,4457.14
1756605600,4450.80
1756609200,4488.80
1756612800,4466.09
1756616400,4460.40
1756620000,4435.44
1756623600,4451.83
1756627200,4471.97
1756630800,4465.40
1756634400,4456.60
1756638000,4477.61
1756641600,4490.62
1756645200,4472.16
1756648800,4460.30
1756652400,4485.58
1756656000,4471.91
1756659600,4477.96
1756663200,4490.05
1756666800,4456.32
1756670400,4455.78
1756674000,4470.92
1756677600,4445.49
1756681200,4392.84
1756684800,4397.23
1756688400,4418.40
1756692000,4388.87
1756695600,4405.18
1756699200,4386.53
1756702800,4395.51
1756706400,4398.61
1756710000,4464.10
1756713600,4476.83
1756717200,4442.19
1756720800,4408.50
1756724400,4393.74
1756728000,4403.73
1756731600,4386.40
1756735200,4397.29
1756738800,4362.61
1756742400,4356.19
1756746000,4323.94
1756749600,4347.50
1756753200,4368.84
1756756800,4289.44
1756760400,4262.10
1756764000,4285.32
1756767600,4315.22
1756771200,4304.65
1756774800,4323.76
1756778400,4360.80
1756782000,4367.24
1756785600,4388.27
1756789200,4385.68
1756792800,4413.30
1756796400,4378.03
1756800000,4392.70
1756803600,4400.61
1756807200,4392.61
1756810800,4348.93
1756814400,4278.20
1756818000,4379.20
1756821600,4348.95
1756825200,4296.77
1756828800,4296.86
1756832400,4319.81
1756836000,4297.40
1756839600,4274.90
1756843200,4314.03
1756846800,4329.96
1756850400,4330.21
1756854000,4327.22
1756857600,4310.86
1756861200,4325.64
1756864800,4338.67
1756868400,4335.40
1756872000,4340.39
1756875600,4316.00
1756879200,4308.82
1756882800,4310.75
1756886400,4318.99
1756890000,4352.50
1756893600,4373.00
1756897200,4372.87
1756900800,4355.58
1756904400,4420.59
1756908000,4468.40
1756911600,4481.29
1756915200,4468.40
1756918800,4473.98
1756922400,4470.79
1756926000,4477.43
1756929600,4466.70
1756933200,4462.51
1756936800,4471.50
1756940400,4452.55
1756944000,4470.29
1756947600,4470.60
1756951200,4423.78
1756954800,4400.39
1756958400,4394.20
1756962000,4377.17
1756965600,4366.61
1756969200,4372.70
1756972800,4371.21
1756976400,4397.24
1756980000,4409.31
1756983600,4408.40
1756987200,4417.83
1756990800,4379.18
1756994400,4343.25
1756998000,4306.05
1757001600,4297.47
1757005200,4306.85
1757008800,4275.01
1757012400,4277.00
1757016000,4306.27
1757019600,4319.88
1757023200,4342.13
1757026800,4298.82
1757030400,4302.30
1757034000,4327.21
1757037600,4325.00
1757041200,4329.51
1757044800,4331.62
1757048400,4339.89
1757052000,4334.10
1757055600,4418.02
1757059200,4407.20
1757062800,4398.39
1757066400,4410.69
1757070000,4418.00
1757073600,4471.94
1757077200,4443.78
1757080800,4274.20
1757084400,4283.91
1757088000,4298.20
1757091600,4290.75
1757095200,4313.69
1757098800,4332.50
1757102400,4339.70
1757106000,4297.78
1757109600,4313.66
1757113200,4308.02
1757116800,4323.82
1757120400,4318.99
1757124000,4323.56
1757127600,4320.97
1757131200,4309.95
1757134800,4295.49
1757138400,4303.28
1757142000,4313.18
1757145600,4311.35
1757149200,4293.75
1757152800,4301.83
1757156400,4300.54
1757160000,4300.08
1757163600,4294.68
1757167200,4296.79
1757170800,4270.86
1757174400,4291.09
1757178000,4274.16
1757181600,4280.14
1757185200,4256.85
1757188800,4280.53
1757192400,4284.34
1757196000,4279.50
1757199600,4274.71
1757203200,4285.25
1757206800,4296.17
1757210400,4300.34
1757214000,4298.28
1757217600,4302.36
1757221200,4295.80
1757224800,4285.07
1757228400,4295.89
1757232000,4301.89
1757235600,4300.57
1757239200,4306.29
1757242800,4311.76
1757246400,4301.68
1757250000,4305.69
1757253600,4300.30
1757257200,4299.68
1757260800,4284.44
1757264400,4275.47
1757268000,4281.83
1757271600,4294.10
1757275200,4300.64
1757278800,4288.54
1757282400,4309.99
1757286000,4306.33
1757289600,4299.18
1757293200,4292.91
1757296800,4309.19
1757300400,4312.20
1757304000,4298.01
1757307600,4297.34
1757311200,4292.17
1757314800,4292.64
1757318400,4301.66
1757322000,4319.07
1757325600,4328.76
1757329200,4312.18
1757332800,4320.51
1757336400,4320.91
1757340000,4351.58
1757343600,4372.53
1757347200,4340.00
1757350800,4312.21
1757354400,4330.45
1757358000,4293.59
1757361600,4298.86
1757365200,4322.66
1757368800,4311.58
1757372400,4306.63
1757376000,4302.50
1757379600,4287.34
1757383200,4291.49
1757386800,4307.31
1757390400,4314.56
1757394000,4319.63
1757397600,4366.09
1757401200,4362.68
1757404800,4360.53
1757408400,4357.51
1757412000,4349.31
1757415600,4348.25
1757419200,4346.58
1757422800,4347.78
1757426400,4306.71
1757430000,4285.50
1757433600,4289.05
1757437200,4286.54
1757440800,4287.06
1757444400,4295.07
1757448000,4305.54
1757451600,4303.00
1757455200,4319.06
1757458800,4310.67
1757462400,4286.37
1757466000,4303.00
1757469600,4317.81
1757473200,4321.22
1757476800,4312.72
1757480400,4309.21
1757484000,4313.98
1757487600,4330.01
1757491200,4332.24
1757494800,4325.16
1757498400,4327.32
1757502000,4331.73
1757505600,4371.79
1757509200,4419.15
1757512800,4402.64
1757516400,4406.36
1757520000,4386.98
1757523600,4367.94
1757527200,4342.67
1757530800,4324.20
1757534400,4331.40
1757538000,4351.27
1757541600,4347.39
1757545200,4350.94
1757548800,4361.38
1757552400,4366.91
1757556000,4377.87
1757559600,4405.80
1757563200,4413.34
1757566800,4420.75
1757570400,4442.09
1757574000,4441.80
1757577600,4432.81
1757581200,4417.82
1757584800,4429.50
1757588400,4431.80
1757592000,4427.79
1757595600,4439.17
1757599200,4428.86
1757602800,4414.21
1757606400,4419.59
1757610000,4435.42
1757613600,4422.43
1757617200,4425.67
1757620800,4419.06
1757624400,4430.87
1757628000,4455.33
1757631600,4461.01
1757635200,4514.53
1757638800,4499.77
1757642400,4509.72
1757646000,4507.80
1757649600,4523.40
1757653200,4560.82
1757656800,4541.50
1757660400,4527.80
1757664000,4519.68
1757667600,4516.50
1757671200,4518.57
1757674800,4522.56
1757678400,4527.92
1757682000,4541.73
1757685600,4548.72
1757689200,4543.87
1757692800,4577.81
1757696400,4616.02
1757700000,4627.52
1757703600,4662.67
1757707200,4674.25
1757710800,4653.96
1757714400,4698.57
1757718000,4715.61
1757721600,4708.61
1757725200,4703.40
1757728800,4705.53
1757732400,4759.37
1757736000,4745.72
1757739600,4726.80
1757743200,4714.04
1757746800,4714.55
1757750400,4733.39
1757754000,4735.41
1757757600,4721.79
1757761200,4722.72
1757764800,4723.68
1757768400,4688.76
1757772000,4692.22
1757775600,4657.26
1757779200,4626.31
1757782800,4637.09
1757786400,4646.19
1757790000,4640.65
1757793600,4660.38
1757797200,4666.62
1757800800,4661.82
1757804400,4669.52
1757808000,4673.33
1757811600,4676.62
1757815200,4686.40
1757818800,4666.78
1757822400,4662.40
1757826000,4679.55
1757829600,4669.56
1757833200,4654.10
1757836800,4659.45
1757840400,4668.45
1757844000,4662.56
1757847600,4638.22
1757851200,4635.64
1757854800,4615.72
1757858400,4604.73
1757862000,4584.55
1757865600,4599.34
1757869200,4622.81
1757872800,4606.42
1757876400,4618.16
1757880000,4619.52
1757883600,4632.40
1757887200,4631.50
1757890800,4606.44
1757894400,4604.50
1757898000,4620.70
1757901600,4622.98
1757905200,4638.31
1757908800,4645.00
1757912400,4664.90
1757916000,4632.68
1757919600,4599.70
1757923200,4512.21
1757926800,4528.33
1757930400,4531.71
1757934000,4532.42
1757937600,4517.06
1757941200,4517.41
1757944800,4513.58
1757948400,4501.65
1757952000,4497.15
1757955600,4511.11
1757959200,4502.57
1757962800,4495.03
1757966400,4512.56
1757970000,4525.37
1757973600,4515.35
1757977200,4525.15
1757980800,4515.36
1757984400,4519.60
1757988000,4515.68
1757991600,4522.26
1757995200,4520.62
1757998800,4531.08
1758002400,4510.48
1758006000,4514.64
1758009600,4513.10
1758013200,4513.05
1758016800,4499.92
1758020400,4502.98
1758024000,4501.10
1758027600,4474.70
1758031200,4447.62
1758034800,4469.48
1758038400,4465.07
1758042000,4489.06
1758045600,4476.72
1758049200,4493.05
1758052800,4500.44
1758056400,4509.69
1758060000,4522.21
1758063600,4503.24
1758067200,4515.63
1758070800,4516.06
1758074400,4533.25
1758078000,4499.71
1758081600,4479.66
1758085200,4517.31
1758088800,4548.01
1758092400,4546.29
1758096000,4513.29
1758099600,4496.61
1758103200,4486.00
1758106800,4493.01
1758110400,4503.80
1758114000,4497.85
1758117600,4492.16
1758121200,4491.66
1758124800,4489.61
1758128400,4434.42
1758132000,4458.53
1758135600,4520.45
1758139200,4504.39
1758142800,4531.65
1758146400,4589.34
1758150000,4592.50
1758153600,4587.38
1758157200,4621.77
1758160800,4616.14
1758164400,4616.54
1758168000,4614.31
1758171600,4591.60
1758175200,4573.72
1758178800,4577.15
1758182400,4604.37
1758186000,4599.29
1758189600,4576.50
1758193200,4578.60
1758196800,4573.21
1758200400,4591.28
1758204000,4599.09
1758207600,4602.04
1758211200,4624.25
1758214800,4612.20
1758218400,4620.72
1758222000,4590.58
1758225600,4607.65
1758229200,4597.44
1758232800,4593.79
1758236400,4590.13
1758240000,4612.13
1758243600,4609.38
1758247200,4591.78
1758250800,4552.08
1758254400,4560.43
1758258000,4543.19
1758261600,4526.42
1758265200,4541.40
1758268800,4536.54
1758272400,4525.06
1758276000,4529.75
1758279600,4516.19
1758283200,4520.93
1758286800,4530.51
1758290400,4497.54
1758294000,4477.40
1758297600,4483.72
1758301200,4462.12
1758304800,4451.92
1758308400,4443.91
1758312000,4462.54
1758315600,4474.52
1758319200,4471.76
1758322800,4471.90
1758326400,4479.04
1758330000,4468.93
1758333600,4468.51
1758337200,4468.40
1758340800,4477.18
1758344400,4481.65
1758348000,4476.20
1758351600,4486.55
1758355200,4468.65
1758358800,4468.53
1758362400,4466.57
1758366000,4472.75
1758369600,4468.58
1758373200,4471.02
1758376800,4490.25
1758380400,4501.20
1758384000,4505.01
1758387600,4489.26
1758391200,4478.65
1758394800,4483.49
1758398400,4487.56
1758402000,4493.15
1758405600,4496.67
1758409200,4483.42
1758412800,4490.38
1758416400,4484.31
1758420000,4481.84
1758423600,4481.27
1758427200,4474.89
1758430800,4481.30
1758434400,4488.01
1758438000,4481.28
1758441600,4472.70
1758445200,4469.58
1758448800,4462.04
1758452400,4463.50
1758456000,4470.13
1758459600,4478.92
1758463200,4475.61
1758466800,4485.64
1758470400,4479.52
1758474000,4494.02
1758477600,4499.84
1758481200,4497.64
1758484800,4477.59
1758488400,4474.20
1758492000,4468.32
1758495600,4447.77
1758499200,4339.59
1758502800,4331.95
1758506400,4291.58
1758510000,4308.97
1758513600,4293.08
1758517200,4222.23
1758520800,4195.40
1758524400,4196.99
1758528000,4198.32
1758531600,4154.46
1758535200,4185.77
1758538800,4185.80
1758542400,4196.03
1758546000,4211.28
1758549600,4193.83
1758553200,4171.27
1758556800,4168.49
1758560400,4168.30
1758564000,4158.89
1758567600,4138.75
1758571200,4185.25
1758574800,4201.61
1758578400,4194.75
1758582000,4203.11
1758585600,4195.47
1758589200,4168.20
1758592800,4147.71
1758596400,4191.85
1758600000,4180.83
1758603600,4186.27
1758607200,4208.35
1758610800,4208.63
1758614400,4212.11
1758618000,4195.31
1758621600,4196.00
1758625200,4195.76
1758628800,4198.79
1758632400,4190.89
1758636000,4177.75
1758639600,4184.03
1758643200,4195.44
1758646800,4151.05
1758650400,4158.84
1758654000,4155.79
1758657600,4177.92
1758661200,4185.35
1758664800,4183.81
1758668400,4165.97
1758672000,4176.41
1758675600,4191.55
1758679200,4171.70
1758682800,4149.49
1758686400,4142.85
1758690000,4174.35
1758693600,4182.98
1758697200,4176.94
1758700800,4176.84
1758704400,4184.56
1758708000,4179.21
1758711600,4183.59
1758715200,4181.93
1758718800,4152.29
1758722400,4196.03
1758726000,4168.33
1758729600,4175.90
1758733200,4185.88
1758736800,4174.97
1758740400,4163.88
1758744000,4168.10
1758747600,4147.80
1758751200,4156.89
1758754800,4154.99
1758758400,4131.30
1758762000,4104.38
1758765600,4103.25
1758769200,4064.20
1758772800,4003.95
1758776400,4026.37
1758780000,3999.40
1758783600,4010.31
1758787200,4017.20
1758790800,4026.75
1758794400,4015.61
1758798000,4004.53
1758801600,3980.34
1758805200,3972.48
1758808800,4016.20
1758812400,4006.23
1758816000,3942.77
1758819600,3841.21
1758823200,3926.98
1758826800,3913.80
1758830400,3888.30
1758834000,3907.63
1758837600,3895.66
1758841200,3876.83
1758844800,3934.00
1758848400,3951.64
1758852000,3961.66
1758855600,3968.40
1758859200,3948.56
1758862800,3924.59
1758866400,3924.24
1758870000,3942.50
1758873600,3937.85
1758877200,3919.05
1758880800,3891.20
1758884400,3908.75
1758888000,3940.33
1758891600,3973.80
1758895200,3934.08
1758898800,3948.73
1758902400,3993.42
1758906000,4048.22
1758909600,4047.69
1758913200,4027.20
1758916800,4012.94
1758920400,4026.28
1758924000,4029.25
1758927600,4035.00
1758931200,4029.95
1758934800,4021.31
1758938400,4015.65
1758942000,4021.81
1758945600,4024.76
1758949200,4022.89
1758952800,4021.83
1758956400,4010.65
1758960000,3988.38
1758963600,3997.75
1758967200,4011.69
1758970800,4004.84
1758974400,4031.51
1758978000,4022.82
1758981600,4017.85
1758985200,4021.26
1758988800,4010.11
1758992400,4004.40
1758996000,3998.90
1758999600,4004.92
1759003200,4009.51
1759006800,4017.16
1759010400,4024.94
1759014000,4021.19
1759017600,4019.05
1759021200,3999.36
1759024800,4003.80
1759028400,4005.29
1759032000,4007.69
1759035600,4012.96
1759039200,4008.60
1759042800,4016.60
1759046400,4004.39
1759050000,3998.31
1759053600,3998.80
1759057200,3994.80
1759060800,3980.36
1759064400,4015.49
1759068000,4026.78
1759071600,4023.56
1759075200,4035.11
1759078800,4041.70
1759082400,4044.40
1759086000,4041.09
1759089600,4053.36
1759093200,4052.19
1759096800,4134.00
1759100400,4144.20
1759104000,4129.56
1759107600,4117.23
1759111200,4113.90
1759114800,4123.94
1759118400,4121.40
1759122000,4116.07
1759125600,4099.36
1759129200,4110.30
1759132800,4123.85
1759136400,4136.48
1759140000,4118.45
1759143600,4105.71
1759147200,4100.40
1759150800,4171.14
1759154400,4191.32
1759158000,4168.08
1759161600,4145.76
1759165200,4159.05
1759168800,4165.80
1759172400,4191.60
1759176000,4229.63
1759179600,4227.00
1759183200,4229.28
1759186800,4218.36
1759190400,4209.89
1759194000,4207.32
1759197600,4202.58
1759201200,4201.95
1759204800,4191.80
1759208400,4187.50
1759212000,4193.18
1759215600,4185.34
1759219200,4172.01
1759222800,4143.66
1759226400,4160.90
1759230000,4168.20
1759233600,4161.01
1759237200,4157.44
1759240800,4151.82
1759244400,4122.02
1759248000,4100.90
1759251600,4102.70
1759255200,4118.54
1759258800,4161.74
1759262400,4197.20
1759266000,4154.61
1759269600,4142.15
1759273200,4146.64
1759276800,4150.56
1759280400,4173.21
1759284000,4155.12
1759287600,4130.84
1759291200,4142.44
1759294800,4146.11
1759298400,4128.32
1759302000,4148.31
1759305600,4293.54
1759309200,4313.19
1759312800,4284.89
1759316400,4300.99
1759320000,4287.17
1759323600,4298.18
1759327200,4327.93
1759330800,4330.65
1759334400,4328.40
1759338000,4296.01
1759341600,4310.62
1759345200,4337.27
1759348800,4337.59
1759352400,4307.74
1759356000,4316.16
1759359600,4350.99
1759363200,4338.27
1759366800,4396.42
1759370400,4388.91
1759374000,4379.84
1759377600,4375.40
1759381200,4386.79
1759384800,4406.57
1759388400,4378.91
1759392000,4390.73
1759395600,4394.88
1759399200,4383.09
1759402800,4381.87
1759406400,4409.02
1759410000,4420.33
1759413600,4377.95
1759417200,4440.85
1759420800,4452.03
1759424400,4469.49
1759428000,4490.72
1759431600,4498.96
1759435200,4494.65
1759438800,4472.61
1759442400,4467.66
1759446000,4487.97
1759449600,4472.64
1759453200,4475.87
1759456800,4514.44
1759460400,4504.99
1759464000,4501.43
1759467600,4480.54
1759471200,4476.25
1759474800,4466.34
1759478400,4470.73
1759482000,4477.63
1759485600,4493.66
1759489200,4482.73
1759492800,4486.96
1759496400,4475.64
1759500000,4487.22
1759503600,4539.44
1759507200,4529.54
1759510800,4475.40
1759514400,4515.74
1759518000,4523.41
1759521600,4539.07
1759525200,4527.01
1759528800,4532.40
1759532400,4517.19
1759536000,4505.57
1759539600,4484.26
1759543200,4488.78
1759546800,4490.88
1759550400,4498.05
1759554000,4507.58
1759557600,4510.90
1759561200,4501.90
1759564800,4493.10
1759568400,4493.31
1759572000,4491.11
1759575600,4487.46
1759579200,4483.56
1759582800,4503.27
1759586400,4474.18
1759590000,4458.54
1759593600,4470.51
1759597200,4467.57
1759600800,4458.58
1759604400,4470.60
1759608000,4477.85
1759611600,4487.35
1759615200,4492.11
1759618800,4489.81
1759622400,4474.25
1759626000,4490.41
1759629600,4551.36
1759633200,4534.15
1759636800,4577.20
1759640400,4571.12
1759644000,4561.44
1759647600,4608.11
1759651200,4589.71
1759654800,4550.82
1759658400,4544.01
1759662000,4552.45
1759665600,4533.69
1759669200,4540.64
1759672800,4537.36
1759676400,4534.29
1759680000,4530.54
1759683600,4513.88
1759687200,4520.80
1759690800,4489.14
1759694400,4500.01
1759698000,4506.97
1759701600,4515.15
1759705200,4516.37
1759708800,4501.64
1759712400,4530.37
1759716000,4541.31
1759719600,4539.56
1759723200,4527.25
1759726800,4529.75
1759730400,4562.23
1759734000,4535.61
1759737600,4563.60
1759741200,4575.59
1759744800,4575.73
1759748400,4574.33
1759752000,4583.69
1759755600,4640.92
1759759200,4641.38
1759762800,4676.13
1759766400,4681.50
1759770000,4699.31
1759773600,4715.29
1759777200,4726.18
1759780800,4691.96
1759784400,4696.06
1759788000,4701.25
1759791600,4686.95
1759795200,4682.68
1759798800,4678.66
1759802400,4689.31
1759806000,4693.16
1759809600,4716.31
1759813200,4714.83
1759816800,4672.59
1759820400,4681.66
1759824000,4674.30
1759827600,4683.91
1759831200,4696.22
1759834800,4712.57
1759838400,4752.00
1759842000,4708.47
1759845600,4597.69
1759849200,4515.02
1759852800,4502.43
1759856400,4477.95
1759860000,4466.86
1759863600,4482.13
1759867200,4512.60
1759870800,4496.22
1759874400,4500.74
1759878000,4450.75
1759881600,4474.80
1759885200,4485.91
1759888800,4483.65
1759892400,4446.75
1759896000,4464.00
1759899600,4439.70
1759903200,4457.76
1759906800,4465.72
1759910400,4477.41
1759914000,4486.28
1759917600,4502.05
1759921200,4489.41
1759924800,4480.00
1759928400,4477.89
1759932000,4452.23
1759935600,4448.98
1759939200,4497.82
1759942800,4541.33
1759946400,4525.26
1759950000,4516.25
1759953600,4506.00
1759957200,4527.53
1759960800,4523.54
1759964400,4527.86
1759968000,4513.39
1759971600,4481.00
1759975200,4415.11
1759978800,4452.45
1759982400,4456.68
1759986000,4456.50
1759989600,4431.35
1759993200,4428.14
1759996800,4329.78
1760000400,4336.78
1760004000,4356.59
1760007600,4375.29
1760011200,4406.46
1760014800,4353.53
1760018400,4347.77
1760022000,4317.04
1760025600,4279.96
1760029200,4337.26
1760032800,4310.56
1760036400,4340.87
1760040000,4340.19
1760043600,4360.79
1760047200,4381.00
1760050800,4371.27
1760054400,4383.77
1760058000,4376.21
1760061600,4362.10
1760065200,4349.70
1760068800,4346.61
1760072400,4370.34
1760076000,4329.81
1760079600,4325.96
1760083200,4348.08
1760086800,4324.16
1760090400,4344.81
1760094000,4345.14
1760097600,4350.81
1760101200,4358.01
1760104800,4282.11
1760108400,4105.30
1760112000,4110.42
1760115600,4095.70
1760119200,4054.98
1760122800,3998.13
1760126400,3871.84
1760130000,3968.09
1760133600,3866.43
1760137200,3836.62
1760140800,3844.10
1760144400,3738.15
1760148000,3846.39
1760151600,3797.14
1760155200,3826.20
1760158800,3793.98
1760162400,3786.59
1760166000,3762.99
1760169600,3819.06
1760173200,3833.34
1760176800,3837.42
1760180400,3843.63
1760184000,3827.28
1760187600,3836.28
1760191200,3818.08
1760194800,3828.71
1760198400,3824.28
1760202000,3829.49
1760205600,3819.49
1760209200,3764.48
1760212800,3699.26
1760216400,3740.33
1760220000,3747.52
1760223600,3751.09
1760227200,3705.00
1760230800,3723.21
1760234400,3737.58
1760238000,3785.26
1760241600,3805.45
1760245200,3809.54
1760248800,3836.62
1760252400,3831.60
1760256000,3825.25
1760259600,3845.41
1760263200,3822.61
1760266800,3822.14
1760270400,3833.64
1760274000,3811.40
1760277600,3976.71
1760281200,4036.94
1760284800,4109.68
1760288400,4130.72
1760292000,4112.12
1760295600,4138.81
1760299200,4140.13
1760302800,4139.44
1760306400,4138.67
1760310000,4156.17
1760313600,4143.87
1760317200,4202.85
1760320800,4162.88
1760324400,4144.17
1760328000,4145.06
1760331600,4134.80
1760335200,4172.70
1760338800,4181.50
1760342400,4178.29
1760346000,4167.93
1760349600,4155.35
1760353200,4084.09
1760356800,4100.85
1760360400,4168.36
1760364000,4099.31
1760367600,4139.38
1760371200,4168.75
1760374800,4239.64
1760378400,4232.20
1760382000,4256.15
1760385600,4290.67
1760389200,4263.23
1760392800,4275.60
1760396400,4245.16
1760400000,4246.20
1760403600,4215.35
1760407200,4175.71
1760410800,4157.09
1760414400,4103.27
1760418000,4073.55
1760421600,4006.54
1760425200,3983.99
1760428800,4000.01
1760432400,3988.56
1760436000,3946.03
1760439600,3974.85
1760443200,3944.31
1760446800,3959.19
1760450400,3971.65
1760454000,4088.50
1760457600,4099.10
1760461200,4104.00
1760464800,4123.19
1760468400,4105.57
1760472000,4120.29
1760475600,4119.91
1760479200,4121.04
1760482800,4126.89
1760486400,4121.76
1760490000,4116.11
1760493600,4121.27
1760497200,4083.66
1760500800,4118.53
1760504400,4112.59
1760508000,4121.57
1760511600,4124.84
1760515200,4184.89
1760518800,4158.96
1760522400,4121.97
1760526000,4102.90
1760529600,4098.11
1760533200,4057.88
1760536800,4013.49
1760540400,3983.76
1760544000,3979.37
1760547600,3995.32
1760551200,4010.00
1760554800,3984.60
1760558400,3963.94
1760562000,3956.20
1760565600,3963.91
1760569200,3987.79
1760572800,3984.24
1760576400,4012.19
1760580000,4033.82
1760583600,4017.01
1760587200,4001.54
1760590800,3998.75
1760594400,4043.77
1760598000,4005.58
1760601600,3996.35
1760605200,4031.66
1760608800,4050.84
1760612400,4063.89
1760616000,4056.51
1760619600,4022.98
1760623200,4018.08
1760626800,3909.23
1760630400,3966.46
1760634000,3923.59
1760637600,3907.21
1760641200,3868.86
1760644800,3852.88
1760648400,3885.01
1760652000,3866.87
1760655600,3895.50
1760659200,3929.09
1760662800,3921.48
1760666400,3923.85
1760670000,3934.64
1760673600,3914.00
1760677200,3896.55
1760680800,3820.50
1760684400,3756.65
1760688000,3709.24
1760691600,3724.30
1760695200,3725.26
1760698800,3778.73
1760702400,3775.96
1760706000,3790.51
1760709600,3750.99
1760713200,3798.72
1760716800,3789.17
1760720400,3818.40
1760724000,3837.28
1760727600,3828.62
1760731200,3860.46
1760734800,3877.98
1760738400,3855.92
1760742000,3833.19
1760745600,3841.99
1760749200,3870.21
1760752800,3852.84
1760756400,3872.43
1760760000,3845.84
1760763600,3868.92
1760767200,3873.99
1760770800,3894.46
1760774400,3878.76
1760778000,3880.45
1760781600,3878.17
1760785200,3883.93
1760788800,3884.90
1760792400,3867.42
1760796000,3875.45
1760799600,3879.36
1760803200,3867.31
1760806800,3894.99
1760810400,3890.00
1760814000,3895.16
1760817600,3887.30
1760821200,3893.31
1760824800,3887.64
1760828400,3890.63
1760832000,3870.87
1760835600,3875.54
1760839200,3874.64
1760842800,3907.47
1760846400,3904.32
1760850000,3898.21
1760853600,3882.84
1760857200,3889.60
1760860800,3864.35
1760864400,3913.90
1760868000,3932.44
1760871600,3925.49
1760875200,3924.50
1760878800,3973.13
1760882400,3990.91
1760886000,3980.67
1760889600,3982.99
1760893200,3995.29
1760896800,4003.90
1760900400,3987.99
1760904000,4003.19
1760907600,3999.95
1760911200,4022.51
1760914800,3984.31
1760918400,3943.56
1760922000,3940.01
1760925600,3958.33
1760929200,4028.34
1760932800,4056.02
1760936400,4062.85
1760940000,4077.01
1760943600,4056.78
1760947200,4047.29
1760950800,4046.61
1760954400,4027.97
1760958000,4036.64
1760961600,4039.50
1760965200,4040.66
1760968800,4040.15
1760972400,4005.45
1760976000,3951.06
1760979600,3952.64
1760983200,3975.49
1760986800,3982.60
1760990400,3999.97
1760994000,3978.47
1760997600,3990.29
1761001200,3980.86
1761004800,3973.73
1761008400,3949.26
1761012000,3933.14
1761015600,3924.36
1761019200,3852.30
1761022800,3865.15
1761026400,3888.69
1761030000,3893.86
1761033600,3869.06
1761037200,3865.69
1761040800,3885.11
1761044400,3891.64
1761048000,3882.29
1761051600,3867.72
1761055200,4022.92
1761058800,4084.00
1761062400,4031.50
1761066000,4016.80
1761069600,4016.40
1761073200,3998.00
1761076800,3956.23
1761080400,3947.56
1761084000,3903.59
1761087600,3875.04
1761091200,3844.33
1761094800,3872.04
1761098400,3864.24
1761102000,3861.60
1761105600,3881.25
1761109200,3863.07
1761112800,3855.29
1761116400,3870.91
1761120000,3856.08
1761123600,3839.52
1761127200,3822.92
1761130800,3831.10
1761134400,3849.06
1761138000,3876.21
1761141600,3854.33
1761145200,3842.50
1761148800,3836.69
1761152400,3808.65
1761156000,3803.80
1761159600,3804.57
1761163200,3782.34
1761166800,3745.01
1761170400,3753.21
1761174000,3806.18
1761177600,3815.98
1761181200,3822.51
1761184800,3826.76
1761188400,3828.02
1761192000,3837.20
1761195600,3849.30
1761199200,3893.20
1761202800,3882.40
1761206400,3888.83
1761210000,3891.69
1761213600,3878.86
1761217200,3864.64
1761220800,3854.63
1761224400,3852.81
1761228000,3848.88
1761231600,3878.40
1761235200,3919.68
1761238800,3923.10
1761242400,3872.00
1761246000,3861.28
1761249600,3830.65
1761253200,3830.16
1761256800,3852.61
1761260400,3858.59
1761264000,3869.41
1761267600,3883.05
1761271200,3890.64
1761274800,3892.70
1761278400,3975.78
1761282000,3975.73
1761285600,3984.12
1761289200,3950.57
1761292800,3954.15
1761296400,3960.16
1761300000,3958.08
1761303600,3947.97
1761307200,3965.26
1761310800,3948.10
1761314400,3903.75
1761318000,3890.16
1761321600,3890.35
1761325200,3889.45
1761328800,3912.85
1761332400,3927.60
1761336000,3939.72
1761339600,3944.75
1761343200,3936.99
1761346800,3936.10
1761350400,3919.68
1761354000,3934.24
1761357600,3935.38
1761361200,3922.02
1761364800,3924.03
1761368400,3932.30
1761372000,3929.40
1761375600,3929.78
1761379200,3954.90
1761382800,3943.68
1761386400,3943.56
1761390000,3941.25
1761393600,3954.56
1761397200,3944.04
1761400800,3939.63
1761404400,3934.04
1761408000,3933.80
1761411600,3935.60
1761415200,3960.60
1761418800,3958.08
1761422400,3945.95
1761426000,3953.54
1761429600,3962.23
1761433200,3954.84
1761436800,3951.01
1761440400,3934.18
1761444000,3931.46
1761447600,3932.54
1761451200,3940.86
1761454800,3943.55
1761458400,3945.54
1761462000,3952.21
1761465600,3960.54
1761469200,3988.80
1761472800,3983.68
1761476400,4045.86
1761480000,4073.40
1761483600,4084.19
1761487200,4067.40
1761490800,4075.41
1761494400,4056.51
1761498000,4060.00
1761501600,4072.82
1761505200,4068.59
1761508800,4062.74
1761512400,4081.29
1761516000,4161.04
1761519600,4159.44
1761523200,4171.03
1761526800,4192.68
1761530400,4206.48
1761534000,4205.53
1761537600,4213.91
1761541200,4233.70
1761544800,4235.76
1761548400,4202.18
1761552000,4167.13
1761555600,4160.64
1761559200,4167.70
1761562800,4162.65
1761566400,4145.58
1761570000,4178.16
1761573600,4149.48
1761577200,4173.78
1761580800,4215.12
1761584400,4222.30
1761588000,4215.91
1761591600,4194.90
1761595200,4129.56
1761598800,4117.61
1761602400,4123.62
1761606000,4120.92
1761609600,4115.85
1761613200,4137.24
1761616800,4096.56
1761620400,4094.41
1761624000,4100.52
1761627600,4068.72
1761631200,4113.47
1761634800,4117.30
1761638400,4123.99
1761642000,4123.25
1761645600,4118.65
1761649200,4112.68
1761652800,4122.04
1761656400,4159.00
1761660000,4119.83
1761663600,4097.08
1761667200,4135.41
1761670800,4140.94
1761674400,4115.96
1761678000,4040.58
1761681600,3980.08
1761685200,3983.72
1761688800,3996.00
1761692400,3980.36
1761696000,3973.95
1761699600,3983.83
1761703200,4003.94
1761706800,3998.73
1761710400,4014.35
1761714000,4028.01
1761717600,4025.46
1761721200,4025.80
1761724800,4008.81
1761728400,3998.76
1761732000,3990.45
1761735600,4012.30
1761739200,4017.35
1761742800,3996.16
1761746400,3989.19
1761750000,3952.19
1761753600,3962.98
1761757200,4015.33
1761760800,3918.80
1761764400,3906.50
1761768000,3952.49
1761771600,3957.63
1761775200,3942.00
1761778800,3904.05
1761782400,3923.02
1761786000,3928.20
1761789600,3946.55
1761793200,3935.59
1761796800,3872.43
1761800400,3917.68
1761804000,3914.29
1761807600,3940.49
1761811200,3922.25
1761814800,3900.69
1761818400,3893.39
1761822000,3881.38
1761825600,3818.76
1761829200,3767.48
1761832800,3801.71
1761836400,3774.02
1761840000,3781.36
1761843600,3771.29
1761847200,3721.20
1761850800,3686.18
1761854400,3756.85
1761858000,3773.51
1761861600,3783.84
1761865200,3804.96
1761868800,3831.84
1761872400,3846.96
1761876000,3821.37
1761879600,3829.27
1761883200,3862.56
1761886800,3850.20
1761890400,3830.85
1761894000,3831.10
1761897600,3851.65
1761901200,3844.96
1761904800,3835.30
1761908400,3873.40
1761912000,3835.75
1761915600,3859.18
1761919200,3866.52
1761922800,3860.22
1761926400,3821.60
1761930000,3826.66
1761933600,3851.54
1761937200,3884.89
1761940800,3859.48
1761944400,3860.70
1761948000,3854.65
1761951600,3847.09
1761955200,3846.50
1761958800,3842.85
1761962400,3850.93
1761966000,3860.28
1761969600,3865.47
1761973200,3854.22
1761976800,3857.49
1761980400,3859.60
1761984000,3880.60
1761987600,3873.94
1761991200,3875.32
1761994800,3876.35
1761998400,3874.95
1762002000,3869.18
1762005600,3872.23
1762009200,3893.75
1762012800,3891.30
1762016400,3865.39
1762020000,3879.58
1762023600,3879.18
1762027200,3880.61
1762030800,3866.80
1762034400,3873.91
1762038000,3872.96
1762041600,3865.40
1762045200,3871.50
1762048800,3879.60
1762052400,3880.19
1762056000,3907.85
1762059600,3902.52
1762063200,3901.57
1762066800,3906.14
1762070400,3894.36
1762074000,3872.28
1762077600,3862.81
1762081200,3890.50
1762084800,3877.19
1762088400,3868.20
1762092000,3852.72
1762095600,3853.24
1762099200,3864.30
1762102800,3859.20
1762106400,3863.99
1762110000,3856.10
1762113600,3858.72
1762117200,3861.14
1762120800,3854.64
1762124400,3906.25
1762128000,3865.09
1762131600,3838.20
1762135200,3799.95
1762138800,3737.04
1762142400,3747.24
1762146000,3732.35
1762149600,3718.98
1762153200,3714.49
1762156800,3716.88
1762160400,3703.26
1762164000,3675.86
1762167600,3711.68
1762171200,3709.72
1762174800,3720.28
1762178400,3734.64
1762182000,3589.03
1762185600,3619.13
1762189200,3666.46
1762192800,3632.03
1762196400,3630.97
1762200000,3587.54
1762203600,3601.79
1762207200,3589.88
1762210800,3603.78
1762214400,3617.75
1762218000,3644.16
1762221600,3625.58
1762225200,3641.97
1762228800,3625.18
1762232400,3491.61
1762236000,3511.70
1762239600,3493.42
1762243200,3494.70
1762246800,3491.07
1762250400,3484.69
1762254000,3528.60
1762257600,3510.60
1762261200,3506.45
1762264800,3554.82
1762268400,3506.85
1762272000,3428.82
1762275600,3371.77
1762279200,3301.92
1762282800,3229.35
1762286400,3211.91
1762290000,3213.85
1762293600,3247.23
1762297200,3286.85
1762300800,3240.45
1762304400,3243.87
1762308000,3325.23
1762311600,3335.27
1762315200,3329.40
1762318800,3326.35
1762322400,3337.69
1762326000,3331.33
1762329600,3301.04
1762333200,3308.02
1762336800,3276.60
1762340400,3322.67
1762344000,3345.19
1762347600,3360.40
1762351200,3348.29
1762354800,3398.18
1762358400,3437.45
1762362000,3435.71
1762365600,3462.10
1762369200,3455.06
1762372800,3451.50
1762376400,3442.53
1762380000,3424.75
1762383600,3425.03
1762387200,3407.80
1762390800,3405.58
1762394400,3422.17
1762398000,3432.95
1762401600,3452.89
1762405200,3388.58
1762408800,3384.79
1762412400,3380.33
1762416000,3385.18
1762419600,3383.00
1762423200,3393.44
1762426800,3399.22
1762430400,3349.00
1762434000,3390.28
1762437600,3328.29
1762441200,3299.76
1762444800,3275.41
1762448400,3328.36
1762452000,3328.50
1762455600,3325.25
1762459200,3305.52
1762462800,3325.00
1762466400,3318.40
1762470000,3313.96
1762473600,3323.91
1762477200,3323.82
1762480800,3345.80
1762484400,3344.14
1762488000,3337.40
1762491600,3365.90
1762495200,3347.03
1762498800,3357.01
1762502400,3340.80
1762506000,3300.01
1762509600,3279.39
1762513200,3258.78
1762516800,3221.42
1762520400,3239.67
1762524000,3286.92
1762527600,3295.36
1762531200,3307.46
1762534800,3384.24
1762538400,3424.82
1762542000,3442.36
1762545600,3464.62
1762549200,3467.96
1762552800,3444.72
1762556400,3434.40
1762560000,3422.51
1762563600,3435.20
1762567200,3439.80
1762570800,3452.61
1762574400,3457.56
1762578000,3430.01
1762581600,3444.33
1762585200,3446.69
1762588800,3453.40
1762592400,3438.72
1762596000,3444.85
1762599600,3411.99
1762603200,3407.84
1762606800,3395.76
1762610400,3399.00
1762614000,3376.50
1762617600,3367.67
1762621200,3398.86
1762624800,3401.99
1762628400,3388.81
1762632000,3397.38
1762635600,3405.51
1762639200,3409.08
1762642800,3401.03
1762646400,3384.13
1762650000,3400.29
1762653600,3367.68
1762657200,3375.24
1762660800,3374.14
1762664400,3405.11
1762668000,3404.67
1762671600,3422.90
1762675200,3421.44
1762678800,3401.04
1762682400,3401.92
1762686000,3428.40
1762689600,3441.51
1762693200,3458.45
1762696800,3506.60
1762700400,3515.64
1762704000,3528.00
1762707600,3515.28
1762711200,3541.41
1762714800,3579.86
1762718400,3579.02
1762722000,3580.94
1762725600,3587.35
1762729200,3583.08
1762732800,3635.28
1762736400,3629.66
1762740000,3628.35
1762743600,3627.49
1762747200,3617.34
1762750800,3608.16
1762754400,3605.30
1762758000,3609.12
1762761600,3594.25
1762765200,3624.46
1762768800,3606.35
1762772400,3610.09
1762776000,3591.47
1762779600,3615.38
1762783200,3541.59
1762786800,3519.11
1762790400,3529.03
1762794000,3554.98
1762797600,3532.41
1762801200,3558.28
1762804800,3571.56
1762808400,3541.34
1762812000,3575.65
1762815600,3567.27
1762819200,3585.57
1762822800,3580.72
1762826400,3615.10
1762830000,3605.65
1762833600,3574.56
1762837200,3548.35
1762840800,3557.23
1762844400,3544.19
1762848000,3562.67
1762851600,3555.86
1762855200,3560.71
1762858800,3574.39
1762862400,3541.70
1762866000,3533.04
1762869600,3530.21
1762873200,3481.31
1762876800,3484.92
1762880400,3473.16
1762884000,3468.61
1762887600,3456.66
1762891200,3437.93
1762894800,3416.76
1762898400,3429.13
1762902000,3416.88
1762905600,3417.38
1762909200,3446.77
1762912800,3426.71
1762916400,3438.31
1762920000,3444.35
1762923600,3449.42
1762927200,3438.65
1762930800,3428.54
1762934400,3469.01
1762938000,3484.16
1762941600,3534.11
1762945200,3549.78
1762948800,3552.60
1762952400,3576.80
1762956000,3502.99
1762959600,3427.92
1762963200,3399.58
1762966800,3429.60
1762970400,3423.97
1762974000,3407.90
1762977600,3416.77
1762981200,3423.21
1762984800,3421.95
1762988400,3414.98
1762992000,3412.21
1762995600,3424.30
1762999200,3434.41
1763002800,3452.80
1763006400,3482.49
1763010000,3528.60
1763013600,3540.89
1763017200,3538.20
1763020800,3523.77
1763024400,3486.30
1763028000,3505.45
1763031600,3501.16
1763035200,3501.37
1763038800,3437.84
1763042400,3443.60
1763046000,3387.00
1763049600,3326.97
1763053200,3254.48
1763056800,3212.96
1763060400,3197.06
1763064000,3170.35
1763067600,3178.08
1763071200,3228.05
1763074800,3230.06
1763078400,3199.65
1763082000,3206.10
1763085600,3236.71
1763089200,3227.33
1763092800,3162.71
1763096400,3191.61
1763100000,3221.70
1763103600,3214.35
1763107200,3203.80
1763110800,3155.36
1763114400,3175.01
1763118000,3143.41
1763121600,3125.01
1763125200,3119.65
1763128800,3197.76
1763132400,3195.08
1763136000,3229.71
1763139600,3178.87
1763143200,3167.53
1763146800,3206.40
1763150400,3135.85
1763154000,3165.32
1763157600,3157.14
1763161200,3110.78
1763164800,3139.11
1763168400,3171.59
1763172000,3191.61
1763175600,3177.54
1763179200,3170.49
1763182800,3177.21
1763186400,3173.95
1763190000,3174.73
1763193600,3141.29
1763197200,3150.87
1763200800,3167.20
1763204400,3150.48
1763208000,3160.49
1763211600,3191.40
1763215200,3176.28
1763218800,3184.34
1763222400,3184.65
1763226000,3213.37
1763229600,3206.17
1763233200,3195.99
1763236800,3173.03
1763240400,3156.18
1763244000,3169.89
1763247600,3166.46
1763251200,3151.44
1763254800,3149.04
1763258400,3201.35
1763262000,3201.11
1763265600,3192.64
1763269200,3203.04
1763272800,3199.52
1763276400,3217.90
1763280000,3217.43
1763283600,3246.35
1763287200,3234.12
1763290800,3167.48
1763294400,3167.88
1763298000,3152.44
1763301600,3170.54
1763305200,3103.49
1763308800,3060.23
1763312400,3078.10
1763316000,3059.14
1763319600,3089.36
1763323200,3087.99
1763326800,3072.19
1763330400,3090.18
1763334000,3093.25
1763337600,3134.99
1763341200,3113.16
1763344800,3147.50
1763348400,3175.07
1763352000,3183.80
1763355600,3184.80
1763359200,3192.12
1763362800,3196.69
1763366400,3188.31
1763370000,3193.04
1763373600,3194.89
1763377200,3202.06
1763380800,3182.00
1763384400,3119.71
1763388000,3150.19
1763391600,3118.82
1763395200,3132.20
1763398800,3056.60
1763402400,3023.09
1763406000,2979.41
1763409600,3001.42
1763413200,3006.12
1763416800,3020.70
1763420400,3028.59
1763424000,3030.01
1763427600,3014.55
1763431200,2982.70
1763434800,3021.79
1763438400,3003.25
1763442000,3009.25
1763445600,2986.91
1763449200,3021.40
1763452800,3057.80
1763456400,3057.62
1763460000,3063.47
1763463600,3055.23
1763467200,3047.04
1763470800,3045.88
1763474400,3055.58
1763478000,3105.04
1763481600,3150.91
1763485200,3134.24
1763488800,3159.64
1763492400,3144.81
1763496000,3122.20
1763499600,3097.07
1763503200,3124.24
1763506800,3122.66
1763510400,3099.40
1763514000,3104.00
1763517600,3112.41
1763521200,3071.82
1763524800,3046.63
1763528400,3016.11
1763532000,3039.52
1763535600,3084.00
1763539200,3078.98
1763542800,3087.25
1763546400,3090.10
1763550000,3082.23
1763553600,3099.19
1763557200,3065.69
1763560800,3059.17
1763564400,2971.61
1763568000,2948.38
1763571600,2921.04
1763575200,2897.24
1763578800,2878.96
1763582400,2942.67
1763586000,2989.20
1763589600,2982.00
1763593200,3023.36
1763596800,3017.05
1763600400,3045.84
1763604000,3041.75
1763607600,3037.22
1763611200,3052.23
1763614800,3033.56
1763618400,3018.72
1763622000,3037.24
1763625600,3028.91
1763629200,3009.20
1763632800,3013.06
1763636400,3021.36
1763640000,3026.60
1763643600,2997.60
1763647200,2998.61
1763650800,2953.42
1763654400,2859.60
1763658000,2831.22
1763661600,2811.79
1763665200,2845.10
1763668800,2832.68
1763672400,2876.80
1763676000,2883.60
1763679600,2831.61
1763683200,2858.49
1763686800,2859.30
1763690400,2780.00
1763694000,2806.40
1763697600,2816.10
1763701200,2807.03
1763704800,2787.51
1763708400,2716.80
1763712000,2735.20
1763715600,2678.81
1763719200,2694.38
1763722800,2685.89
1763726400,2724.63
1763730000,2739.49
1763733600,2767.92
1763737200,2702.60
1763740800,2760.57
1763744400,2779.00
1763748000,2777.76
1763751600,2750.72
1763755200,2736.37
1763758800,2765.53
1763762400,2720.58
1763766000,2764.65
1763769600,2764.97
1763773200,2773.49
1763776800,2751.69
1763780400,2751.36
1763784000,2745.90
1763787600,2743.00
1763791200,2765.09
1763794800,2755.00
1763798400,2728.76
1763802000,2724.59
1763805600,2711.89
1763809200,2733.79
1763812800,2720.20
1763816400,2718.50
1763820000,2744.99
1763823600,2738.03
1763827200,2754.30
1763830800,2749.08
1763834400,2751.47
1763838000,2749.65
1763841600,2740.47
1763845200,2746.76
1763848800,2788.17
1763852400,2769.07
1763856000,2771.89
1763859600,2807.46
1763863200,2820.14
1763866800,2823.50
1763870400,2826.90
1763874000,2824.45
1763877600,2809.29
1763881200,2792.80
1763884800,2810.55
1763888400,2815.80
1763892000,2807.88
1763895600,2814.70
1763899200,2834.35
1763902800,2843.50
1763906400,2814.13
1763910000,2835.86
1763913600,2799.49
1763917200,2792.25
1763920800,2808.29
1763924400,2822.19
1763928000,2828.10
1763931600,2841.16
1763935200,2838.60
1763938800,2801.84
1763942400,2787.80
1763946000,2805.75
1763949600,2839.91
1763953200,2855.87
1763956800,2824.17
1763960400,2866.28
1763964000,2838.56
1763967600,2829.25
1763971200,2838.07
1763974800,2796.90
1763978400,2798.21
1763982000,2802.40
1763985600,2802.87
1763989200,2814.60
1763992800,2831.29
1763996400,2845.53
1764000000,2858.21
1764003600,2939.72
1764007200,2957.37
1764010800,2958.80
1764014400,2973.00
1764018000,2959.33
1764021600,2960.40
1764025200,2953.29
1764028800,2942.92
1764032400,2918.95
1764036000,2930.70
1764039600,2911.71
1764043200,2937.36
1764046800,2928.39
1764050400,2922.31
1764054000,2902.77
1764057600,2871.85
1764061200,2892.10
1764064800,2898.51
1764068400,2891.08
1764072000,2927.24
1764075600,2907.36
1764079200,2880.80
1764082800,2894.88
1764086400,2928.28
1764090000,2935.84
1764093600,2923.30
1764097200,2922.31
1764100800,2928.31
1764104400,2930.99
1764108000,2969.80
1764111600,2959.20
1764115200,2953.75
1764118800,2969.84
1764122400,2956.44
1764126000,2926.56
1764129600,2930.36
1764133200,2943.95
1764136800,2945.90
1764140400,2944.20
1764144000,2912.77
1764147600,2906.55
1764151200,2913.70
1764154800,2913.79
1764158400,2901.25
1764162000,2933.96
1764165600,2910.59
1764169200,2927.36
1764172800,2946.22
1764176400,3027.15
1764180000,3034.42
1764183600,3032.79
1764187200,3025.02
1764190800,3022.24
1764194400,3028.11
1764198000,3026.96
1764201600,3035.65
1764205200,3052.79
1764208800,3037.80
1764212400,3033.65
1764216000,3041.53
1764219600,3023.62
1764223200,3028.60
1764226800,3033.89
1764230400,3028.61
1764234000,3028.22
1764237600,3034.83
1764241200,3028.55
1764244800,2991.42
1764248400,2995.80
1764252000,2996.68
1764255600,3011.26
1764259200,3021.40
1764262800,3020.42
1764266400,3037.99
1764270000,3032.10
1764273600,3039.01
1764277200,3033.26
1764280800,3011.50
1764284400,3015.56
1764288000,3015.10
1764291600,2998.68
1764295200,3012.70
1764298800,3008.67
1764302400,3017.70
1764306000,3024.29
1764309600,3010.04
1764313200,3002.05
1764316800,3065.52
1764320400,3055.67
1764324000,3061.36
1764327600,3034.36
1764331200,3036.76
1764334800,3074.53
1764338400,3068.39
1764342000,3074.86
1764345600,3026.37
1764349200,3036.19
1764352800,3043.49
1764356400,3050.83
1764360000,3057.34
1764363600,3037.35
1764367200,3040.64
1764370800,3032.19
1764374400,3037.05
1764378000,3039.50
1764381600,3031.76
1764385200,3023.56
1764388800,3041.53
1764392400,3033.58
1764396000,3008.51
1764399600,3005.91
1764403200,3009.51
1764406800,3003.20
1764410400,2998.53
1764414000,3001.11
1764417600,2998.35
1764421200,3000.06
1764424800,2989.68
1764428400,3008.88
1764432000,3004.66
1764435600,2971.15
1764439200,2996.12
1764442800,2989.61
1764446400,2998.74
1764450000,2995.38
1764453600,2989.89
1764457200,2990.25
1764460800,2998.33
1764464400,3006.34
1764468000,2991.96
1764471600,3002.81
1764475200,2999.52
1764478800,2993.29
1764482400,2999.00
1764486000,3006.30
1764489600,3007.92
1764493200,3010.75
1764496800,3010.26
1764500400,3003.95
1764504000,3026.82
1764507600,3049.56
1764511200,3038.35
1764514800,3029.24
1764518400,3044.30
1764522000,3041.75
1764525600,3037.41
1764529200,3035.26
1764532800,3029.46
1764536400,3022.89
1764540000,3033.90
1764543600,2992.25
1764547200,2837.17
1764550800,2851.77
1764554400,2838.89
1764558000,2826.45
1764561600,2822.33
1764565200,2828.16
1764568800,2825.09
1764572400,2840.24
1764576000,2841.09
1764579600,2839.59
1764583200,2844.09
1764586800,2838.22
1764590400,2821.07
1764594000,2813.35
1764597600,2818.29
1764601200,2745.75
1764604800,2731.68
1764608400,2739.76
1764612000,2749.81
1764615600,2741.11
1764619200,2757.89
1764622800,2792.00
1764626400,2797.80
1764630000,2799.00
1764633600,2796.30
1764637200,2795.75
1764640800,2801.64
1764644400,2804.96
1764648000,2805.36
1764651600,2803.85
1764655200,2813.43
1764658800,2806.27
1764662400,2798.68
1764666000,2798.33
1764669600,2823.60
1764673200,2826.36
1764676800,2828.52
1764680400,2845.45
1764684000,2895.56
1764687600,3007.16
1764691200,2996.15
1764694800,3016.85
1764698400,3014.64
1764702000,3016.75
1764705600,2981.23
1764709200,2996.50
1764712800,3018.79
1764716400,2997.19
1764720000,3004.63
1764723600,3016.83
1764727200,3031.96
1764730800,3031.56
1764734400,3057.65
1764738000,3060.08
1764741600,3068.36
1764745200,3058.80
1764748800,3052.40
1764752400,3061.60
1764756000,3056.57
1764759600,3074.10
1764763200,3082.36
1764766800,3091.36
1764770400,3077.31
1764774000,3087.50
1764777600,3089.49
1764781200,3129.18
1764784800,3116.66
1764788400,3129.60
1764792000,3139.44
1764795600,3165.12
1764799200,3189.97
1764802800,3189.50
1764806400,3199.13
1764810000,3204.09
1764813600,3222.45
1764817200,3211.19
1764820800,3192.82
1764824400,3185.80
1764828000,3205.89
1764831600,3191.16
1764835200,3184.92
1764838800,3200.88
1764842400,3189.36
1764846000,3187.50
1764849600,3176.97
1764853200,3171.21
1764856800,3145.00
1764860400,3209.05
1764864000,3170.25
1764867600,3162.06
1764871200,3142.40
1764874800,3120.60
1764878400,3142.40
1764882000,3124.41
1764885600,3144.53
1764889200,3134.45
1764892800,3147.99
1764896400,3164.88
1764900000,3184.39
1764903600,3171.98
1764907200,3169.49
1764910800,3157.00
1764914400,3170.21
1764918000,3175.28
1764921600,3156.46
1764925200,3123.35
1764928800,3136.14
1764932400,3132.58
1764936000,3129.26
1764939600,3100.38
1764943200,3104.14
1764946800,3107.15
1764950400,3034.31
1764954000,3034.74
1764957600,3008.50
1764961200,3039.30
1764964800,3023.57
1764968400,3021.11
1764972000,3027.85
1764975600,3022.89
1764979200,3026.99
1764982800,3027.67
1764986400,3030.10
1764990000,3041.40
1764993600,3037.77
1764997200,3038.32
1765000800,3040.58
1765004400,3027.20
1765008000,3015.34
1765011600,3031.09
1765015200,3032.01
1765018800,3039.81
1765022400,3032.32
1765026000,3036.77
1765029600,3056.10
1765033200,3042.64
1765036800,3053.51
1765040400,3056.66
1765044000,3043.37
1765047600,3031.68
1765051200,3040.83
1765054800,3043.80
1765058400,3043.24
1765062000,3039.09
1765065600,3045.79
1765069200,3043.92
1765072800,3055.02
1765076400,3054.90
1765080000,3047.62
1765083600,3045.64
1765087200,3049.14
1765090800,3038.25
1765094400,3035.53
1765098000,3031.28
1765101600,3038.71
1765105200,3036.44
1765108800,3049.74
1765112400,3032.37
1765116000,2943.87
1765119600,3027.95
1765123200,3040.32
1765126800,3113.77
1765130400,3129.89
1765134000,3138.55
1765137600,3141.71
1765141200,3086.11
1765144800,3034.20
1765148400,3060.54
1765152000,3064.02
1765155600,3098.92
1765159200,3110.47
1765162800,3111.56
1765166400,3129.06
1765170000,3130.94
1765173600,3130.93
1765177200,3134.62
1765180800,3144.35
1765184400,3159.34
1765188000,3161.05
1765191600,3142.89
1765195200,3132.19
1765198800,3146.29
1765202400,3128.94
1765206000,3102.12
1765209600,3108.60
1765213200,3121.39
1765216800,3093.34
1765220400,3119.39
1765224000,3136.60
1765227600,3147.30
1765231200,3130.57
1765234800,3125.20
1765238400,3120.38
1765242000,3107.56
1765245600,3099.30
1765249200,3129.99
1765252800,3108.19
1765256400,3108.90
1765260000,3113.66
1765263600,3123.50
1765267200,3121.46
1765270800,3106.41
1765274400,3108.10
1765278000,3118.87
1765281600,3137.94
1765285200,3118.06
1765288800,3117.64
1765292400,3246.34
1765296000,3366.65
1765299600,3375.85
1765303200,3376.87
1765306800,3358.60
1765310400,3328.08
1765314000,3302.50
1765317600,3329.25
1765321200,3318.92
1765324800,3306.82
1765328400,3303.79
1765332000,3311.89
1765335600,3310.55
1765339200,3323.60
1765342800,3323.20
1765346400,3326.55
1765350000,3327.99
1765353600,3323.01
1765357200,3348.65
1765360800,3312.81
1765364400,3319.09
1765368000,3324.57
1765371600,3335.01
1765375200,3320.00
1765378800,3328.61
1765382400,3351.96
1765386000,3371.26
1765389600,3382.25
1765393200,3391.00
1765396800,3356.67
1765400400,3341.03
1765404000,3347.54
1765407600,3325.40
1765411200,3280.70
1765414800,3255.90
1765418400,3212.56
1765422000,3193.03
1765425600,3216.10
1765429200,3215.36
1765432800,3203.68
1765436400,3202.33
1765440000,3197.97
1765443600,3199.87
1765447200,3197.28
1765450800,3193.77
1765454400,3199.89
1765458000,3192.60
1765461600,3160.40
1765465200,3180.00
1765468800,3176.01
1765472400,3182.28
1765476000,3204.52
1765479600,3195.27
1765483200,3222.53
1765486800,3250.65
1765490400,3239.53
1765494000,3238.31
1765497600,3190.76
1765501200,3235.92
1765504800,3259.70
1765508400,3246.84
1765512000,3248.58
1765515600,3248.74
1765519200,3255.23
1765522800,3247.36
1765526400,3246.04
1765530000,3252.10
1765533600,3245.11
1765537200,3243.58
1765540800,3248.55
1765544400,3243.50
1765548000,3232.19
1765551600,3071.77
1765555200,3070.27
1765558800,3067.40
1765562400,3080.95
1765566000,3074.40
1765569600,3082.31
1765573200,3082.11
1765576800,3094.50
1765580400,3085.48
1765584000,3087.16
1765587600,3085.13
1765591200,3085.50
1765594800,3090.71
1765598400,3090.75
1765602000,3090.45
1765605600,3094.68
1765609200,3095.52
1765612800,3117.03
1765616400,3118.96
1765620000,3128.51
1765623600,3120.25
1765627200,3116.30
1765630800,3110.62
1765634400,3111.94
1765638000,3110.80
1765641600,3106.55
1765645200,3102.10
1765648800,3102.51
1765652400,3109.61
1765656000,3105.44
1765659600,3112.65
1765663200,3115.59
1765666800,3115.51
1765670400,3120.35
1765674000,3120.86
1765677600,3123.68
1765681200,3119.49
1765684800,3112.09
1765688400,3112.50
1765692000,3111.53
1765695600,3116.00
1765699200,3111.69
1765702800,3110.58
1765706400,3108.35
1765710000,3085.60
1765713600,3099.20
1765717200,3102.60
1765720800,3086.47
1765724400,3085.67
1765728000,3099.07
1765731600,3085.89
1765735200,3102.82
1765738800,3094.70
1765742400,3083.75
1765746000,3082.95
1765749600,3075.00
1765753200,3064.38
1765756800,3075.54
1765760400,3109.00
1765764000,3120.86
1765767600,3109.34
1765771200,3124.32
1765774800,3120.70
1765778400,3137.85
1765782000,3129.21
1765785600,3140.47
1765789200,3154.30
1765792800,3160.00
1765796400,3157.36
1765800000,3156.13
1765803600,3132.75
1765807200,3049.12
1765810800,3011.26
1765814400,2989.01
1765818000,2937.39
1765821600,2938.25
1765825200,2940.45
1765828800,2929.11
1765832400,2946.08
1765836000,2952.28
1765839600,2964.83
1765843200,2942.36
1765846800,2946.90
1765850400,2945.51
1765854000,2936.85
1765857600,2918.25
1765861200,2922.75
1765864800,2945.50
1765868400,2924.03
1765872000,2931.05
1765875600,2926.60
1765879200,2948.01
1765882800,2958.01
1765886400,2952.03
1765890000,2910.40
1765893600,2941.59
1765897200,2963.16
1765900800,2938.21
1765904400,2919.18
1765908000,2951.90
1765911600,2945.44
1765915200,2947.40
1765918800,2951.00
1765922400,2953.97
1765926000,2962.03
1765929600,2949.01
1765933200,2953.85
1765936800,2959.21
1765940400,2947.60
1765944000,2932.20
1765947600,2930.40
1765951200,2936.06
1765954800,2947.59
1765958400,2925.25
1765962000,2922.71
1765965600,2919.90
1765969200,2928.26
1765972800,2924.81
1765976400,2944.04
1765980000,2995.05
1765983600,2904.16
1765987200,2863.44
1765990800,2847.10
1765994400,2813.00
1765998000,2819.90
1766001600,2822.35
1766005200,2819.50
1766008800,2834.26
1766012400,2833.10
1766016000,2835.65
1766019600,2826.73
1766023200,2836.33
1766026800,2831.29
1766030400,2837.41
1766034000,2824.79
1766037600,2830.80
1766041200,2835.57
1766044800,2841.29
1766048400,2852.00
1766052000,2858.72
1766055600,2858.14
1766059200,2870.64
1766062800,2963.14
1766066400,2949.01
1766070000,2964.12
1766073600,2942.82
1766077200,2844.60
1766080800,2826.64
1766084400,2780.98
1766088000,2780.09
1766091600,2828.40
1766095200,2828.23
1766098800,2827.23
1766102400,2829.61
1766106000,2819.76
1766109600,2834.48
1766113200,2907.60
1766116800,2920.08
1766120400,2921.24
1766124000,2946.71
1766127600,2950.61
1766131200,2949.50
1766134800,2954.10
1766138400,2953.43
1766142000,2964.10
1766145600,2955.20
1766149200,2960.41
1766152800,2976.01
1766156400,2963.84
1766160000,2965.93
1766163600,2938.72
1766167200,2965.20
1766170800,2983.95
1766174400,2994.56
1766178000,2976.80
1766181600,2986.46
1766185200,2978.29
1766188800,2973.79
1766192400,2975.31
1766196000,2981.60
1766199600,2988.30
1766203200,2983.32
1766206800,2980.05
1766210400,2979.59
1766214000,2980.65
1766217600,2982.28
1766221200,2982.50
1766224800,2978.15
1766228400,2986.20
1766232000,2988.15
1766235600,2979.24
1766239200,2979.24
1766242800,2976.20
1766246400,2977.70
1766250000,2977.11
1766253600,2977.20
1766257200,2977.26
1766260800,2983.80
1766264400,2978.19
1766268000,2976.59
1766271600,2977.14
1766275200,2979.29
1766278800,2966.99
1766282400,2965.15
1766286000,2972.17
1766289600,2974.49
1766293200,2972.64
1766296800,2975.57
1766300400,2980.40
1766304000,2991.36
1766307600,3002.70
1766311200,2996.36
1766314800,2996.24
1766318400,2989.93
1766322000,2949.92
1766325600,2970.29
1766329200,2974.25
1766332800,2985.75
1766336400,2983.69
1766340000,2988.19
1766343600,2990.85
1766347200,2986.65
1766350800,2973.65
1766354400,2996.06
1766358000,3001.78
1766361600,3022.00
1766365200,3018.11
1766368800,3009.76
1766372400,3021.00
1766376000,3039.84
1766379600,3028.09
1766383200,3024.20
1766386800,3029.32
1766390400,3027.20
1766394000,3040.64
1766397600,3040.28
1766401200,3048.65
1766404800,3057.72
1766408400,3056.65
1766412000,3061.30
1766415600,3051.97
1766419200,3043.00
1766422800,3032.18
1766426400,3015.22
1766430000,2980.09
1766433600,2975.23
1766437200,2987.80
1766440800,3010.90
1766444400,3008.30
1766448000,3027.00
1766451600,3017.32
1766455200,2990.09
1766458800,2990.60
1766462400,2982.60
1766466000,2974.02
1766469600,2958.90
1766473200,2963.60
1766476800,2960.85
1766480400,2962.54
1766484000,2966.05
1766487600,2972.60
1766491200,2954.53
1766494800,2940.80
1766498400,2916.64
1766502000,2927.80
1766505600,2956.24
1766509200,2910.20
1766512800,2946.54
1766516400,2942.86
1766520000,2968.72
1766523600,2973.54
1766527200,2960.51
1766530800,2963.51
1766534400,2971.96
1766538000,2962.80
1766541600,2934.45
1766545200,2944.80
1766548800,2934.56
1766552400,2927.80
1766556000,2931.89
1766559600,2930.97
1766563200,2921.74
1766566800,2917.80
1766570400,2926.90
1766574000,2924.04
1766577600,2935.45
1766581200,2929.81
1766584800,2913.75
1766588400,2924.51
1766592000,2939.44
1766595600,2935.95
1766599200,2940.55
1766602800,2944.55
1766606400,2941.79
1766610000,2949.35
1766613600,2958.30
1766617200,2945.88
1766620800,2938.02
1766624400,2947.21
1766628000,2951.35
1766631600,2946.03
1766635200,2943.70
1766638800,2940.67
1766642400,2941.99
1766646000,2940.89
1766649600,2929.29
1766653200,2927.09
1766656800,2919.46
1766660400,2923.85
1766664000,2926.90
1766667600,2929.80
1766671200,2932.00
1766674800,2959.81
1766678400,2946.90
1766682000,2951.40
1766685600,2957.91
1766689200,2954.90
1766692800,2948.75
1766696400,2945.78
1766700000,2920.40
1766703600,2902.91
1766707200,2902.80
1766710800,2917.09
1766714400,2971.35
1766718000,2962.90
1766721600,2969.67
1766725200,2971.16
1766728800,2974.74
1766732400,2955.58
1766736000,2963.25
1766739600,2971.39
1766743200,2970.36
1766746800,2963.59
1766750400,2971.46
1766754000,2983.15
1766757600,2916.07
1766761200,2921.71
1766764800,2908.03
1766768400,2920.73
1766772000,2921.62
1766775600,2924.09
1766779200,2929.56
1766782800,2923.20
1766786400,2929.52
1766790000,2926.39
1766793600,2926.36
1766797200,2926.85
1766800800,2926.80
1766804400,2932.10
1766808000,2929.20
1766811600,2929.74
1766815200,2928.74
1766818800,2931.56
1766822400,2932.77
1766826000,2934.06
1766829600,2925.68
1766833200,2929.73
1766836800,2930.80
1766840400,2928.63
1766844000,2928.46
1766847600,2925.69
1766851200,2919.56
1766854800,2927.06
1766858400,2924.80
1766862000,2929.29
1766865600,2927.76
1766869200,2933.64
1766872800,2931.75
1766876400,2947.44
1766880000,2943.97
1766883600,2942.55
1766887200,2945.73
1766890800,2941.90
1766894400,2937.36
1766898000,2933.46
1766901600,2941.06
1766905200,2937.20
1766908800,2938.00
1766912400,2936.16
1766916000,2941.56
1766919600,2942.50
1766923200,2937.71
1766926800,2938.43
1766930400,2944.20
1766934000,2948.05
1766937600,2941.66
1766941200,2944.39
1766944800,2930.00
1766948400,2932.00
1766952000,2931.04
1766955600,2936.60
1766959200,2948.73
1766962800,2949.75
1766966400,2964.70
1766970000,2979.32
1766973600,3001.47
1766977200,3041.31
1766980800,3037.53
1766984400,3034.98
1766988000,3033.90
1766991600,3017.10
1766995200,3011.95
1766998800,2974.21
1767002400,2963.86
1767006000,2957.16
1767009600,2928.48
1767013200,2924.99
1767016800,2926.16
1767020400,2933.30
1767024000,2934.26
1767027600,2941.55
1767031200,2917.20
1767034800,2930.00
1767038400,2927.40
1767042000,2934.84
1767045600,2935.40
1767049200,2935.29
1767052800,2935.29
1767056400,2934.11
1767060000,2925.05
1767063600,2948.93
1767067200,2943.36
1767070800,2938.64
1767074400,2943.17
1767078000,2947.87
1767081600,2974.67
1767085200,2982.63
1767088800,2974.12
1767092400,2976.15
1767096000,2977.94
1767099600,2983.81
1767103200,2993.57
1767106800,2986.99
1767110400,2980.44
1767114000,2974.84
1767117600,2969.76
1767121200,2969.86
1767124800,2956.53
1767128400,2966.64
1767132000,2967.24
1767135600,2971.13
1767139200,2963.59
1767142800,2977.38
1767146400,2978.53
1767150000,2967.95
1767153600,2966.23
1767157200,2972.30
1767160800,2972.77
1767164400,2974.08
1767168000,2966.56
1767171600,2974.07
1767175200,2978.25
1767178800,2999.07
1767182400,2984.82
1767186000,2994.09
1767189600,2991.13
1767193200,2982.60
1767196800,2973.17
1767200400,2972.58
1767204000,2970.72
1767207600,2967.46
1767211200,2971.90
1767214800,2978.72
1767218400,2973.75
1767222000,2968.04
1767225600,2975.97
1767229200,2980.49
1767232800,2978.84
1767236400,2976.19
1767240000,2971.41
1767243600,2977.86
1767247200,2972.49
1767250800,2974.20
1767254400,2978.55
1767258000,2979.95
1767261600,2981.18
1767265200,2985.61
1767268800,2983.60
1767272400,2979.50
1767276000,2982.00
1767279600,2986.90
1767283200,2979.25
1767286800,2987.30
1767290400,2986.84
1767294000,2992.09
1767297600,2985.91
1767301200,2986.61
1767304800,2995.84
1767308400,3001.30
1767312000,3003.00
1767315600,2999.91
1767319200,2999.12
1767322800,3019.63
1767326400,3008.98
1767330000,3013.57
1767333600,3024.05
1767337200,3015.15
1767340800,3029.33
1767344400,3045.39
1767348000,3054.63
1767351600,3045.23
1767355200,3046.50
1767358800,3046.56
1767362400,3080.91
1767366000,3084.94
1767369600,3131.13
1767373200,3122.37
1767376800,3109.77
1767380400,3122.75
1767384000,3117.01
1767387600,3129.95
1767391200,3132.92
1767394800,3124.71
1767398400,3130.33
1767402000,3130.11
1767405600,3125.05
1767409200,3124.72
1767412800,3115.85
1767416400,3111.48
1767420000,3097.69
1767423600,3089.84
1767427200,3095.37
1767430800,3100.56
1767434400,3096.99
1767438000,3097.55
1767441600,3104.01
1767445200,3102.08
1767448800,3105.04
1767452400,3100.26
1767456000,3106.01
1767459600,3107.59
1767463200,3115.20
1767466800,3112.14
1767470400,3114.52
1767474000,3119.85
1767477600,3121.66
1767481200,3126.29
1767484800,3156.86
1767488400,3149.28
1767492000,3140.46
1767495600,3146.64
1767499200,3147.62
1767502800,3150.58
1767506400,3139.19
1767510000,3140.55
1767513600,3137.94
1767517200,3143.07
1767520800,3145.50
1767524400,3139.00
1767528000,3136.20
1767531600,3139.66
1767535200,3136.52
1767538800,3134.55
1767542400,3138.38
1767546000,3136.66
1767549600,3134.25
1767553200,3131.81
1767556800,3141.32
1767560400,3144.69
1767564000,3138.48
1767567600,3143.88
1767571200,3167.61
1767574800,3196.89
1767578400,3192.21
1767582000,3185.04
1767585600,3166.31
1767589200,3148.82
1767592800,3156.69
1767596400,3156.30
1767600000,3162.67
1767603600,3167.00
1767607200,3172.13
1767610800,3179.50
1767614400,3169.27
1767618000,3153.37
1767621600,3165.80
1767625200,3195.26
1767628800,3183.67
1767632400,3212.95
1767636000,3228.21
1767639600,3223.25
1767643200,3242.39
1767646800,3238.69
1767650400,3240.58
1767654000,3225.68
1767657600,3216.66
1767661200,3218.91
1767664800,3217.74
1767668400,3225.69
1767672000,3223.11
1767675600,3218.57
1767679200,3240.57
1767682800,3218.76
1767686400,3219.68
1767690000,3222.61
1767693600,3228.41
1767697200,3237.54
1767700800,3238.34
1767704400,3237.65
1767708000,3277.60
1767711600,3271.99
1767715200,3251.10
1767718800,3195.35
1767722400,3218.00
1767726000,3222.34
1767729600,3240.66
1767733200,3275.11
1767736800,3276.90
1767740400,3296.05
1767744000,3257.20
1767747600,3244.24
1767751200,3268.54
1767754800,3265.35
1767758400,3254.86
1767762000,3247.34
1767765600,3249.75
1767769200,3253.60
1767772800,3252.79
1767776400,3198.13
1767780000,3216.69
1767783600,3218.50
1767787200,3211.39
1767790800,3210.16
1767794400,3189.80
1767798000,3162.65
1767801600,3155.60
1767805200,3150.00
1767808800,3144.30
1767812400,3143.00
1767816000,3136.37
1767819600,3147.41
1767823200,3151.20
1767826800,3166.37
1767830400,3168.27
1767834000,3173.34
1767837600,3157.17
1767841200,3139.89
1767844800,3151.10
1767848400,3140.51
1767852000,3102.17
1767855600,3124.25
1767859200,3113.56
1767862800,3108.87
1767866400,3124.93
1767870000,3117.59
1767873600,3092.40
1767877200,3093.72
1767880800,3074.55
1767884400,3101.76
1767888000,3120.00
1767891600,3132.78
1767895200,3118.08
1767898800,3109.14
1767902400,3105.30
1767906000,3116.64
1767909600,3117.14
1767913200,3104.64
1767916800,3113.65
1767920400,3103.30
1767924000,3106.78
1767927600,3116.98
1767931200,3114.00
1767934800,3115.76
1767938400,3120.49
1767942000,3108.11
1767945600,3079.99
1767949200,3089.42
1767952800,3094.12
1767956400,3087.55
1767960000,3081.84
1767963600,3096.00
1767967200,3076.40
1767970800,3109.93
1767974400,3130.92
1767978000,3111.86
1767981600,3092.66
1767985200,3077.74
1767988800,3070.68
1767992400,3082.64
1767996000,3082.97
1767999600,3084.83
1768003200,3080.17
1768006800,3086.84
1768010400,3084.51
1768014000,3083.16
1768017600,3076.51
1768021200,3083.44
1768024800,3084.21
1768028400,3089.45
1768032000,3086.98
1768035600,3092.55
1768039200,3100.11
1768042800,3093.81
1768046400,3096.32
1768050000,3091.50
1768053600,3088.65
1768057200,3092.31
1768060800,3092.50
1768064400,3089.60
1768068000,3089.56
1768071600,3088.85
1768075200,3086.49
1768078800,3082.70
1768082400,3077.20
1768086000,3083.35
1768089600,3088.67
1768093200,3092.44
1768096800,3089.30
1768100400,3093.76
1768104000,3094.92
1768107600,3096.25
1768111200,3094.19
1768114800,3091.98
1768118400,3099.96
1768122000,3100.96
1768125600,3104.12
1768129200,3101.87
1768132800,3110.73
1768136400,3106.24
1768140000,3122.20
1768143600,3114.44
1768147200,3125.89
1768150800,3123.18
1768154400,3125.66
1768158000,3120.93
1768161600,3111.53
1768165200,3117.45
1768168800,3106.06
1768172400,3119.63
1768176000,3116.51
1768179600,3121.38
1768183200,3154.04
1768186800,3148.75
1768190400,3155.65
1768194000,3155.39
1768197600,3151.30
1768201200,3132.01
1768204800,3112.46
1768208400,3113.16
1768212000,3103.82
1768215600,3112.26
1768219200,3114.06
1768222800,3106.20
1768226400,3102.30
1768230000,3127.70
1768233600,3128.68
1768237200,3102.85
1768240800,3106.39
1768244400,3119.60
1768248000,3100.70
1768251600,3090.06
1768255200,3092.85
1768258800,3092.66
1768262400,3105.77
1768266000,3094.69
1768269600,3098.55
1768273200,3113.20
1768276800,3119.39
1768280400,3128.99
1768284000,3131.55
1768287600,3119.52
1768291200,3133.50
1768294800,3136.63
1768298400,3132.43
1768302000,3131.40
1768305600,3132.86
1768309200,3140.28
1768312800,3142.89
1768316400,3183.06
1768320000,3180.07
1768323600,3178.97
1768327200,3200.47
1768330800,3215.52
1768334400,3204.95
1768338000,3209.69
1768341600,3330.33
1768345200,3324.46
1768348800,3323.12
1768352400,3335.07
1768356000,3325.84
1768359600,3350.85
1768363200,3338.21
1768366800,3329.60
1768370400,3333.69
1768374000,3335.21
1768377600,3326.54
1768381200,3327.60
1768384800,3312.54
1768388400,3284.97
1768392000,3295.80
1768395600,3302.59
1768399200,3348.94
1768402800,3345.91
1768406400,3370.84
1768410000,3343.31
1768413600,3339.76
1768417200,3367.83
1768420800,3384.66
1768424400,3373.61
1768428000,3350.16
1768431600,3355.62
1768435200,3332.00
1768438800,3325.56
1768442400,3314.39
1768446000,3286.70
1768449600,3305.59
1768453200,3310.89
1768456800,3315.94
1768460400,3330.49
1768464000,3337.00
1768467600,3366.10
1768471200,3364.10
1768474800,3349.70
1768478400,3369.09
1768482000,3371.24
1768485600,3341.80
1768489200,3330.68
1768492800,3330.35
1768496400,3300.86
1768500000,3288.60
1768503600,3295.30
1768507200,3287.93
1768510800,3299.20
1768514400,3309.06
1768518000,3318.70
1768521600,3317.27
1768525200,3313.76
1768528800,3303.44
1768532400,3295.19
1768536000,3287.80
1768539600,3309.11
1768543200,3313.99
1768546800,3309.24
1768550400,3313.00
1768554000,3307.40
1768557600,3297.28
1768561200,3301.47
1768564800,3308.73
1768568400,3307.33
1768572000,3293.54
1768575600,3263.49
1768579200,3278.87
1768582800,3283.21
1768586400,3277.77
1768590000,3275.99
1768593600,3291.88
1768597200,3293.40
1768600800,3293.19
1768604400,3295.44
1768608000,3292.09
1768611600,3289.99
1768615200,3291.69
1768618800,3288.59
1768622400,3291.55
1768626000,3290.90
1768629600,3290.44
1768633200,3290.98
1768636800,3296.03
1768640400,3298.30
1768644000,3296.05
1768647600,3302.50
1768651200,3302.25
1768654800,3303.20
1768658400,3310.00
1768662000,3329.38
1768665600,3318.75
1768669200,3318.85
1768672800,3317.51
1768676400,3315.95
1768680000,3316.94
1768683600,3312.30
1768687200,3301.54
1768690800,3309.96
1768694400,3303.93
1768698000,3300.74
1768701600,3302.71
1768705200,3315.54
1768708800,3311.40
1768712400,3315.20
1768716000,3314.90
1768719600,3306.94
1768723200,3315.05
1768726800,3322.12
1768730400,3325.02
1768734000,3321.48
1768737600,3321.60
1768741200,3325.40
1768744800,3324.31
1768748400,3333.30
1768752000,3333.36
1768755600,3344.35
1768759200,3361.43
1768762800,3346.29
1768766400,3340.45
1768770000,3341.20
1768773600,3350.18
1768777200,3283.35
1768780800,3211.60
1768784400,3206.09
1768788000,3203.88
1768791600,3211.20
1768795200,3211.78
1768798800,3201.97
1768802400,3194.91
1768806000,3206.40
1768809600,3213.11
1768813200,3208.20
1768816800,3214.47
1768820400,3223.00
1768824000,3224.24
1768827600,3217.22
1768831200,3211.84
1768834800,3214.99
1768838400,3222.26
1768842000,3219.06
1768845600,3213.51
1768849200,3218.79
1768852800,3213.15
1768856400,3211.59
1768860000,3187.51
1768863600,3188.11
1768867200,3182.45
1768870800,3191.69
1768874400,3191.09
1768878000,3186.99
1768881600,3171.20
1768885200,3169.40
1768888800,3114.29
1768892400,3120.60
1768896000,3103.95
1768899600,3091.74
1768903200,3100.41
1768906800,3107.03
1768910400,3109.35
1768914000,3076.89
1768917600,3045.54
1768921200,3030.52
1768924800,3007.04
1768928400,2997.34
1768932000,2989.02
1768935600,2993.46
1768939200,3003.83
1768942800,2990.26
1768946400,2948.29
1768950000,2937.10
1768953600,2957.25
1768957200,2962.20
1768960800,2958.70
1768964400,2978.83
1768968000,2976.48
1768971600,2990.31
1768975200,2977.96
1768978800,2967.91
1768982400,2962.95
1768986000,2951.54
1768989600,2961.31
1768993200,2940.94
1768996800,2928.94
1769000400,2925.94
1769004000,2978.64
1769007600,3000.82
1769011200,2889.95
1769014800,2901.91
1769018400,2925.45
1769022000,3053.76
1769025600,3030.23
1769029200,3029.79
1769032800,3008.25
1769036400,2980.36
1769040000,3003.51
1769043600,3026.25
1769047200,3015.30
1769050800,3011.52
1769054400,3020.50
1769058000,3017.64
1769061600,3016.76
1769065200,2998.91
1769068800,3003.52
1769072400,3011.87
1769076000,3000.81
1769079600,2984.50
1769083200,2988.45
1769086800,2970.88
1769090400,2939.04
1769094000,2940.32
1769097600,2944.44
1769101200,2959.92
1769104800,2937.69
1769108400,2951.99
1769112000,2936.77
1769115600,2943.87
1769119200,2949.47
1769122800,2950.35
1769126400,2951.03
1769130000,2966.78
1769133600,2950.06
1769137200,2961.90
1769140800,2975.49
1769144400,2965.75
1769148000,2936.74
1769151600,2945.34
1769155200,2924.77
1769158800,2918.11
1769162400,2928.20
1769166000,2937.81
1769169600,2931.80
1769173200,2927.85
1769176800,2913.09
1769180400,2950.03
1769184000,2965.20
1769187600,2984.51
1769191200,2985.96
1769194800,2957.15
1769198400,2937.71
1769202000,2941.40
1769205600,2957.33
1769209200,2953.71
1769212800,2948.10
1769216400,2952.86
1769220000,2956.10
1769223600,2959.14
1769227200,2960.13
1769230800,2957.99
1769234400,2957.82
1769238000,2953.49
1769241600,2959.33
1769245200,2957.37
1769248800,2958.26
1769252400,2957.65
1769256000,2959.20
1769259600,2945.64
1769263200,2956.22
1769266800,2953.43
1769270400,2955.20
1769274000,2960.40
1769277600,2959.98
1769281200,2950.36
1769284800,2952.52
1769288400,2954.43
1769292000,2959.49
1769295600,2949.56
1769299200,2955.20
1769302800,2951.38
1769306400,2949.61
1769310000,2939.02
1769313600,2941.70
1769317200,2943.70
1769320800,2940.59
1769324400,2936.17
1769328000,2925.64
1769331600,2932.10
1769335200,2941.32
1769338800,2933.80
1769342400,2939.10
1769346000,2938.18
1769349600,2929.16
1769353200,2923.66
1769356800,2893.70
1769360400,2881.08
1769364000,2845.03
1769367600,2811.03
1769371200,2807.38
1769374800,2816.59
1769378400,2805.04
1769382000,2814.69
1769385600,2839.31
1769389200,2879.84
1769392800,2863.33
1769396400,2847.86
1769400000,2863.40
1769403600,2866.80
1769407200,2889.09
1769410800,2901.68
1769414400,2909.77
1769418000,2883.30
1769421600,2894.24
1769425200,2890.31
1769428800,2900.52
1769432400,2907.82
1769436000,2920.56
1769439600,2897.37
1769443200,2899.24
1769446800,2907.47
1769450400,2929.85
1769454000,2921.26
1769457600,2899.67
1769461200,2926.76
1769464800,2925.07
1769468400,2927.77
1769472000,2918.61
1769475600,2930.16
1769479200,2942.41
1769482800,2938.55
1769486400,2937.99
1769490000,2936.44
1769493600,2926.24
1769497200,2926.21
1769500800,2920.16
1769504400,2904.71
1769508000,2900.41
1769511600,2914.05
1769515200,2915.09
1769518800,2909.55
1769522400,2915.42
1769526000,2934.78
1769529600,2988.41
1769533200,2927.72
1769536800,2975.18
1769540400,2977.37
1769544000,3018.04
1769547600,3012.50
1769551200,3016.69
1769554800,3023.01
1769558400,3021.14
1769562000,3014.97
1769565600,3007.40
1769569200,3001.80
1769572800,2996.39
1769576400,3001.21
1769580000,3011.10
1769583600,3001.60
1769587200,2987.45
1769590800,3014.19
1769594400,3022.50
1769598000,3036.80
1769601600,3027.84
1769605200,3031.30
1769608800,3009.70
1769612400,3004.59
1769616000,2996.51
1769619600,3011.85
1769623200,3012.03
1769626800,3013.17
1769630400,3008.46
1769634000,3017.94
1769637600,3015.23
1769641200,3007.30
1769644800,3005.97
1769648400,2989.42
1769652000,2956.03
1769655600,2949.06
1769659200,2955.70
1769662800,2947.71
1769666400,2952.41
1769670000,2958.15
1769673600,2948.80
1769677200,2938.87
1769680800,2941.00
1769684400,2925.65
1769688000,2932.88
1769691600,2932.40
1769695200,2872.79
1769698800,2820.71
1769702400,2831.81
1769706000,2821.25
1769709600,2760.34
1769713200,2793.41
1769716800,2801.44
1769720400,2815.88
1769724000,2816.31
1769727600,2818.58
1769731200,2801.19
1769734800,2743.71
1769738400,2732.84
1769742000,2737.57
1769745600,2749.29
1769749200,2743.47
1769752800,2714.81
1769756400,2736.20
1769760000,2733.39
1769763600,2718.41
1769767200,2732.41
1769770800,2756.14
1769774400,2736.59
1769778000,2726.50
1769781600,2734.19
1769785200,2725.92
1769788800,2723.34
1769792400,2709.13
1769796000,2736.67
1769799600,2739.33
1769803200,2677.28
1769806800,2701.28
1769810400,2706.67
1769814000,2703.98
1769817600,2703.14
1769821200,2696.89
1769824800,2698.66
1769828400,2692.54
1769832000,2692.08
1769835600,2694.50
1769839200,2689.09
1769842800,2676.66
1769846400,2640.44
1769850000,2644.74
1769853600,2647.96
1769857200,2637.15
1769860800,2630.10
1769864400,2625.71
1769868000,2535.55
1769871600,2531.25
1769875200,2479.41
1769878800,2400.19
1769882400,2378.23
1769886000,2380.30
1769889600,2380.08
1769893200,2417.49
1769896800,2417.38
1769900400,2450.03
1769904000,2450.51
1769907600,2442.90
1769911200,2450.76
1769914800,2443.78
1769918400,2446.20
1769922000,2428.75
1769925600,2416.82
1769929200,2409.38
1769932800,2411.10
1769936400,2430.70
1769940000,2379.44
1769943600,2410.77
1769947200,2394.70
1769950800,2380.11
1769954400,2371.66
1769958000,2314.45
1769961600,2302.76
1769965200,2312.87
1769968800,2349.50
1769972400,2318.91
1769976000,2314.59
1769979600,2288.70
1769983200,2317.26
1769986800,2268.89
1769990400,2291.62
1769994000,2289.94
1769997600,2260.89
1770001200,2237.44
1770004800,2238.87
1770008400,2196.56
1770012000,2225.30
1770015600,2226.76
1770019200,2247.64
1770022800,2289.88
1770026400,2276.27
1770030000,2280.80
1770033600,2310.04
1770037200,2326.49
1770040800,2327.83
1770044400,2371.86
1770048000,2357.73
1770051600,2355.77
1770055200,2343.72
1770058800,2330.00
1770062400,2320.78
1770066000,2341.00
1770069600,2349.80
1770073200,2345.46
1770076800,2352.64
1770080400,2353.19
1770084000,2297.16
1770087600,2342.55
1770091200,2344.00
1770094800,2314.90
1770098400,2319.11
1770102000,2321.64
1770105600,2314.90
1770109200,2290.90
1770112800,2280.46
1770116400,2274.84
1770120000,2299.66
1770123600,2310.55
1770127200,2255.42
1770130800,2302.00
1770134400,2239.57
1770138000,2193.67
1770141600,2118.94
1770145200,2203.53
1770148800,2297.77
1770152400,2281.74
1770156000,2234.24
1770159600,2231.19
1770163200,2238.70
1770166800,2266.16
1770170400,2249.37
1770174000,2281.20
1770177600,2271.62
1770181200,2263.18
1770184800,2275.16
1770188400,2281.74
1770192000,2277.63
1770195600,2257.93
1770199200,2258.19
1770202800,2252.38
1770206400,2241.43
1770210000,2195.90
1770213600,2169.41
1770217200,2149.14
1770220800,2132.49
1770224400,2122.20
1770228000,2144.14
1770231600,2184.44
1770235200,2168.26
1770238800,2125.49
1770242400,2116.24
1770246000,2144.05
1770249600,2145.83
1770253200,2143.90
1770256800,2120.39
1770260400,2106.80
1770264000,2100.55
1770267600,2097.53
1770271200,2084.30
1770274800,2087.50
1770278400,2108.31
1770282000,2130.41
1770285600,2094.48
1770289200,2076.62
1770292800,2060.69
1770296400,2055.24
1770300000,2043.87
1770303600,1957.99
1770307200,1995.31
1770310800,1951.84
1770314400,1946.76
1770318000,1925.14
1770321600,1866.48
1770325200,1847.04
1770328800,1867.24
1770332400,1823.87
1770336000,1868.41
1770339600,1929.82
1770343200,1905.72
1770346800,1889.87
1770350400,1907.29
1770354000,1956.70
1770357600,1906.62
1770361200,1897.42
1770364800,1872.64
1770368400,1916.99
1770372000,1924.99
1770375600,1930.91
1770379200,1919.14
1770382800,1948.55
1770386400,1977.87
1770390000,1979.88
1770393600,2035.69
1770397200,2066.31
1770400800,2043.19
1770404400,2064.47
1770408000,2053.21
1770411600,2052.92
1770415200,2073.66
1770418800,2062.40
1770422400,2042.63
1770426000,2061.00
1770429600,2058.50
1770433200,2079.90
1770436800,2086.44
1770440400,2082.91
1770444000,2047.07
1770447600,2026.26
1770451200,2018.49
1770454800,2013.83
1770458400,2010.28
1770462000,2017.50
1770465600,2039.90
1770469200,2040.01
1770472800,2018.93
1770476400,2051.14
1770480000,2048.98
1770483600,2060.27
1770487200,2095.77
1770490800,2090.31
1770494400,2104.09
1770498000,2099.83
1770501600,2087.80
1770505200,2086.42
1770508800,2083.42
1770512400,2095.21
1770516000,2087.78
1770519600,2077.66
1770523200,2086.63
1770526800,2083.69
1770530400,2078.44
1770534000,2083.34
1770537600,2114.48
1770541200,2099.25
1770544800,2094.96
1770548400,2131.25
1770552000,2130.19
1770555600,2125.54
1770559200,2127.65
1770562800,2107.54
1770566400,2079.93
1770570000,2091.21
1770573600,2108.19
1770577200,2125.97
1770580800,2103.57
1770584400,2093.03
1770588000,2107.52
1770591600,2088.95
1770595200,2083.41
1770598800,2070.12
1770602400,2080.40
1770606000,2099.02
1770609600,2089.25
1770613200,2094.77
1770616800,2080.35
1770620400,2064.54
1770624000,2048.73
1770627600,2040.86
1770631200,2020.98
1770634800,2026.95
1770638400,2034.11
1770642000,2021.48
1770645600,2042.66
1770649200,2060.74
1770652800,2090.19
1770656400,2126.39
1770660000,2129.59
1770663600,2130.45
1770667200,2123.62
1770670800,2121.35
1770674400,2114.34
1770678000,2104.08
1770681600,2095.81
1770685200,2116.42
1770688800,2107.28
1770692400,2063.81
1770696000,2069.55
1770699600,2052.01
1770703200,2007.87
1770706800,2005.72
1770710400,2013.33
1770714000,2015.25
1770717600,2012.51
1770721200,2001.66
1770724800,2006.78
1770728400,2021.27
1770732000,2008.59
1770735600,2021.78
1770739200,2025.35
1770742800,2039.38
1770746400,2008.71
1770750000,2017.04
1770753600,2010.80
1770757200,2007.39
1770760800,2016.76
1770764400,2021.79
1770768000,2024.20
1770771600,2023.33
1770775200,2016.66
1770778800,2008.32
1770782400,1970.23
1770786000,1973.38
1770789600,1947.81
1770793200,1949.79
1770796800,1949.14
1770800400,1946.19
1770804000,1938.59
1770807600,1952.69
1770811200,1951.62
1770814800,1960.25
1770818400,1942.84
1770822000,1928.78
1770825600,1914.57
1770829200,1928.98
1770832800,1943.16
1770836400,1951.40
1770840000,1953.12
1770843600,1969.28
1770847200,1950.18
1770850800,1939.90
1770854400,1957.51
1770858000,1964.65
1770861600,1957.61
1770865200,1967.56
1770868800,1964.62
1770872400,1969.42
1770876000,1973.77
1770879600,1967.08
1770883200,1964.34
1770886800,1981.44
1770890400,1993.31
1770894000,1988.21
1770897600,1980.10
1770901200,1994.37
1770904800,1977.93
1770908400,1947.98
1770912000,1908.22
1770915600,1909.29
1770919200,1917.79
1770922800,1924.37
1770926400,1914.68
1770930000,1922.06
1770933600,1941.69
1770937200,1946.21
1770940800,1931.86
1770944400,1942.17
1770948000,1946.77
1770951600,1952.02
1770955200,1943.31
1770958800,1932.70
1770962400,1935.40
1770966000,1934.43
1770969600,1957.73
1770973200,1960.77
1770976800,1957.91
1770980400,1958.79
1770984000,1959.76
1770987600,1969.32
1770991200,1989.65
1770994800,2033.86
1770998400,2060.43
1771002000,2058.34
1771005600,2056.72
1771009200,2057.11
1771012800,2044.81
1771016400,2052.93
1771020000,2053.50
1771023600,2047.87
1771027200,2054.09
1771030800,2053.52
1771034400,2049.13
1771038000,2053.38
1771041600,2052.56
1771045200,2050.34
1771048800,2052.84
1771052400,2056.19
1771056000,2081.32
1771059600,2077.40
1771063200,2076.49
1771066800,2098.67
1771070400,2070.04
1771074000,2071.01
1771077600,2084.74
1771081200,2086.99
1771084800,2082.15
1771088400,2079.50
1771092000,2084.63
1771095600,2087.74
1771099200,2088.84
1771102800,2084.97
1771106400,2089.43
1771110000,2086.09
1771113600,2079.30
1771117200,2063.26
1771120800,2059.09
1771124400,2058.48
1771128000,2075.92
1771131600,2087.97
1771135200,2085.36
1771138800,2090.45
1771142400,2068.51
1771146000,2067.94
1771149600,2060.80
1771153200,2060.95
1771156800,2009.79
1771160400,2001.72
1771164000,2009.70
1771167600,2010.64
1771171200,2005.64
1771174800,1970.39
1771178400,1958.66
1771182000,1941.31
1771185600,1949.12
1771189200,1957.45
1771192800,1969.32
1771196400,1965.60
1771200000,1968.26
1771203600,1962.18
1771207200,1956.16
1771210800,1957.81
1771214400,1972.31
1771218000,1957.13
1771221600,1965.82
1771225200,1970.27
1771228800,1976.30
1771232400,1986.94
1771236000,1978.13
1771239600,1975.32
1771243200,2005.52
1771246800,1966.89
1771250400,1972.21
1771254000,1955.89
1771257600,1972.89
1771261200,1977.91
1771264800,1968.07
1771268400,1973.44
1771272000,1992.33
1771275600,1998.35
1771279200,1989.27
1771282800,1997.52
1771286400,1997.72
1771290000,1991.01
1771293600,1997.86
1771297200,1985.06
1771300800,1988.61
1771304400,1974.90
1771308000,1980.51
1771311600,1985.31
1771315200,1976.16
1771318800,1975.01
1771322400,1966.21
1771326000,1967.77
1771329600,1969.04
1771333200,1989.80
1771336800,1947.71
1771340400,1968.04
1771344000,1979.80
1771347600,1965.52
1771351200,1998.04
1771354800,1997.45
1771358400,1993.83
1771362000,1999.00
1771365600,1993.36
1771369200,1991.01
1771372800,1980.89
1771376400,1977.35
1771380000,1986.75
1771383600,1996.27
1771387200,1998.68
1771390800,1995.68
1771394400,2001.44
1771398000,2017.48
1771401600,2019.94
1771405200,2016.00
1771408800,1996.64
1771412400,1980.73
1771416000,1982.00
1771419600,1970.12
1771423200,1974.11
1771426800,1984.73
1771430400,1971.20
1771434000,1973.68
1771437600,1951.92
1771441200,1940.46
1771444800,1939.13
1771448400,1941.32
1771452000,1947.84
1771455600,1955.37
1771459200,1955.91
1771462800,1966.48
1771466400,1967.25
1771470000,1971.77
1771473600,1968.87
1771477200,1969.65
1771480800,1982.78
1771484400,1981.09
1771488000,1969.88
1771491600,1963.34
1771495200,1959.05
1771498800,1948.85
1771502400,1946.75
1771506000,1920.79
1771509600,1936.48
1771513200,1925.93
1771516800,1921.61
1771520400,1920.20
1771524000,1939.28
1771527600,1940.87
1771531200,1949.61
1771534800,1948.15
1771538400,1943.24
1771542000,1948.32
1771545600,1957.03
1771549200,1953.02
1771552800,1948.97
1771556400,1954.16
1771560000,1938.73
1771563600,1954.84
1771567200,1958.01
1771570800,1960.48
1771574400,1959.20
1771578000,1967.55
1771581600,1956.90
1771585200,1943.54
1771588800,1949.38
1771592400,1933.68
1771596000,1943.45
1771599600,1963.69
1771603200,1968.28
1771606800,1966.15
1771610400,1974.97
1771614000,1963.28
1771617600,1970.61
1771621200,1973.79
1771624800,1970.62
1771628400,1968.12
1771632000,1962.44
1771635600,1965.68
1771639200,1965.09
1771642800,1958.60
1771646400,1961.75
1771650000,1962.48
1771653600,1961.03
1771657200,1962.44
1771660800,1968.30
1771664400,1969.76
1771668000,1973.68
1771671600,1976.64
1771675200,1975.45
1771678800,1980.33
1771682400,1986.89
1771686000,1987.43
1771689600,1985.69
1771693200,1988.28
1771696800,1991.50
1771700400,1987.80
1771704000,1973.58
1771707600,1981.49
1771711200,1973.91
1771714800,1972.99
1771718400,1972.18
1771722000,1976.73
1771725600,1971.60
1771729200,1974.13
1771732800,1973.09
1771736400,1974.38
1771740000,1975.67
1771743600,1975.61
1771747200,1972.95
1771750800,1975.26
1771754400,1977.08
1771758000,1980.40
1771761600,1966.00
1771765200,1950.73
1771768800,1950.13
1771772400,1953.55
1771776000,1951.96
1771779600,1939.87
1771783200,1942.58
1771786800,1943.18
1771790400,1940.40
1771794000,1950.01
1771797600,1957.87
1771801200,1957.33
1771804800,1929.09
1771808400,1856.55
1771812000,1863.05
1771815600,1862.60
1771819200,1859.61
1771822800,1865.53
1771826400,1879.29
1771830000,1885.10
1771833600,1880.46
1771837200,1917.91
1771840800,1913.94
1771844400,1915.21
1771848000,1920.06
1771851600,1921.71
1771855200,1906.61
1771858800,1895.37
1771862400,1884.51
1771866000,1863.75
1771869600,1857.46
1771873200,1856.96
1771876800,1860.44
1771880400,1863.26
1771884000,1859.38
1771887600,1855.84
1771891200,1867.21
1771894800,1840.06
1771898400,1843.10
1771902000,1831.24
1771905600,1830.30
1771909200,1825.64
1771912800,1820.19
1771916400,1825.21
1771920000,1831.18
1771923600,1826.98
1771927200,1825.61
1771930800,1826.67
1771934400,1823.65
1771938000,1815.47
1771941600,1834.74
1771945200,1847.61
1771948800,1858.70
1771952400,1855.64
1771956000,1854.86
1771959600,1852.65
1771963200,1858.70
1771966800,1854.11
1771970400,1860.64
1771974000,1851.95
1771977600,1851.96
1771981200,1918.41
1771984800,1920.58
1771988400,1906.13
1771992000,1906.23
1771995600,1887.92
1771999200,1885.34
1772002800,1893.35
1772006400,1910.23
1772010000,1915.23
1772013600,1912.62
1772017200,1926.36
1772020800,1953.51
1772024400,1964.77
1772028000,1997.84
1772031600,2013.78
1772035200,2046.67
1772038800,2074.15
1772042400,2074.34
1772046000,2071.24
1772049600,2075.49
1772053200,2100.95
1772056800,2083.39
1772060400,2057.88
1772064000,2062.64
1772067600,2058.66
1772071200,2053.32
1772074800,2054.65
1772078400,2075.17
1772082000,2066.48
1772085600,2062.80
1772089200,2053.49
1772092800,2054.79
1772096400,2075.16
1772100000,2065.54
1772103600,2057.71
1772107200,2070.18
1772110800,2065.30
1772114400,2051.21
1772118000,2033.46
1772121600,1983.94
1772125200,1988.63
1772128800,2004.18
1772132400,2030.25
1772136000,2024.01
1772139600,2030.49
1772143200,2033.26
1772146800,2027.76
1772150400,2014.87
1772154000,2021.74
1772157600,2026.14
1772161200,2045.43
1772164800,2042.81
1772168400,2041.90
1772172000,2036.24
1772175600,2032.72
1772179200,2033.93
1772182800,2010.26
1772186400,1980.96
1772190000,1962.25
1772193600,1960.03
1772197200,1963.59
1772200800,1943.04
1772204400,1948.71
1772208000,1927.30
1772211600,1932.33
1772215200,1917.92
1772218800,1921.00
1772222400,1923.20
1772226000,1921.26
1772229600,1921.19
1772233200,1929.71
1772236800,1932.30
1772240400,1924.48
1772244000,1930.35
1772247600,1924.44
1772251200,1925.08
1772254800,1920.19
1772258400,1842.71
1772262000,1866.56
1772265600,1852.54
1772269200,1855.11
1772272800,1865.33
1772276400,1863.44
1772280000,1868.82
1772283600,1905.76
1772287200,1887.95
1772290800,1899.00
1772294400,1904.14
1772298000,1907.11
1772301600,1936.01
1772305200,1947.20
1772308800,1966.10
1772312400,1957.91
1772316000,1965.60
1772319600,1964.71
1772323200,1962.88
1772326800,2012.67
1772330400,2033.12
1772334000,2023.09
1772337600,2016.07
1772341200,2011.30
1772344800,1998.63
1772348400,2007.21
1772352000,1986.16
1772355600,1980.86
1772359200,1984.84
1772362800,1983.37
1772366400,1978.20
1772370000,2006.69
1772373600,2000.43
1772377200,1993.44
1772380800,1974.12
1772384400,1961.34
1772388000,1975.93
1772391600,1954.00
1772395200,1914.45
1772398800,1928.97
1772402400,1924.76
1772406000,1939.79
1772409600,1961.03
1772413200,1963.89
1772416800,1955.60
1772420400,1972.22
1772424000,1972.96
1772427600,1970.98
1772431200,1943.48
1772434800,1941.43
1772438400,1949.34
1772442000,1947.81
1772445600,1952.18
1772449200,1947.80
1772452800,1937.84
1772456400,1927.52
1772460000,1979.21
1772463600,2047.43
1772467200,2064.64
1772470800,2041.30
1772474400,2029.71
1772478000,2043.98
1772481600,2035.85
1772485200,2043.54
1772488800,2054.24
1772492400,2027.44
1772496000,2035.56
1772499600,2019.65
1772503200,2013.49
1772506800,2008.71
1772510400,1999.63
1772514000,1993.21
1772517600,1999.04
1772521200,1996.19
1772524800,1952.77
1772528400,1951.26
1772532000,1957.80
1772535600,1961.12
1772539200,1967.47
1772542800,1952.00
1772546400,1942.64
1772550000,1969.06
1772553600,1984.19
1772557200,1980.75
1772560800,1988.56
1772564400,1986.24
1772568000,1978.40
1772571600,1968.50
1772575200,1983.66
1772578800,1983.06
1772582400,1976.73
1772586000,1981.88
1772589600,1979.34
1772593200,1961.22
1772596800,1960.25
1772600400,1971.11
1772604000,1980.24
1772607600,2006.66
1772611200,2063.94
1772614800,2075.36
1772618400,2072.65
1772622000,2055.01
1772625600,2054.47
1772629200,2064.65
1772632800,2079.95
1772636400,2150.81
1772640000,2142.96
1772643600,2146.72
1772647200,2164.23
1772650800,2178.93
1772654400,2151.20
1772658000,2150.63
1772661600,2132.32
1772665200,2127.53
1772668800,2128.95
1772672400,2114.25
1772676000,2122.77
1772679600,2120.48
1772683200,2138.00
1772686800,2119.92
1772690400,2128.47
1772694000,2105.72
1772697600,2117.82
1772701200,2126.12
1772704800,2156.63
1772708400,2138.18
1772712000,2138.71
1772715600,2118.12
1772719200,2119.86
1772722800,2087.34
1772726400,2080.54
1772730000,2060.20
1772733600,2077.00
1772737200,2074.60
1772740800,2092.65
1772744400,2080.69
1772748000,2080.39
1772751600,2073.30
1772755200,2075.38
1772758800,2087.83
1772762400,2084.21
1772766000,2084.07
1772769600,2070.98
1772773200,2069.10
1772776800,2074.44
1772780400,2082.93
1772784000,2076.11
1772787600,2060.00
1772791200,2063.31
1772794800,2051.39
1772798400,2048.83
1772802000,2019.80
1772805600,1981.71
1772809200,1978.14
1772812800,1971.28
1772816400,1966.69
1772820000,1974.39
1772823600,1983.64
1772827200,1978.67
1772830800,1983.70
1772834400,1987.23
1772838000,1978.68
1772841600,1981.32
1772845200,1980.53
1772848800,1983.49
1772852400,1980.00
1772856000,1975.29
1772859600,1978.76
1772863200,1971.84
1772866800,1982.91
1772870400,1977.76
1772874000,1986.49
1772877600,1984.29
1772881200,1988.87
1772884800,1982.54
1772888400,1982.04
1772892000,1986.90
1772895600,1981.15
1772899200,1977.37
1772902800,1977.50
1772906400,1971.21
1772910000,1955.23
1772913600,1966.37
1772917200,1970.48
1772920800,1966.57
1772924400,1969.59
1772928000,1968.89
1772931600,1968.88
1772935200,1942.14
1772938800,1947.63
1772942400,1938.31
1772946000,1948.96
1772949600,1947.76
1772953200,1955.31
1772956800,1959.56
1772960400,1963.57
1772964000,1974.37
1772967600,1951.38
1772971200,1946.25
1772974800,1944.35
1772978400,1945.50
1772982000,1943.18
1772985600,1936.75
1772989200,1935.40
1772992800,1930.18
1772996400,1964.90
1773000000,1958.64
1773003600,1953.52
1773007200,1943.45
1773010800,1936.83
1773014400,1950.88
1773018000,1946.09
1773021600,1959.77
1773025200,1977.45
1773028800,1977.27
1773032400,2010.31
1773036000,1984.60
1773039600,1983.49
1773043200,1996.33
1773046800,2004.37
1773050400,1995.37
1773054000,1991.99
1773057600,2002.04
1773061200,2017.91
1773064800,2022.24
1773068400,2022.93
1773072000,2027.63
1773075600,2017.17
1773079200,2012.13
1773082800,2034.54
1773086400,2026.17
1773090000,2028.27
1773093600,2002.69
1773097200,1993.27
1773100800,2015.79
1773104400,2019.39
1773108000,2042.65
1773111600,2026.90
1773115200,2045.88
1773118800,2044.34
1773122400,2043.83
1773126000,2051.12
1773129600,2057.44
1773133200,2068.33
1773136800,2063.17
1773140400,2062.15
1773144000,2049.96
1773147600,2033.68
1773151200,2075.69
1773154800,2079.84
1773158400,2081.10
1773162000,2072.18
1773165600,2039.87
1773169200,2037.07
1773172800,2042.70
1773176400,2029.40
1773180000,2027.91
1773183600,2036.87
1773187200,2038.19
1773190800,2036.45
1773194400,2026.89
1773198000,2021.22
1773201600,2039.17
1773205200,2014.59
1773208800,2024.52
1773212400,2012.56
1773216000,2023.91
1773219600,2018.04
1773223200,2028.95
1773226800,2018.07
1773230400,2023.40
1773234000,2050.98
1773237600,2063.17
1773241200,2050.20
1773244800,2067.58
1773248400,2068.64
1773252000,2076.80
1773255600,2076.53
1773259200,2068.64
1773262800,2073.19
1773266400,2062.16
1773270000,2052.32
1773273600,2056.06
1773277200,2046.47
1773280800,2024.94
1773284400,2023.59
1773288000,2023.34
1773291600,2027.12
1773295200,2030.63
1773298800,2040.99
1773302400,2047.99
1773306000,2055.92
1773309600,2070.55
1773313200,2063.22
1773316800,2065.92
1773320400,2065.78
1773324000,2045.61
1773327600,2072.65
1773331200,2070.00
1773334800,2058.68
1773338400,2049.20
1773342000,2069.86
1773345600,2063.16
1773349200,2063.21
1773352800,2065.81
1773356400,2073.63
1773360000,2119.19
1773363600,2124.84
1773367200,2105.97
1773370800,2118.77
1773374400,2111.77
1773378000,2110.62
1773381600,2096.18
1773385200,2099.72
1773388800,2100.53
1773392400,2113.99
1773396000,2127.13
1773399600,2121.31
1773403200,2147.12
1773406800,2186.48
1773410400,2151.94
1773414000,2128.25
1773417600,2134.54
1773421200,2103.06
1773424800,2101.13
1773428400,2102.64
1773432000,2111.78
1773435600,2103.42
1773439200,2089.16
1773442800,2092.72
1773446400,2085.75
1773450000,2092.95
1773453600,2092.84
1773457200,2101.49
1773460800,2090.75
1773464400,2092.67
1773468000,2078.48
1773471600,2077.66
1773475200,2074.75
1773478800,2067.69
1773482400,2066.62
1773486000,2074.22
1773489600,2076.04
1773493200,2078.80
1773496800,2071.41
1773500400,2075.11
1773504000,2078.12
1773507600,2075.68
1773511200,2077.43
1773514800,2077.95
1773518400,2086.38
1773522000,2087.20
1773525600,2084.88
1773529200,2096.59
1773532800,2088.49
1773536400,2088.72
1773540000,2102.11
1773543600,2096.58
1773547200,2104.71
1773550800,2108.30
1773554400,2108.21
1773558000,2106.27
1773561600,2113.21
1773565200,2117.76
1773568800,2119.61
1773572400,2120.08
1773576000,2109.89
1773579600,2097.52
1773583200,2097.36
1773586800,2094.24
1773590400,2092.01
1773594000,2111.06
1773597600,2099.36
1773601200,2113.79
1773604800,2129.51
1773608400,2139.47
1773612000,2184.70
1773615600,2178.55
1773619200,2171.43
1773622800,2186.16
1773626400,2181.00
1773630000,2236.04
1773633600,2263.38
1773637200,2280.40
1773640800,2261.61
1773644400,2249.36
1773648000,2243.50
1773651600,2260.43
1773655200,2278.27
1773658800,2270.30
1773662400,2279.43
1773666000,2288.82
1773669600,2288.42
1773673200,2274.10
1773676800,2297.33
1773680400,2314.77
1773684000,2321.52
1773687600,2331.01
1773691200,2345.54
1773694800,2361.05
1773698400,2357.91
1773702000,2352.95
1773705600,2357.91
1773709200,2361.25
1773712800,2351.45
1773716400,2320.43
1773720000,2311.76
1773723600,2307.89
1773727200,2315.58
1773730800,2328.14
1773734400,2321.10
1773738000,2316.21
1773741600,2313.27
1773745200,2327.26
1773748800,2315.83
1773752400,2329.06
1773756000,2344.28
1773759600,2316.60
1773763200,2327.32
1773766800,2340.58
1773770400,2333.74
1773774000,2320.94
1773777600,2328.48
1773781200,2339.12
1773784800,2330.28
1773788400,2318.01
1773792000,2325.00
1773795600,2325.69
1773799200,2332.30
1773802800,2341.61
1773806400,2328.46
1773810000,2319.36
1773813600,2323.29
1773817200,2318.15
1773820800,2323.21
1773824400,2329.99
1773828000,2313.49
1773831600,2269.80
1773835200,2238.00
1773838800,2236.06
1773842400,2190.87
1773846000,2188.00
1773849600,2181.60
1773853200,2204.45
1773856800,2181.54
1773860400,2186.20
1773864000,2187.70
1773867600,2203.04
1773871200,2194.75
1773874800,2203.60
1773878400,2193.64
1773882000,2197.25
1773885600,2197.01
1773889200,2212.51
1773892800,2193.50
1773896400,2189.34
1773900000,2180.85
1773903600,2166.80
1773907200,2161.07
1773910800,2189.50
1773914400,2172.90
1773918000,2166.89
1773921600,2132.57
1773925200,2137.75
1773928800,2121.71
1773932400,2118.77
1773936000,2115.08
1773939600,2127.23
1773943200,2125.10
1773946800,2141.29
1773950400,2146.41
1773954000,2150.21
1773957600,2140.29
1773961200,2138.16
1773964800,2145.73
1773968400,2151.15
1773972000,2144.70
1773975600,2151.32
1773979200,2148.64
1773982800,2140.30
1773986400,2136.74
1773990000,2150.61
1773993600,2164.20
1773997200,2141.34
1774000800,2148.42
1774004400,2141.59
1774008000,2141.08
1774011600,2127.10
1774015200,2129.15
1774018800,2133.56
1774022400,2137.14
1774026000,2136.50
1774029600,2122.97
1774033200,2132.68
1774036800,2132.97
1774040400,2147.38
1774044000,2154.48
1774047600,2146.06
1774051200,2152.95
1774054800,2147.13
1774058400,2154.61
1774062000,2153.11
1774065600,2151.31
1774069200,2153.02
1774072800,2155.37
1774076400,2155.15
1774080000,2153.70
1774083600,2158.40
1774087200,2153.99
1774090800,2156.95
1774094400,2157.57
1774098000,2155.61
1774101600,2151.82
1774105200,2154.94
1774108800,2146.46
1774112400,2148.20
1774116000,2151.16
1774119600,2152.02
1774123200,2155.32
1774126800,2153.24
1774130400,2149.51
1774134000,2084.74
1774137600,2087.14
1774141200,2091.26
1774144800,2102.05
1774148400,2113.57
1774152000,2118.96
1774155600,2112.69
1774159200,2108.32
1774162800,2093.40
1774166400,2086.48
1774170000,2085.03
1774173600,2081.27
1774177200,2069.79
1774180800,2082.30
1774184400,2078.57
1774188000,2078.12
1774191600,2083.02
1774195200,2082.22
1774198800,2079.78
1774202400,2072.12
1774206000,2063.04
1774209600,2058.59
1774213200,2045.70
1774216800,2062.39
1774220400,2053.61
1774224000,2042.89
1774227600,2047.28
1774231200,2063.11
1774234800,2051.95
1774238400,2065.02
1774242000,2068.77
1774245600,2036.83
1774249200,2044.12
1774252800,2047.56
1774256400,2043.15
1774260000,2048.51
1774263600,2134.30
1774267200,2143.79
1774270800,2185.17
1774274400,2180.73
1774278000,2128.05
1774281600,2135.44
1774285200,2152.24
1774288800,2168.32
1774292400,2154.04
1774296000,2161.35
1774299600,2157.67
1774303200,2152.45
1774306800,2151.62
1774310400,2142.81
1774314000,2137.14
1774317600,2135.55
1774321200,2141.12
1774324800,2135.52
1774328400,2133.26
1774332000,2144.89
1774335600,2165.27
1774339200,2154.65
1774342800,2164.75
1774346400,2161.00
1774350000,2165.55
1774353600,2162.21
1774357200,2138.04
1774360800,2133.39
1774364400,2134.66
1774368000,2126.77
1774371600,2108.48
1774375200,2118.38
1774378800,2115.99
1774382400,2147.70
1774386000,2147.97
1774389600,2144.81
1774393200,2155.69
1774396800,2161.08
1774400400,2156.21
1774404000,2154.90
1774407600,2157.86
1774411200,2165.89
1774414800,2168.44
1774418400,2163.28
1774422000,2164.40
1774425600,2176.14
1774429200,2186.51
1774432800,2185.15
1774436400,2186.27
1774440000,2183.25
1774443600,2184.41
1774447200,2173.78
1774450800,2162.30
1774454400,2173.77
1774458000,2163.80
1774461600,2162.01
1774465200,2172.42
1774468800,2166.48
1774472400,2163.78
1774476000,2174.14
1774479600,2168.68
1774483200,2166.02
1774486800,2164.32
1774490400,2149.38
1774494000,2152.45
1774497600,2148.99
1774501200,2118.96
1774504800,2121.30
1774508400,2122.92
1774512000,2119.14
1774515600,2082.06
1774519200,2078.09
1774522800,2067.89
1774526400,2073.07
1774530000,2080.45
1774533600,2075.42
1774537200,2069.59
1774540800,2059.96
1774544400,2048.61
1774548000,2046.02
1774551600,2048.35
1774555200,2063.92
1774558800,2067.41
1774562400,2064.80
1774566000,2059.29
1774569600,2064.31
1774573200,2073.28
1774576800,2067.54
1774580400,2060.51
1774584000,2052.43
1774587600,2060.51
1774591200,2061.98
1774594800,2065.19
1774598400,2047.10
1774602000,2040.35
1774605600,1990.92
1774609200,1991.20
1774612800,1988.95
1774616400,1978.61
1774620000,1988.71
1774623600,1990.38
1774627200,1985.94
1774630800,1976.30
1774634400,1983.25
1774638000,1990.40
1774641600,1984.64
1774645200,1984.54
1774648800,1984.46
1774652400,1991.95
1774656000,1991.60
1774659600,1989.59
1774663200,1986.46
1774666800,1988.17
1774670400,1989.81
1774674000,1993.28
1774677600,1999.97
1774681200,2006.10
1774684800,1998.30
1774688400,1998.63
1774692000,1995.73
1774695600,1996.64
1774699200,1998.65
1774702800,2025.48
1774706400,2019.80
1774710000,2025.75
1774713600,2023.72
1774717200,2019.91
1774720800,2020.76
1774724400,2019.56
1774728000,2023.44
1774731600,2008.57
1774735200,2010.78
1774738800,1993.74
1774742400,1998.13
1774746000,2003.92
1774749600,2007.88
1774753200,2010.18
1774756800,2004.70
1774760400,2004.15
1774764000,2003.75
1774767600,2004.96
1774771200,2003.21
1774774800,1998.00
1774778400,1994.93
1774782000,2002.88
1774785600,2000.83
1774789200,1986.09
1774792800,1992.93
1774796400,1991.85
1774800000,1996.65
1774803600,1993.90
1774807200,1996.09
1774810800,1994.79
1774814400,2001.34
1774818000,2005.15
1774821600,1972.93
1774825200,1983.52
1774828800,1996.17
1774832400,2009.21
1774836000,2028.80
1774839600,2034.70
1774843200,2047.28
1774846800,2046.60
1774850400,2041.30
1774854000,2058.40
1774857600,2061.26
1774861200,2053.98
1774864800,2056.62
1774868400,2070.15
1774872000,2073.59
1774875600,2059.70
1774879200,2070.91
1774882800,2073.83
1774886400,2065.31
1774890000,2040.59
1774893600,2031.45
1774897200,2022.67
1774900800,2022.16
1774904400,2034.86
1774908000,2031.96
1774911600,2025.57
1774915200,2035.68
1774918800,2072.13
1774922400,2072.01
1774926000,2065.68
1774929600,2059.81
1774933200,2063.16
1774936800,2061.27
1774940400,2054.69
1774944000,2038.86
1774947600,2017.17
1774951200,2025.32
1774954800,2040.00
1774958400,2046.51
1774962000,2074.19
1774965600,2044.80
1774969200,2053.74
1774972800,2090.70
1774976400,2092.08
1774980000,2098.57
1774983600,2095.35
1774987200,2106.40
1774990800,2101.35
1774994400,2095.44
1774998000,2104.36
1775001600,2113.73
1775005200,2092.00
1775008800,2087.29
1775012400,2101.84
1775016000,2110.21
1775019600,2121.79
1775023200,2150.26
1775026800,2130.10
1775030400,2136.40
1775034000,2135.91
1775037600,2132.17
1775041200,2134.93
1775044800,2130.30
1775048400,2118.50
1775052000,2126.44
1775055600,2134.80
1775059200,2145.98
1775062800,2136.92
1775066400,2128.88
1775070000,2141.07
1775073600,2143.59
1775077200,2156.85
1775080800,2140.00
1775084400,2140.22
1775088000,2156.15
1775091600,2099.88
1775095200,2073.90
1775098800,2055.91
1775102400,2044.48
1775106000,2050.22
1775109600,2050.09
1775113200,2055.73
1775116800,2045.98
1775120400,2043.69
1775124000,2038.46
1775127600,2032.80
1775131200,2026.74
1775134800,2038.55
1775138400,2063.60
1775142000,2059.48
1775145600,2063.21
1775149200,2047.10
1775152800,2058.32
1775156400,2065.32
1775160000,2068.02
1775163600,2063.05
1775167200,2060.01
1775170800,2057.21
1775174400,2052.89
1775178000,2050.39
1775181600,2052.58
1775185200,2054.20
1775188800,2054.45
1775192400,2057.31
1775196000,2063.89
1775199600,2065.94
1775203200,2061.04
1775206800,2061.19
1775210400,2059.85
1775214000,2062.94
1775217600,2050.23
1775221200,2048.27
1775224800,2054.41
1775228400,2051.17
1775232000,2054.85
1775235600,2050.20
1775239200,2049.32
1775242800,2052.42
1775246400,2052.79
1775250000,2058.48
1775253600,2051.91
1775257200,2053.60
1775260800,2052.17
1775264400,2051.09
1775268000,2049.92
1775271600,2049.82
1775275200,2050.95
1775278800,2053.49
1775282400,2056.29
1775286000,2053.65
1775289600,2050.36
1775293200,2050.33
1775296800,2054.06
1775300400,2051.77
1775304000,2049.89
1775307600,2053.40
1775311200,2053.02
1775314800,2056.07
1775318400,2055.60
1775322000,2056.76
1775325600,2055.15
1775329200,2064.47
1775332800,2062.80
1775336400,2068.66
1775340000,2069.02
1775343600,2065.22
1775347200,2061.94
1775350800,2057.16
1775354400,2059.64
1775358000,2056.41
1775361600,2054.88
1775365200,2048.31
1775368800,2038.00
1775372400,2036.95
1775376000,2038.85
1775379600,2044.08
1775383200,2044.43
1775386800,2041.85
1775390400,2028.07
1775394000,2036.41
1775397600,2038.35
1775401200,2053.70
1775404800,2051.53
1775408400,2062.16
1775412000,2062.60
1775415600,2061.71
1775419200,2068.56
1775422800,2059.70
1775426400,2085.21
1775430000,2109.66
1775433600,2121.40
1775437200,2114.49
1775440800,2132.97
1775444400,2128.69
1775448000,2130.70
1775451600,2131.10
1775455200,2126.97
1775458800,2134.51
1775462400,2138.29
1775466000,2151.10
1775469600,2153.54
1775473200,2151.70
1775476800,2143.53
1775480400,2146.00
1775484000,2156.97
1775487600,2164.94
1775491200,2141.11
1775494800,2135.09
1775498400,2145.21
1775502000,2144.46
1775505600,2149.25
1775509200,2139.93
1775512800,2105.64
1775516400,2107.29
1775520000,2112.89
1775523600,2099.60
1775527200,2107.01
1775530800,2108.46
1775534400,2114.59
1775538000,2105.72
1775541600,2104.25
1775545200,2103.96
1775548800,2115.06
1775552400,2128.65
1775556000,2089.30
1775559600,2089.61
1775563200,2086.92
1775566800,2074.93
1775570400,2069.40
1775574000,2080.20
1775577600,2083.65
1775581200,2099.30
1775584800,2086.27
1775588400,2113.30
1775592000,2115.45
1775595600,2145.08
1775599200,2219.48
1775602800,2240.01
1775606400,2235.83
1775610000,2234.00
1775613600,2236.90
1775617200,2234.69
1775620800,2240.77
1775624400,2240.50
1775628000,2246.00
1775631600,2253.80
1775635200,2256.70
1775638800,2249.70
1775642400,2242.84
1775646000,2247.45
1775649600,2256.10
1775653200,2236.20
1775656800,2195.45
1775660400,2215.52
1775664000,2221.10
1775667600,2232.02
1775671200,2201.58
1775674800,2211.47
1775678400,2210.21
1775682000,2215.06
1775685600,2190.34
1775689200,2190.31
1775692800,2183.55
1775696400,2179.34
1775700000,2181.99
1775703600,2182.96
1775707200,2178.12
1775710800,2182.74
1775714400,2181.98
1775718000,2181.68
1775721600,2186.71
1775725200,2194.56
1775728800,2191.23
1775732400,2180.30
1775736000,2183.76
1775739600,2165.44
1775743200,2177.87
1775746800,2218.35
1775750400,2208.63
1775754000,2223.22
1775757600,2207.29
1775761200,2216.90
1775764800,2213.42
1775768400,2211.08
1775772000,2198.07
1775775600,2190.47
1775779200,2195.62
1775782800,2195.21
1775786400,2189.69
1775790000,2186.75
1775793600,2196.21
1775797200,2197.40
1775800800,2186.74
1775804400,2180.06
1775808000,2186.19
1775811600,2196.47
1775815200,2197.61
1775818800,2216.48
1775822400,2219.53
1775826000,2223.53
1775829600,2243.66
1775833200,2225.28
1775836800,2246.32
1775840400,2249.03
1775844000,2250.41
1775847600,2254.17
1775851200,2256.63
1775854800,2255.89
1775858400,2243.37
1775862000,2246.23
1775865600,2239.85
1775869200,2245.42
1775872800,2249.43
1775876400,2238.39
1775880000,2242.22
1775883600,2234.00
1775887200,2237.13
1775890800,2234.00
1775894400,2234.00
1775898000,2244.87
1775901600,2241.45
1775905200,2247.39
1775908800,2246.65
1775912400,2240.89
1775916000,2243.20
1775919600,2250.63
1775923200,2259.89
1775926800,2261.01
1775930400,2306.24
1775934000,2316.96
1775937600,2299.26
1775941200,2300.34
1775944800,2297.96
1775948400,2286.00
1775952000,2286.81
1775955600,2220.08
1775959200,2224.68
1775962800,2215.02
1775966400,2213.29
1775970000,2218.21
1775973600,2217.10
1775977200,2219.01
1775980800,2215.18
1775984400,2215.22
1775988000,2202.72
1775991600,2205.57
1775995200,2195.86
1775998800,2187.77
1776002400,2181.91
1776006000,2187.42
1776009600,2188.40
1776013200,2204.10
1776016800,2201.65
1776020400,2199.25
1776024000,2214.21
1776027600,2212.06
1776031200,2199.96
1776034800,2191.90
1776038400,2205.60
1776042000,2204.00
1776045600,2194.50
1776049200,2194.60
1776052800,2190.88
1776056400,2192.01
1776060000,2199.10
1776063600,2187.18
1776067200,2185.77
1776070800,2188.62
1776074400,2184.08
1776078000,2187.96
1776081600,2193.00
1776085200,2215.85
1776088800,2235.36
1776092400,2210.29
1776096000,2227.28
1776099600,2226.45
1776103200,2233.67
1776106800,2263.85
1776110400,2254.03
1776114000,2261.10
1776117600,2354.00
1776121200,2370.60
1776124800,2362.55
1776128400,2370.17
1776132000,2368.96
1776135600,2366.96
1776139200,2365.59
1776142800,2356.99
1776146400,2374.71
1776150000,2379.17
1776153600,2389.05
1776157200,2388.46
1776160800,2376.33
1776164400,2375.44
1776168000,2374.93
1776171600,2393.07
1776175200,2354.81
1776178800,2365.86
1776182400,2335.50
1776186000,2339.87
1776189600,2315.70
1776193200,2315.00
1776196800,2316.60
1776200400,2325.13
1776204000,2316.47
1776207600,2323.63
1776211200,2335.05
1776214800,2337.19
1776218400,2326.01
1776222000,2330.04
1776225600,2334.48
1776229200,2320.55
1776232800,2318.52
1776236400,2317.50
1776240000,2328.83
1776243600,2321.24
1776247200,2317.74
1776250800,2338.33
1776254400,2333.89
1776258000,2327.86
1776261600,2339.27
1776265200,2332.69
1776268800,2342.51
1776272400,2349.57
1776276000,2359.25
1776279600,2376.07
1776283200,2363.88
1776286800,2362.07
1776290400,2364.60
1776294000,2360.79
1776297600,2361.48
1776301200,2352.80
1776304800,2357.43
1776308400,2358.41
1776312000,2354.98
1776315600,2357.80
1776319200,2356.77
1776322800,2342.41
1776326400,2340.20
1776330000,2338.68
1776333600,2333.04
1776337200,2336.61
1776340800,2341.11
1776344400,2308.61
1776348000,2310.53
1776351600,2339.92
1776355200,2317.49
1776358800,2326.77
1776362400,2343.95
1776366000,2360.55
1776369600,2350.83
1776373200,2341.87
1776376800,2343.25
1776380400,2349.12
1776384000,2345.28
1776387600,2336.05
1776391200,2332.67
1776394800,2326.31
1776398400,2329.56
1776402000,2320.00
1776405600,2332.17
1776409200,2335.20
1776412800,2355.90
1776416400,2360.07
1776420000,2344.85
1776423600,2355.74
1776427200,2373.10
1776430800,2438.39
1776434400,2448.47
1776438000,2443.60
1776441600,2452.66
1776445200,2441.69
1776448800,2421.11
1776452400,2429.23
1776456000,2427.75
1776459600,2430.47
1776463200,2434.50
1776466800,2420.10
1776470400,2422.08
1776474000,2422.26
1776477600,2420.46
1776481200,2406.28
1776484800,2408.60
1776488400,2410.06
1776492000,2411.19
1776495600,2404.78
1776499200,2381.87
1776502800,2377.10
1776506400,2360.34
1776510000,2354.09
1776513600,2358.97
1776517200,2356.49
1776520800,2366.20
1776524400,2364.66
1776528000,2361.88
1776531600,2362.52
1776535200,2348.51
1776538800,2349.59
1776542400,2353.64
1776546000,2356.67
1776549600,2357.57
1776553200,2351.50
1776556800,2350.28
1776560400,2348.99
1776564000,2339.43
1776567600,2341.00
1776571200,2334.53
1776574800,2333.99
1776578400,2328.30
1776582000,2317.04
1776585600,2319.74
1776589200,2311.19
1776592800,2319.02
1776596400,2330.43
1776600000,2332.53
1776603600,2339.87
1776607200,2339.33
1776610800,2331.85
1776614400,2312.89
1776618000,2297.55
1776621600,2296.90
1776625200,2300.62
1776628800,2281.50
1776632400,2277.21
1776636000,2271.17
1776639600,2264.43
1776643200,2281.23
1776646800,2287.33
1776650400,2278.99
1776654000,2287.71
1776657600,2284.76
1776661200,2271.40
1776664800,2287.36
1776668400,2299.79
1776672000,2295.26
1776675600,2310.28
1776679200,2304.73
1776682800,2309.60
1776686400,2320.20
1776690000,2312.26
1776693600,2292.38
1776697200,2315.23
1776700800,2301.28
1776704400,2318.30
1776708000,2335.54
1776711600,2333.04
1776715200,2338.83
1776718800,2322.81
1776722400,2320.70
1776726000,2315.28
1776729600,2323.20
1776733200,2316.41
1776736800,2309.60
1776740400,2312.84
1776744000,2315.82
1776747600,2315.13
1776751200,2318.66
1776754800,2319.68
1776758400,2324.63
1776762000,2326.65
1776765600,2332.24
1776769200,2321.20
1776772800,2309.70
1776776400,2313.90
1776780000,2300.35
1776783600,2311.29
1776787200,2308.29
1776790800,2307.12
1776794400,2313.70
1776798000,2299.34
1776801600,2315.26
1776805200,2313.14
1776808800,2312.18
1776812400,2328.16
1776816000,2326.55
1776819600,2323.35
1776823200,2371.35
1776826800,2364.62
1776830400,2364.69
1776834000,2397.24
1776837600,2393.80
1776841200,2390.40
1776844800,2388.85
1776848400,2388.52
1776852000,2391.08
1776855600,2399.50
1776859200,2405.90
1776862800,2418.39
1776866400,2404.20
1776870000,2404.80
1776873600,2387.09
1776877200,2400.23
1776880800,2398.00
1776884400,2398.70
1776888000,2392.70
1776891600,2403.63
1776895200,2401.41
1776898800,2375.41
1776902400,2374.03
1776906000,2367.85
1776909600,2353.15
1776913200,2342.00
1776916800,2348.97
1776920400,2350.25
1776924000,2355.72
1776927600,2345.39
1776931200,2340.99
1776934800,2317.55
1776938400,2315.25
1776942000,2330.08
1776945600,2330.19
1776949200,2320.63
1776952800,2335.36
1776956400,2334.30
1776960000,2327.42
1776963600,2311.45
1776967200,2306.55
1776970800,2314.13
1776974400,2326.20
1776978000,2322.55
1776981600,2333.01
1776985200,2331.27
1776988800,2333.72
1776992400,2333.98
1776996000,2320.90
1776999600,2309.57
1777003200,2307.45
1777006800,2315.93
1777010400,2310.19
1777014000,2312.90
1777017600,2316.20
1777021200,2311.11
1777024800,2316.74
1777028400,2329.06
1777032000,2326.51
1777035600,2318.15
1777039200,2314.78
1777042800,2324.98
1777046400,2317.71
1777050000,2320.61
1777053600,2321.10
1777057200,2322.35
1777060800,2327.50
1777064400,2316.20
1777068000,2312.86
1777071600,2316.19
1777075200,2316.92
1777078800,2319.00
1777082400,2318.50
1777086000,2319.49
1777089600,2317.71
1777093200,2316.98
1777096800,2316.97
1777100400,2317.40
1777104000,2320.33
1777107600,2319.96
1777111200,2321.45
1777114800,2314.70
1777118400,2314.35
1777122000,2317.21
1777125600,2316.98
1777129200,2309.12
1777132800,2310.66
1777136400,2310.18
1777140000,2312.49
1777143600,2310.81
1777147200,2313.99
1777150800,2316.73
1777154400,2318.70
1777158000,2320.28
1777161600,2316.20
1777165200,2314.82
1777168800,2316.04
1777172400,2311.00
1777176000,2318.54
1777179600,2328.83
1777183200,2330.78
1777186800,2332.13
1777190400,2333.24
1777194000,2335.36
1777197600,2333.68
1777201200,2336.76
1777204800,2329.70
1777208400,2336.03
1777212000,2347.10
1777215600,2348.90
1777219200,2343.66
1777222800,2350.24
1777226400,2362.62
1777230000,2368.55
1777233600,2363.52
1777237200,2365.11
1777240800,2362.82
1777244400,2370.34
1777248000,2391.37
1777251600,2395.46
1777255200,2393.28
1777258800,2395.53
1777262400,2383.70
1777266000,2324.01
1777269600,2321.71
1777273200,2316.80
1777276800,2320.15
1777280400,2322.63
1777284000,2320.65
1777287600,2320.66
1777291200,2314.57
1777294800,2312.76
1777298400,2315.32
1777302000,2275.20
1777305600,2278.32
1777309200,2287.17
1777312800,2288.84
1777316400,2289.35
1777320000,2291.77
1777323600,2287.52
1777327200,2294.75
1777330800,2303.99
1777334400,2306.96
1777338000,2298.92
1777341600,2289.31
1777345200,2291.02
1777348800,2288.90
1777352400,2288.37
1777356000,2278.17
1777359600,2288.10
1777363200,2287.40
1777366800,2282.53
1777370400,2284.72
1777374000,2275.30
1777377600,2278.30
1777381200,2276.65
1777384800,2273.55
1777388400,2279.79
1777392000,2286.06
1777395600,2290.79
1777399200,2297.02
1777402800,2302.00
1777406400,2295.51
1777410000,2290.46
1777413600,2286.35
1777417200,2289.57
1777420800,2292.43
1777424400,2292.56
1777428000,2288.85
1777431600,2311.63
1777435200,2326.96
1777438800,2329.19
1777442400,2324.78
1777446000,2323.91
1777449600,2325.40
1777453200,2340.07
1777456800,2333.62
1777460400,2331.87
1777464000,2316.42
1777467600,2302.93
1777471200,2299.27
1777474800,2272.37
1777478400,2266.75
1777482000,2282.33
1777485600,2239.08
1777489200,2233.36
1777492800,2240.16
1777496400,2252.40
1777500000,2257.22
1777503600,2252.33
1777507200,2271.84
1777510800,2268.94
1777514400,2244.74
1777518000,2252.74
1777521600,2238.59
1777525200,2242.24
1777528800,2247.57
1777532400,2259.94
1777536000,2256.20
1777539600,2261.50
1777543200,2261.41
1777546800,2257.76
1777550400,2264.88
1777554000,2263.37
1777557600,2261.71
1777561200,2265.53
1777564800,2256.87
1777568400,2257.77
1777572000,2259.47
1777575600,2261.65
1777579200,2264.00
1777582800,2256.05
1777586400,2253.90
1777590000,2257.42
1777593600,2259.73
1777597200,2267.50
1777600800,2266.65
1777604400,2282.69
1777608000,2279.90
1777611600,2283.25
1777615200,2277.19
1777618800,2279.85
1777622400,2286.66
1777626000,2281.94
1777629600,2282.53
1777633200,2286.46
1777636800,2301.13
1777640400,2318.00
1777644000,2308.03
1777647600,2307.83
1777651200,2301.90
1777654800,2311.95
1777658400,2304.67
1777662000,2304.90
1777665600,2285.06
1777669200,2292.73
1777672800,2293.31
1777676400,2295.64
1777680000,2297.50
1777683600,2298.72
1777687200,2303.30
1777690800,2304.15
1777694400,2301.23
1777698000,2299.47
1777701600,2305.60
1777705200,2300.96
1777708800,2303.42
1777712400,2305.20
1777716000,2303.42
1777719600,2302.33
1777723200,2303.46
1777726800,2308.21
1777730400,2306.55
1777734000,2309.13
1777737600,2309.38
1777741200,2306.02
1777744800,2310.23
1777748400,2311.27
1777752000,2311.73
1777755600,2325.69
1777759200,2327.10
1777762800,2317.08
1777766400,2314.15
1777770000,2304.05
1777773600,2303.45
1777777200,2302.04
1777780800,2301.58
1777784400,2304.13
1777788000,2304.50
1777791600,2309.50
1777795200,2308.44
1777798800,2316.53
1777802400,2311.42
1777806000,2319.80
1777809600,2325.47
1777813200,2322.00
1777816800,2328.28
1777820400,2328.42
1777824000,2328.26
1777827600,2331.83
1777831200,2330.98
1777834800,2335.50
1777838400,2329.79
1777842000,2324.27
1777845600,2343.83
1777849200,2322.88
1777852800,2319.09
1777856400,2351.20
1777860000,2374.58
1777863600,2385.09
1777867200,2390.15
1777870800,2376.32
1777874400,2368.45
1777878000,2362.85
1777881600,2360.01
1777885200,2368.38
1777888800,2338.22
1777892400,2337.36
1777896000,2335.57
1777899600,2336.49
1777903200,2371.33
1777906800,2350.20
1777910400,2355.30
1777914000,2370.35
1777917600,2361.36
1777921200,2356.22
1777924800,2349.98
1777928400,2360.78
1777932000,2354.54
1777935600,2347.32
1777939200,2358.84
1777942800,2361.84
1777946400,2367.59
1777950000,2382.38
1777953600,2381.04
1777957200,2380.45
1777960800,2378.88
1777964400,2380.81
1777968000,2376.84
1777971600,2369.54
1777975200,2378.52
1777978800,2379.85
1777982400,2388.63
1777986000,2388.66
1777989600,2378.99
1777993200,2381.62
1777996800,2366.02
1778000400,2362.98
1778004000,2372.39
1778007600,2372.02
1778011200,2382.58
1778014800,2375.53
1778018400,2367.58
1778022000,2360.77
1778025600,2364.49
1778029200,2373.16
1778032800,2369.62
1778036400,2376.83
1778040000,2366.16
1778043600,2365.18
1778047200,2370.61
1778050800,2371.77
1778054400,2394.49
1778058000,2413.02
1778061600,2410.26
1778065200,2410.72
1778068800,2405.29
1778072400,2368.52
1778076000,2359.46
1778079600,2359.06
1778083200,2358.12
1778086800,2349.91
1778090400,2345.01
1778094000,2348.61
1778097600,2350.85
1778101200,2354.55
1778104800,2347.40
1778108400,2351.03
1778112000,2329.67
1778115600,2327.49
1778119200,2322.23
1778122800,2322.42
1778126400,2327.60
1778130000,2331.36
1778133600,2337.43
1778137200,2344.59
1778140800,2334.04
1778144400,2329.05
1778148000,2326.78
1778151600,2330.06
1778155200,2333.32
1778158800,2314.56
1778162400,2299.31
1778166000,2294.82
1778169600,2291.87
1778173200,2299.87
1778176800,2296.22
1778180400,2296.15
1778184000,2289.32
1778187600,2287.76
1778191200,2287.00
1778194800,2291.21
1778198400,2286.93
1778202000,2285.04
1778205600,2279.21
1778209200,2278.93
1778212800,2281.84
1778216400,2276.26
1778220000,2275.38
1778223600,2281.16
1778227200,2283.66
1778230800,2284.17
1778234400,2287.86
1778238000,2295.44
1778241600,2284.74
1778245200,2276.52
1778248800,2285.86
1778252400,2293.17
1778256000,2289.90
1778259600,2305.12
1778263200,2313.72
1778266800,2316.17
1778270400,2306.96
1778274000,2314.68
1778277600,2311.11
1778281200,2307.39
1778284800,2308.86
1778288400,2314.55
1778292000,2317.42
1778295600,2315.53
1778299200,2312.71
1778302800,2314.99
1778306400,2314.55
1778310000,2314.79
1778313600,2317.31
1778317200,2313.49
1778320800,2312.90
1778324400,2314.79
1778328000,2316.58
1778331600,2314.68
1778335200,2308.32
1778338800,2317.64
1778342400,2320.08
1778346000,2329.79
1778349600,2330.24
1778353200,2332.32
1778356800,2329.31
1778360400,2330.94
1778364000,2329.83
1778367600,2326.61
1778371200,2324.00
1778374800,2323.66
1778378400,2327.92
1778382000,2327.69
1778385600,2328.39
1778389200,2327.34
1778392800,2329.45
1778396400,2327.49
1778400000,2330.35
1778403600,2328.29
1778407200,2325.59
1778410800,2322.74
1778414400,2324.47
1778418000,2330.02
1778421600,2331.01
1778425200,2347.66
1778428800,2349.94
1778432400,2364.23
1778436000,2358.57
1778439600,2365.47
1778443200,2328.65
1778446800,2330.95
1778450400,2373.70
1778454000,2371.35
1778457600,2352.66
1778461200,2358.80
1778464800,2345.39
1778468400,2330.42
1778472000,2332.75
1778475600,2335.15
1778479200,2333.47
1778482800,2330.57
1778486400,2330.31
1778490000,2335.84
1778493600,2329.91
1778497200,2335.93
1778500800,2329.01
1778504400,2321.91
1778508000,2315.88
1778511600,2333.20
1778515200,2329.39
1778518800,2336.41
1778522400,2335.01
1778526000,2340.35
1778529600,2337.86
1778533200,2340.65
1778536800,2341.21
1778540400,2339.77
1778544000,2333.23
1778547600,2311.11
1778551200,2315.43
1778554800,2309.22
1778558400,2310.74
1778562000,2310.03
1778565600,2303.64
1778569200,2294.77
1778572800,2287.73
1778576400,2292.40
1778580000,2286.05
1778583600,2286.78
1778587200,2288.90
1778590800,2271.75
1778594400,2268.81
1778598000,2261.60
1778601600,2263.72
1778605200,2276.44
1778608800,2279.21
1778612400,2285.14
1778616000,2284.95
1778619600,2285.33
1778623200,2282.49
1778626800,2275.14
1778630400,2281.41
1778634000,2290.05
1778637600,2294.21
1778641200,2301.60
1778644800,2306.75
1778648400,2297.60
1778652000,2301.77
1778655600,2300.87
1778659200,2316.58
1778662800,2320.98
1778666400,2308.29
1778670000,2301.64
1778673600,2284.09
1778677200,2262.02
1778680800,2266.96
1778684400,2236.14
1778688000,2250.30
1778691600,2257.89
1778695200,2259.29
1778698800,2256.11
1778702400,2263.28
1778706000,2255.32
1778709600,2258.86
1778713200,2258.31
1778716800,2266.20
1778720400,2264.54
1778724000,2251.01
1778727600,2241.71
1778731200,2256.00
1778734800,2267.87
1778738400,2267.20
1778742000,2264.86
1778745600,2266.01
1778749200,2257.42
1778752800,2261.83
1778756400,2253.29
1778760000,2261.18
1778763600,2248.81
1778767200,2286.94
1778770800,2298.50
1778774400,2316.11
1778778000,2308.46
1778781600,2309.80
1778785200,2298.69
1778788800,2298.36
1778792400,2297.21
1778796000,2298.33
1778799600,2283.46
1778803200,2291.40
1778806800,2275.62
1778810400,2276.42
1778814000,2273.23
1778817600,2263.08
1778821200,2245.32
1778824800,2255.43
1778828400,2265.21
1778832000,2257.56
1778835600,2254.60
1778839200,2262.51
1778842800,2257.61
1778846400,2254.13
1778850000,2212.91
1778853600,2212.92
1778857200,2222.33
1778860800,2224.07
1778864400,2228.93
1778868000,2227.39
1778871600,2222.61
1778875200,2219.42
1778878800,2216.38
1778882400,2223.27
1778886000,2223.77
1778889600,2226.40
1778893200,2228.87
1778896800,2229.22
1778900400,2227.16
1778904000,2225.27
1778907600,2224.77
1778911200,2214.88
1778914800,2194.15
1778918400,2192.66
1778922000,2172.97
1778925600,2173.49
1778929200,2175.79
1778932800,2175.87
1778936400,2176.56
1778940000,2179.25
1778943600,2179.35
1778947200,2173.44
1778950800,2178.36
1778954400,2180.97
1778958000,2179.17
1778961600,2180.91
1778965200,2181.80
1778968800,2179.87
1778972400,2180.16
1778976000,2176.99
1778979600,2168.79
1778983200,2173.96
1778986800,2181.11
1778990400,2186.91
1778994000,2185.39
1778997600,2184.60
1779001200,2185.85
1779004800,2185.55
1779008400,2189.80
1779012000,2193.87
1779015600,2191.56
1779019200,2193.88
1779022800,2191.54
1779026400,2186.13
1779030000,2185.86
1779033600,2181.90
1779037200,2183.21
1779040800,2187.85
1779044400,2191.87
1779048000,2188.69
1779051600,2191.14
1779055200,2179.10
1779058800,2130.25
1779062400,2114.92
1779066000,2116.75
1779069600,2116.01
1779073200,2117.83
1779076800,2124.07
1779080400,2117.70
1779084000,2118.23
1779087600,2120.00
1779091200,2120.65
1779094800,2116.08
1779098400,2113.65
1779102000,2133.27
1779105600,2150.29
1779109200,2130.16
1779112800,2109.59
1779116400,2106.66
1779120000,2096.81
1779123600,2107.10
1779127200,2080.25
1779130800,2124.00
1779134400,2116.46
1779138000,2136.23
1779141600,2134.68
1779145200,2129.12
1779148800,2134.96
1779152400,2123.87
1779156000,2122.18
1779159600,2130.14
1779163200,2132.82
1779166800,2133.99
1779170400,2136.18
1779174000,2139.90
1779177600,2132.55
1779181200,2113.25
1779184800,2117.28
1779188400,2109.52
1779192000,2117.15
1779195600,2117.70
1779199200,2105.48
1779202800,2108.93
1779206400,2119.85
1779210000,2114.40
1779213600,2113.84
1779217200,2111.81
1779220800,2117.10
1779224400,2115.67
1779228000,2105.07
1779231600,2110.63
1779235200,2109.97
1779238800,2113.86
1779242400,2107.80
1779246000,2109.99
1779249600,2111.72
1779253200,2124.28
1779256800,2132.46
1779260400,2128.22
1779264000,2130.41
1779267600,2127.90
1779271200,2129.15
1779274800,2126.85
1779278400,2132.74
1779282000,2119.39
1779285600,2133.95
1779289200,2135.46
1779292800,2134.26
1779296400,2139.21
1779300000,2130.67
1779303600,2137.83
1779307200,2134.52
1779310800,2129.04
1779314400,2126.95
1779318000,2128.24
1779321600,2141.44
1779325200,2139.69
1779328800,2140.14
1779332400,2144.40
1779336000,2143.57
1779339600,2134.95
1779343200,2127.15
1779346800,2133.59
1779350400,2136.45
1779354000,2126.63
1779357600,2112.70
1779361200,2113.49
1779364800,2115.71
1779368400,2119.03
1779372000,2120.40
1779375600,2130.86
1779379200,2126.26
1779382800,2145.14
1779386400,2125.68
1779390000,2141.24
1779393600,2137.28
1779397200,2134.13
1779400800,2130.46
1779404400,2132.25
1779408000,2127.81
1779411600,2134.47
1779415200,2136.59
1779418800,2136.55
1779422400,2132.28
1779426000,2127.77
1779429600,2124.15
1779433200,2126.78
1779436800,2120.60
1779440400,2122.29
1779444000,2121.40
1779447600,2129.11
1779451200,2133.40
1779454800,2128.53
1779458400,2115.05
1779462000,2117.74
1779465600,2121.23
1779469200,2118.01
1779472800,2098.24
1779476400,2063.80
1779480000,2071.61
1779483600,2076.66
1779487200,2070.84
1779490800,2064.31
1779494400,2062.84
1779498000,2067.13
1779501600,2066.42
1779505200,2068.87
1779508800,2065.57
1779512400,2063.19
1779516000,2060.17
1779519600,2026.80
1779523200,2028.57
1779526800,2025.75
1779530400,2029.80
1779534000,2029.81
1779537600,2029.37
1779541200,2043.13
1779544800,2059.73
1779548400,2058.68
1779552000,2059.82
1779555600,2062.17
1779559200,2072.32
1779562800,2075.69
1779566400,2144.22
1779570000,2114.89
1779573600,2114.84
1779577200,2115.70
1779580800,2117.51
1779584400,2120.55
1779588000,2120.46
1779591600,2117.11
1779595200,2118.22
1779598800,2118.15
1779602400,2126.23
1779606000,2119.07
1779609600,2118.37
1779613200,2121.39
1779616800,2120.32
1779620400,2124.33
1779624000,2118.07
1779627600,2108.24
1779631200,2096.13
1779634800,2094.03
1779638400,2101.74
1779642000,2101.03
1779645600,2097.86
1779649200,2098.70
1779652800,2091.08
1779656400,2068.62
1779660000,2090.38
1779663600,2097.85
1779667200,2103.06
1779670800,2092.20
1779674400,2096.20
1779678000,2093.69
1779681600,2104.03
1779685200,2106.46
1779688800,2107.43
1779692400,2114.36
1779696000,2114.98
1779699600,2115.02
1779703200,2115.43
1779706800,2113.56
1779710400,2115.89
1779714000,2114.97
1779717600,2127.00
1779721200,2125.56
1779724800,2135.01
1779728400,2127.40
1779732000,2125.46
1779735600,2120.08
1779739200,2107.40
1779742800,2109.51
1779746400,2102.27
1779750000,2111.49
1779753600,2096.36
1779757200,2093.19
1779760800,2087.55
1779764400,2091.72
1779768000,2092.22
1779771600,2099.46
1779775200,2100.41
1779778800,2093.68
1779782400,2095.55
1779786000,2094.98
1779789600,2125.89
1779793200,2119.15
1779796800,2124.79
1779800400,2123.68
1779804000,2107.58
1779807600,2085.33
1779811200,2077.63
1779814800,2068.69
1779818400,2066.37
1779822000,2071.93
1779825600,2076.12
1779829200,2070.75
1779832800,2066.57
1779836400,2071.54
1779840000,2080.98
1779843600,2072.17
1779847200,2073.65
1779850800,2067.47
1779854400,2069.80
1779858000,2074.98
1779861600,2077.26
1779865200,2081.29
1779868800,2082.61
1779872400,2080.97
1779876000,2077.09
1779879600,2078.19
1779883200,2076.19
1779886800,2061.58
1779890400,2059.98
1779894000,2068.77
1779897600,2067.59
1779901200,2049.45
1779904800,2053.73
1779908400,2054.63
1779912000,2060.44
1779915600,2018.78
1779919200,2023.20
1779922800,2022.50
1779926400,2026.10
1779930000,2018.00
1779933600,2015.28
1779937200,1979.21
1779940800,1979.68
1779944400,1976.00
1779948000,1981.53
1779951600,1992.89
1779955200,1985.79
1779958800,1991.57
1779962400,1987.80
1779966000,1987.45
1779969600,1989.53
1779973200,1979.05
1779976800,1990.96
1779980400,1987.98
1779984000,2010.97
1779987600,2017.48
1779991200,2022.89
1779994800,2012.45
1779998400,2012.06
1780002000,2018.14
1780005600,2003.71
1780009200,2007.98
1780012800,2010.48
1780016400,2006.29
1780020000,1997.35
1780023600,2000.83
1780027200,2006.57
1780030800,2012.59
1780034400,2016.15
1780038000,2005.69
1780041600,2004.40
1780045200,2012.81
1780048800,2009.19
1780052400,2005.63
1780056000,1997.61
1780059600,1997.58
1780063200,1999.56
1780066800,2029.33
1780070400,2038.32
1780074000,2026.22
1780077600,2009.59
1780081200,2015.28
1780084800,2016.46
1780088400,2007.83
1780092000,2011.96
1780095600,2012.56
1780099200,2013.03
1780102800,2017.69
1780106400,2019.58
1780110000,2014.95
1780113600,2009.12
1780117200,2014.22
1780120800,2015.24
1780124400,2014.44
1780128000,2012.41
1780131600,2014.85
1780135200,2016.00
1780138800,2015.52
1780142400,2017.94
1780146000,2018.89
1780149600,2024.71
1780153200,2024.47
1780156800,2024.89
1780160400,2024.98
1780164000,2025.48
1780167600,2026.56
1780171200,2024.92
1780174800,2026.19
1780178400,2021.27
1780182000,2020.40
1780185600,2024.86
1780189200,2026.99
1780192800,2032.06
1780196400,2031.37
1780200000,2031.47
1780203600,2028.09
1780207200,2027.72
1780210800,2022.06
1780214400,2025.47
1780218000,2018.91
1780221600,2018.95
1780225200,2021.18
1780228800,2020.32
1780232400,2018.33
1780236000,2006.05
1780239600,2008.55
1780243200,2000.22
1780246800,2003.94
1780250400,1998.67
1780254000,1997.61
1780257600,2005.36
1780261200,2010.16
1780264800,2010.44
1780268400,2005.04
1780272000,2013.54
1780275600,1992.82
1780279200,2009.50
1780282800,2007.29
1780286400,1997.83
1780290000,1992.70
1780293600,1986.10
1780297200,1974.57
1780300800,1982.12
1780304400,1986.24
1780308000,1983.02
1780311600,1979.96
1780315200,1987.95
1780318800,1968.91
1780322400,1965.90
1780326000,1966.02
1780329600,1975.74
1780333200,1988.74
1780336800,1991.03
1780340400,2003.01
1780344000,2004.03
1780347600,1992.65
1780351200,2002.43
1780354800,2004.80
1780358400,1994.61
1780362000,1978.08
1780365600,1994.90
1780369200,2001.72
1780372800,1994.68
1780376400,1982.73
1780380000,1980.28
1780383600,1979.88
1780387200,1977.19
1780390800,1973.08
1780394400,1981.43
1780398000,1976.60
1780401600,1974.29
1780405200,1971.80
1780408800,1938.53
1780412400,1912.63
1780416000,1918.27
1780419600,1921.82
1780423200,1910.79
1780426800,1910.04
1780430400,1904.61
1780434000,1898.27
1780437600,1866.85
1780441200,1858.14
1780444800,1865.36
1780448400,1862.80
1780452000,1852.47
1780455600,1826.22
1780459200,1849.16
1780462800,1871.53
1780466400,1869.99
1780470000,1876.30
1780473600,1878.11
1780477200,1874.44
1780480800,1882.95
1780484400,1876.45
1780488000,1874.58
1780491600,1865.34
1780495200,1856.61
1780498800,1835.04
1780502400,1830.89
1780506000,1826.19
1780509600,1830.57
1780513200,1801.69
1780516800,1779.85
1780520400,1848.39
1780524000,1827.27
1780527600,1811.37
1780531200,1792.14
1780534800,1758.36
1780538400,1765.56
1780542000,1807.82
1780545600,1804.23
1780549200,1783.19
1780552800,1788.91
1780556400,1776.31
1780560000,1771.92
1780563600,1764.86
1780567200,1735.47
1780570800,1750.10
1780574400,1776.72
1780578000,1784.46
1780581600,1773.22
1780585200,1775.53
1780588800,1770.79
1780592400,1766.53
1780596000,1774.63
1780599600,1775.22
1780603200,1773.72
1780606800,1759.93
1780610400,1767.40
1780614000,1769.41
1780617600,1758.16
1780621200,1751.79
1780624800,1728.98
1780628400,1728.50
1780632000,1743.04
1780635600,1683.10
1780639200,1655.49
1780642800,1678.40
1780646400,1663.09
1780650000,1681.91
1780653600,1676.06
1780657200,1662.54
1780660800,1656.36
1780664400,1614.25
1780668000,1600.42
1780671600,1582.68
1780675200,1607.71
1780678800,1593.56
1780682400,1552.49
1780686000,1573.60
1780689600,1603.30
1780693200,1609.97
1780696800,1597.25
1780700400,1583.47
1780704000,1592.99
1780707600,1583.15
1780711200,1576.02
1780714800,1563.10
1780718400,1522.36
1780722000,1566.47
1780725600,1559.82
1780729200,1574.88
1780732800,1582.24
1780736400,1570.56
1780740000,1548.03
1780743600,1558.63
1780747200,1571.28
1780750800,1556.92
1780754400,1557.55
1780758000,1560.31
1780761600,1563.36
1780765200,1553.31
1780768800,1556.47
1780772400,1554.29
1780776000,1557.28
1780779600,1557.96
1780783200,1557.99
1780786800,1569.35
1780790400,1564.81
1780794000,1589.84
1780797600,1592.31
1780801200,1594.80
1780804800,1596.76
1780808400,1603.83
1780812000,1612.00
1780815600,1615.11
1780819200,1641.19
1780822800,1633.39
1780826400,1625.60
1780830000,1630.00
1780833600,1620.02
1780837200,1617.40
1780840800,1628.00
1780844400,1630.00
1780848000,1628.45
1780851600,1631.41
1780855200,1630.17
1780858800,1613.12
1780862400,1628.05
1780866000,1634.50
1780869600,1672.33
1780873200,1690.40
1780876800,1697.43
1780880400,1687.23
1780884000,1683.62
1780887600,1679.48
1780891200,1656.77
1780894800,1653.27
1780898400,1666.15
1780902000,1672.91
1780905600,1660.51
1780909200,1670.32
1780912800,1671.71
1780916400,1682.95
1780920000,1694.74
1780923600,1680.87
1780927200,1691.20
1780930800,1691.30
1780934400,1682.48
1780938000,1686.41
1780941600,1684.48
1780945200,1684.81
1780948800,1689.84
1780952400,1703.50
1780956000,1703.30
1780959600,1690.32
1780963200,1663.10
1780966800,1668.90
1780970400,1667.70
1780974000,1669.22
1780977600,1686.09
1780981200,1687.77
1780984800,1685.56
1780988400,1679.53
1780992000,1674.74
1780995600,1669.95
1780999200,1674.20
1781002800,1671.41
1781006400,1676.26
1781010000,1666.20
1781013600,1645.45
1781017200,1635.70
1781020800,1631.23
1781024400,1642.16
1781028000,1651.45
1781031600,1656.49
1781035200,1659.84
1781038800,1649.44
1781042400,1639.33
1781046000,1638.92
1781049600,1645.16
1781053200,1638.30
1781056800,1623.39
1781060400,1630.11
1781064000,1625.22
1781067600,1627.27
1781071200,1631.20
1781074800,1639.37
1781078400,1620.58
1781082000,1622.88
1781085600,1627.45
1781089200,1619.25
1781092800,1634.70
1781096400,1650.91
1781100000,1645.79
1781103600,1657.02
1781107200,1641.04
1781110800,1631.29
1781114400,1629.87
1781118000,1628.81
1781121600,1629.44
1781125200,1610.16
1781128800,1615.49
1781132400,1620.59
1781136000,1627.35
1781139600,1641.76
1781143200,1639.28
1781146800,1652.19
1781150400,1655.43
1781154000,1646.55
1781157600,1653.32
1781161200,1653.00
1781164800,1658.41
1781168400,1657.52
1781172000,1657.66
1781175600,1665.52
1781179200,1650.60
1781182800,1651.97
1781186400,1641.76
1781190000,1644.07
1781193600,1638.27
1781197200,1687.10
1781200800,1682.50
1781204400,1679.98
1781208000,1671.19
1781211600,1675.99
1781215200,1675.02
1781218800,1672.30
1781222400,1671.40
1781226000,1665.50
1781229600,1673.78
1781233200,1671.32
1781236800,1675.58
1781240400,1662.25
1781244000,1655.71
1781247600,1660.31
1781251200,1671.90
1781254800,1678.64
1781258400,1673.49
1781262000,1672.34
1781265600,1665.25
1781269200,1656.15
1781272800,1684.74
1781276400,1659.64
1781280000,1672.39
1781283600,1668.37
1781287200,1666.21
1781290800,1665.44
1781294400,1664.49
1781298000,1663.63
1781301600,1662.01
1781305200,1665.99
1781308800,1666.96
1781312400,1673.52
1781316000,1667.51
1781319600,1664.72
1781323200,1663.93
1781326800,1664.71
1781330400,1669.28
1781334000,1675.76
1781337600,1673.97
1781341200,1673.04
1781344800,1673.52
1781348400,1677.76
1781352000,1679.97
1781355600,1677.44
1781359200,1679.32
1781362800,1681.60
1781366400,1676.08
1781370000,1673.76
1781373600,1678.05
1781377200,1677.97
1781380800,1676.12
1781384400,1685.99
1781388000,1681.17
1781391600,1680.88
1781395200,1681.65
1781398800,1683.48
1781402400,1682.08
1781406000,1681.46
1781409600,1677.63
1781413200,1677.86
1781416800,1676.12
1781420400,1675.37
1781424000,1675.12
1781427600,1677.89
1781431200,1672.66
1781434800,1673.19
1781438400,1666.43
1781442000,1666.00
1781445600,1659.34
1781449200,1662.50
1781452800,1660.71
1781456400,1661.53
1781460000,1661.56
1781463600,1664.79
1781467200,1670.00
1781470800,1718.30
1781474400,1722.19
1781478000,1725.24
1781481600,1720.35
1781485200,1715.38
1781488800,1716.46
1781492400,1720.50
1781496000,1716.55
1781499600,1720.10
1781503200,1719.30
1781506800,1715.89
1781510400,1719.64
1781514000,1718.03
1781517600,1737.12
1781521200,1764.00
1781524800,1776.77
1781528400,1813.56
1781532000,1813.78
1781535600,1844.87
1781539200,1842.40
1781542800,1828.75
1781546400,1827.90
1781550000,1821.58
1781553600,1816.31
1781557200,1810.80
1781560800,1789.05
1781564400,1795.48
1781568000,1788.95
1781571600,1791.70
1781575200,1769.68
1781578800,1778.59
1781582400,1760.10
1781586000,1761.68
1781589600,1770.96
1781593200,1773.60
1781596800,1802.57
1781600400,1788.93
1781604000,1793.23
1781607600,1798.56
1781611200,1813.85
1781614800,1796.91
1781618400,1779.48
1781622000,1781.60
1781625600,1776.78
1781629200,1794.18
1781632800,1798.08
1781636400,1794.28
1781640000,1796.62
1781643600,1794.89
1781647200,1795.12
1781650800,1791.89
1781654400,1792.87
1781658000,1796.41
1781661600,1794.44
1781665200,1792.32
1781668800,1793.00
1781672400,1792.70
1781676000,1789.13
1781679600,1783.79
1781683200,1764.11
1781686800,1771.86
1781690400,1767.33
1781694000,1762.92
1781697600,1758.38
1781701200,1760.34
1781704800,1753.93
1781708400,1772.50
1781712000,1771.01
1781715600,1788.47
1781719200,1769.52
1781722800,1733.83
1781726400,1746.35
1781730000,1737.88
1781733600,1739.18
1781737200,1749.44
1781740800,1751.98
1781744400,1753.68
1781748000,1754.41
1781751600,1742.68
1781755200,1729.32
1781758800,1729.68
1781762400,1734.16
1781766000,1748.39
1781769600,1746.81
1781773200,1745.10
1781776800,1745.76
1781780400,1742.01
1781784000,1749.07
1781787600,1735.28
1781791200,1738.23
1781794800,1680.66
1781798400,1685.30
1781802000,1677.63
1781805600,1683.70
1781809200,1704.09
1781812800,1708.97
1781816400,1706.94
1781820000,1705.47
1781823600,1709.54
1781827200,1712.28
1781830800,1712.06
1781834400,1705.61
1781838000,1696.30
1781841600,1688.32
1781845200,1696.34
1781848800,1699.24
1781852400,1694.51
1781856000,1696.60
1781859600,1688.18
1781863200,1691.43
1781866800,1690.71
1781870400,1694.30
1781874000,1702.20
1781877600,1705.84
1781881200,1706.66
1781884800,1695.65
1781888400,1703.63
1781892000,1701.58
1781895600,1700.12
1781899200,1707.84
1781902800,1700.81
1781906400,1706.46
1781910000,1710.00
1781913600,1707.60
1781917200,1708.80
1781920800,1703.79
1781924400,1706.94
1781928000,1712.16
1781931600,1724.85
1781935200,1726.42
1781938800,1724.63
1781942400,1721.69
1781946000,1727.19
1781949600,1726.47
1781953200,1725.89
1781956800,1725.66
1781960400,1716.39
1781964000,1732.06
1781967600,1739.16
1781971200,1732.29
1781974800,1725.43
1781978400,1724.99
1781982000,1727.76
1781985600,1729.36
1781989200,1733.91
1781992800,1741.71
1781996400,1739.20
1782000000,1736.24
1782003600,1735.47
1782007200,1734.40
1782010800,1736.30
1782014400,1731.20
1782018000,1731.73
1782021600,1734.39
1782025200,1730.66
1782028800,1727.53
1782032400,1731.16
1782036000,1729.71
1782039600,1723.74
1782043200,1724.31
1782046800,1723.37
1782050400,1726.92
1782054000,1729.08
1782057600,1726.55
1782061200,1725.72
1782064800,1733.87
1782068400,1732.54
1782072000,1719.72
1782075600,1716.80
1782079200,1716.14
1782082800,1705.29
1782086400,1725.12
1782090000,1742.22
1782093600,1735.55
1782097200,1728.63
1782100800,1733.76
1782104400,1735.24
1782108000,1733.46
1782111600,1744.84
1782115200,1746.40
1782118800,1744.71
1782122400,1747.35
1782126000,1766.34
1782129600,1762.62
1782133200,1776.01
1782136800,1753.05
1782140400,1743.29
1782144000,1738.74
1782147600,1739.58
1782151200,1732.20
1782154800,1733.06
1782158400,1733.20
1782162000,1731.34
1782165600,1722.77
1782169200,1726.82
1782172800,1729.88
1782176400,1729.33
1782180000,1731.11
1782183600,1728.34
1782187200,1717.44
1782190800,1712.03
1782194400,1690.70
1782198000,1681.50
1782201600,1646.97
1782205200,1649.52
1782208800,1651.01
1782212400,1659.38
1782216000,1653.23
1782219600,1661.52
1782223200,1660.56
1782226800,1658.16
1782230400,1658.02
1782234000,1655.44
1782237600,1653.96
1782241200,1660.80
1782244800,1662.56
1782248400,1665.25
1782252000,1663.13
1782255600,1665.52
1782259200,1669.69
1782262800,1671.00
1782266400,1662.27
1782270000,1665.06
1782273600,1667.36
1782277200,1672.72
1782280800,1673.09
1782284400,1671.30
1782288000,1671.66
1782291600,1665.36
1782295200,1662.03
1782298800,1677.51
1782302400,1669.82
1782306000,1643.48
1782309600,1645.44
1782313200,1616.62
1782316800,1588.11
1782320400,1558.97
1782324000,1570.51
1782327600,1582.70
1782331200,1611.48
1782334800,1619.29
1782338400,1613.50
1782342000,1620.09
1782345600,1616.99
1782349200,1618.59
1782352800,1619.04
1782356400,1617.43
1782360000,1632.83
1782363600,1643.58
1782367200,1651.80
1782370800,1655.36
1782374400,1650.90
1782378000,1646.77
1782381600,1634.75
1782385200,1631.42
1782388800,1633.78
1782392400,1536.33
1782396000,1566.44
1782399600,1568.37
1782403200,1560.17
1782406800,1573.11
1782410400,1565.85
1782414000,1557.59
1782417600,1558.40
1782421200,1578.85
1782424800,1568.48
1782428400,1566.06
1782432000,1562.96
1782435600,1558.32
1782439200,1523.06
1782442800,1556.31
1782446400,1547.99
1782450000,1554.03
1782453600,1569.33
1782457200,1579.32
1782460800,1564.70
1782464400,1551.29
1782468000,1546.65
1782471600,1543.57
1782475200,1534.50
1782478800,1567.62
1782482400,1558.27
1782486000,1578.40
1782489600,1576.04
1782493200,1580.13
1782496800,1571.42
1782500400,1572.67
1782504000,1569.10
1782507600,1573.35
1782511200,1576.22
1782514800,1576.85
1782518400,1575.19
1782522000,1574.11
1782525600,1581.23
1782529200,1578.76
1782532800,1577.78
1782536400,1576.73
1782540000,1580.90
1782543600,1584.10
1782547200,1582.34
1782550800,1580.94
1782554400,1582.41
1782558000,1582.00
1782561600,1584.00
1782565200,1590.29
1782568800,1592.62
1782572400,1603.50
1782576000,1604.94
1782579600,1589.41
1782583200,1591.94
1782586800,1576.50
1782590400,1579.70
1782594000,1573.45
1782597600,1577.23
1782601200,1572.10
1782604800,1573.04
1782608400,1573.41
1782612000,1570.47
1782615600,1573.49
1782619200,1572.48
1782622800,1567.42
1782626400,1566.01
1782630000,1574.28
1782633600,1579.63
1782637200,1577.27
1782640800,1575.55
1782644400,1581.09
1782648000,1581.83
1782651600,1578.07
1782655200,1579.80
1782658800,1579.06
1782662400,1571.14
1782666000,1570.58
1782669600,1570.25
1782673200,1562.97
1782676800,1571.51
1782680400,1561.80
1782684000,1555.30
1782687600,1570.19
1782691200,1571.57
1782694800,1566.71
1782698400,1574.65
1782702000,1582.75
1782705600,1573.57
1782709200,1581.25
1782712800,1581.04
1782716400,1578.38
1782720000,1571.27
1782723600,1574.54
1782727200,1576.82
1782730800,1573.15
1782734400,1574.48
1782738000,1570.72
1782741600,1570.69
1782745200,1578.08
1782748800,1583.41
1782752400,1626.33
1782756000,1619.28
1782759600,1623.77
1782763200,1615.92
1782766800,1618.34
1782770400,1611.29
1782774000,1611.48
1782777600,1592.80
1782781200,1592.23
1782784800,1588.80
1782788400,1585.35
1782792000,1585.94
1782795600,1589.70
1782799200,1591.92
1782802800,1590.48
1782806400,1582.09
1782810000,1583.66
1782813600,1582.81
1782817200,1576.79
1782820800,1550.92
1782824400,1565.31
1782828000,1561.12
1782831600,1563.05
1782835200,1570.48
1782838800,1569.21
1782842400,1577.20
1782846000,1578.78
1782849600,1574.27
1782853200,1569.96
1782856800,1565.89
1782860400,1570.19
1782864000,1573.24
1782867600,1576.01
1782871200,1584.49
1782874800,1592.90
1782878400,1597.55
1782882000,1590.89
1782885600,1574.41
1782889200,1576.81
1782892800,1580.70
1782896400,1579.69
1782900000,1571.92
1782903600,1568.47
1782907200,1568.74
1782910800,1595.88
1782914400,1600.09
1782918000,1619.23
1782921600,1613.36
1782925200,1621.66
1782928800,1615.50
1782932400,1617.11
1782936000,1616.64
1782939600,1630.88
1782943200,1620.49
1782946800,1608.38
1782950400,1602.24
1782954000,1619.20
1782957600,1619.31
1782961200,1638.17
1782964800,1631.34
1782968400,1625.28
1782972000,1617.68
1782975600,1614.51
1782979200,1623.49
1782982800,1641.57
1782986400,1644.53
1782990000,1648.74
1782993600,1661.33
1782997200,1709.20
1783000800,1700.10
1783004400,1695.60
1783008000,1698.40
1783011600,1694.72
1783015200,1700.89
1783018800,1698.82
1783022400,1704.50
1783026000,1698.89
1783029600,1695.35
1783033200,1699.04
1783036800,1695.25
1783040400,1710.68
1783044000,1703.20
1783047600,1704.88
1783051200,1701.63
1783054800,1713.35
1783058400,1714.60
1783062000,1716.28
1783065600,1718.33
1783069200,1724.81
1783072800,1740.60
1783076400,1740.91
1783080000,1734.89
1783083600,1746.55
1783087200,1735.75
1783090800,1729.92
1783094400,1732.44
1783098000,1737.00
1783101600,1737.52
1783105200,1744.18
1783108800,1764.80
1783112400,1762.11
1783116000,1756.30
1783119600,1756.81
1783123200,1757.52
1783126800,1746.60
1783130400,1748.00
1783134000,1752.62
1783137600,1760.37
1783141200,1754.69
1783144800,1753.61
1783148400,1757.18
1783152000,1761.12
1783155600,1756.86
1783159200,1757.88
1783162800,1756.86
1783166400,1763.14
1783170000,1762.92
1783173600,1771.11
1783177200,1789.97
1783180800,1785.90
1783184400,1798.35
1783188000,1792.62
1783191600,1791.56
1783195200,1785.99
1783198800,1788.19
1783202400,1783.43
1783206000,1779.47
1783209600,1771.64
1783213200,1765.33
1783216800,1759.59
1783220400,1760.39
1783224000,1766.26
1783227600,1764.83
1783231200,1763.46
1783234800,1768.90
1783238400,1766.45
1783242000,1756.92
1783245600,1760.23
1783249200,1758.90
1783252800,1764.09
1783256400,1765.14
1783260000,1771.24
1783263600,1773.54
1783267200,1771.86
1783270800,1778.20
1783274400,1780.08
1783278000,1780.21
1783281600,1776.07
1783285200,1785.60
1783288800,1788.64
1783292400,1784.70
1783296000,1792.20
1783299600,1784.98
1783303200,1782.60
1783306800,1778.35
1783310400,1776.66
1783314000,1772.83
1783317600,1768.35
1783321200,1770.93
1783324800,1764.37
1783328400,1757.29
1783332000,1769.64
1783335600,1758.26
1783339200,1739.81
1783342800,1743.84
1783346400,1750.61
1783350000,1787.74
1783353600,1791.75
1783357200,1787.45
1783360800,1791.82
1783364400,1791.93
1783368000,1792.20
1783371600,1814.10
1783375200,1805.43
1783378800,1798.71
1783382400,1802.82
1783386000,1791.85
1783389600,1777.67
1783393200,1770.48
1783396800,1765.47
1783400400,1769.53
1783404000,1778.07
1783407600,1770.23
1783411200,1769.37
1783414800,1776.81
1783418400,1774.58
1783422000,1779.50
1783425600,1780.56
1783429200,1767.78
1783432800,1788.10
1783436400,1796.39
1783440000,1800.98
1783443600,1809.45
1783447200,1785.71
1783450800,1789.67
1783454400,1783.32
1783458000,1773.00
1783461600,1774.60
1783465200,1770.57
1783468800,1779.68
1783472400,1755.33
1783476000,1756.78
1783479600,1750.47
1783483200,1755.33
1783486800,1752.84
1783490400,1750.57
1783494000,1755.60
1783497600,1734.19
1783501200,1734.86
1783504800,1738.19
1783508400,1746.80
1783512000,1737.26
1783515600,1736.42
1783519200,1728.31
1783522800,1721.78
1783526400,1735.23
1783530000,1732.10
1783533600,1736.13
1783537200,1740.03
1783540800,1735.53
1783544400,1737.30
1783548000,1740.31
1783551600,1742.43
1783555200,1737.24
1783558800,1730.61
1783562400,1726.10
1783566000,1729.53
1783569600,1741.28
1783573200,1748.27
1783576800,1754.17
1783580400,1752.19
1783584000,1753.30
1783587600,1754.50
1783591200,1745.09
1783594800,1742.71
1783598400,1740.70
1783602000,1745.70
1783605600,1741.90
1783609200,1738.26
1783612800,1738.22
1783616400,1747.72
1783620000,1750.62
1783623600,1747.52
1783627200,1747.63
1783630800,1747.35
1783634400,1746.49
1783638000,1744.26
1783641600,1742.09
1783645200,1766.64
1783648800,1771.82
1783652400,1775.16
1783656000,1773.83
1783659600,1778.16
1783663200,1770.33
1783666800,1772.57
1783670400,1783.21
1783674000,1791.69
1783677600,1796.19
1783681200,1800.32
1783684800,1793.05
1783688400,1803.10
1783692000,1784.14
1783695600,1790.39
1783699200,1796.57
1783702800,1787.28
1783706400,1784.14
1783710000,1791.88
1783713600,1789.22
1783717200,1793.47
1783720800,1794.25
1783724400,1796.10
1783728000,1792.34
1783731600,1788.25
1783735200,1794.68
1783738800,1795.69
1783742400,1795.56
1783746000,1798.31
1783749600,1798.23
1783753200,1798.84
1783756800,1800.53
1783760400,1794.48
1783764000,1797.07
1783767600,1799.11
1783771200,1799.09
1783774800,1801.68
1783778400,1809.81
1783782000,1813.79
1783785600,1822.27
1783789200,1823.73
1783792800,1825.32
1783796400,1823.54
1783800000,1825.15
1783803600,1823.20
1783807200,1812.95
1783810800,1786.99
1783814400,1788.12
1783818000,1805.85
1783821600,1804.23
1783825200,1810.65
1783828800,1804.99
1783832400,1802.40
1783836000,1794.48
1783839600,1797.89
1783843200,1804.24
1783846800,1801.58
1783850400,1798.58
1783854000,1802.90
1783857600,1806.38
1783861200,1805.33
1783864800,1818.89
1783868400,1820.16
1783872000,1821.18
1783875600,1817.64
1783879200,1820.70
1783882800,1820.53
1783886400,1820.47
1783890000,1811.63
1783893600,1804.32
1783897200,1806.00
1783900800,1825.82
1783904400,1806.10
1783908000,1806.28
1783911600,1779.84
1783915200,1778.04
1783918800,1780.76
1783922400,1777.05
1783926000,1786.55
1783929600,1788.93
1783933200,1784.57
1783936800,1778.39
1783940400,1779.53
1783944000,1771.10
1783947600,1770.12
1783951200,1780.57
1783954800,1775.84
1783958400,1770.79
1783962000,1752.14
1783965600,1763.44
1783969200,1773.39
1783972800,1765.89
1783976400,1760.39
1783980000,1756.34
1783983600,1774.88
1783987200,1784.49
1783990800,1783.21
1783994400,1780.92
1783998000,1781.93
1784001600,1784.33
1784005200,1785.28
1784008800,1781.34
1784012400,1779.01
1784016000,1784.04
1784019600,1784.41
1784023200,1798.42
1784026800,1796.35
1784030400,1859.70
1784034000,1869.77
1784037600,1879.63
1784041200,1874.30
1784044800,1872.91
1784048400,1870.64
1784052000,1874.00
1784055600,1875.85
1784059200,1874.60
1784062800,1875.50
1784066400,1881.21
1784070000,1890.80
1784073600,1880.73
1784077200,1869.25
1784080800,1863.67
1784084400,1875.08
1784088000,1875.20
1784091600,1881.65
1784095200,1875.05
1784098800,1869.03
1784102400,1878.19
1784106000,1878.84
1784109600,1876.82
1784113200,1883.25
1784116800,1926.05
1784120400,1924.48
1784124000,1931.85
1784127600,1930.47
1784131200,1918.35
1784134800,1926.91
1784138400,1923.41
1784142000,1923.04
1784145600,1922.79
1784149200,1921.23
1784152800,1922.64
1784156400,1917.17
1784160000,1913.93
1784163600,1921.70
1784167200,1924.18
1784170800,1917.53
1784174400,1917.19
1784178000,1924.46
1784181600,1921.50
1784185200,1909.39
1784188800,1884.98
1784192400,1883.43
1784196000,1887.25
1784199600,1883.95
1784203200,1871.38
1784206800,1881.44
1784210400,1882.38
1784214000,1880.73
1784217600,1878.00
1784221200,1868.02
1784224800,1874.82
1784228400,1874.37
1784232000,1870.69
1784235600,1877.64
1784239200,1867.83
1784242800,1863.49
1784246400,1864.41
1784250000,1849.92
1784253600,1846.69
1784257200,1851.25
1784260800,1848.60
1784264400,1822.58
1784268000,1830.91
1784271600,1826.85
1784275200,1828.60
1784278800,1833.71
1784282400,1835.54
1784286000,1837.70
1784289600,1827.01
1784293200,1823.77
1784296800,1820.88
1784300400,1829.61
1784304000,1834.88
1784307600,1842.66
1784311200,1846.04
1784314800,1842.81
1784318400,1841.99
1784322000,1840.86
1784325600,1838.99
1784329200,1840.92
1784332800,1840.08
1784336400,1841.49
1784340000,1840.99
1784343600,1844.83
1784347200,1843.63
1784350800,1844.82
1784354400,1843.79
1784358000,1843.24
1784361600,1846.30
1784365200,1843.90
1784368800,1844.43
1784372400,1844.36
1784376000,1843.82
1784379600,1840.45
1784383200,1844.82
1784386800,1842.87
1784390400,1844.89
1784394000,1851.68
1784397600,1856.40
1784401200,1857.54
1784404800,1856.25
1784408400,1860.00
1784412000,1862.65
1784415600,1861.68
1784419200,1860.47
1784422800,1858.23
1784426400,1870.47
1784430000,1866.23
1784433600,1866.31
1784437200,1867.45
1784440800,1868.23
1784444400,1869.30
1784448000,1872.68
1784451600,1865.24
1784455200,1871.35
1784458800,1870.31
1784462400,1869.37
1784466000,1870.74
1784469600,1873.70
1784473200,1869.92
1784476800,1865.79
1784480400,1866.27
1784484000,1860.12
1784487600,1861.32
1784491200,1866.17
1784494800,1861.12
1784498400,1869.36
1784502000,1871.23
1784505600,1870.92
1784509200,1868.11
1784512800,1877.82
1784516400,1878.64
1784520000,1867.68
1784523600,1854.24
1784527200,1848.23
1784530800,1862.62
1784534400,1859.31
1784538000,1862.84
1784541600,1867.44
1784545200,1891.56
1784548800,1871.82
1784552400,1860.89
1784556000,1866.43
1784559600,1901.05
1784563200,1898.04
1784566800,1906.60
1784570400,1898.32
1784574000,1897.53
1784577600,1903.77
1784581200,1901.32
1784584800,1894.64
1784588400,1904.05
1784592000,1914.00
1784595600,1906.31
1784599200,1916.28
1784602800,1925.64
1784606400,1923.36
1784610000,1929.21
1784613600,1933.80
1784617200,1932.82
1784620800,1938.74
1784624400,1941.02
1784628000,1932.90
1784631600,1934.67
1784635200,1941.43
1784638800,1939.00
1784642400,1930.84
1784646000,1930.84
1784649600,1925.54
1784653200,1917.78
1784656800,1919.12
1784660400,1922.50
1784664000,1922.36
1784667600,1923.34
1784671200,1919.89
1784674800,1929.06
1784678400,1938.17
1784682000,1932.61
1784685600,1929.20
1784689200,1927.49
1784692800,1935.63
1784696400,1918.32
1784700000,1916.55
1784703600,1913.22
1784707200,1920.08
1784710800,1923.40
1784714400,1929.65
1784718000,1926.11
1784721600,1915.84
1784725200,1938.83
1784728800,1932.31
1784732400,1942.13
1784736000,1949.16
1784739600,1937.90
1784743200,1929.78
1784746800,1924.22
1784750400,1925.94
1784754000,1937.88
1784757600,1937.55
1784761200,1933.27
1784764800,1931.52
1784768400,1927.67
1784772000,1926.76
1784775600,1919.64
1784779200,1918.78
1784782800,1921.99
1784786400,1924.48
1784790000,1914.60
1784793600,1925.55
1784797200,1923.40
1784800800,1927.37
1784804400,1925.18
1784808000,1903.62
1784811600,1897.59
1784815200,1895.30
1784818800,1894.06
1784822400,1886.53
1784826000,1876.86
1784829600,1879.90
1784833200,1874.24
1784836800,1884.71
1784840400,1881.38
1784844000,1882.30
1784847600,1877.28
1784851200,1870.19
1784854800,1871.51
1784858400,1868.22
1784862000,1879.33
1784865600,1874.95
1784869200,1879.70
1784872800,1886.85
1784876400,1894.79
1784880000,1887.00
1784883600,1886.76
1784887200,1882.66
1784890800,1882.68
1784894400,1871.40
1784898000,1856.24
1784901600,1861.17
1784905200,1860.46
1784908800,1855.95
1784912400,1864.86
1784916000,1861.32
1784919600,1862.25
1784923200,1859.30
1784926800,1856.16
1784930400,1857.97
1784934000,1860.00
1784937600,1858.81
1784941200,1858.31
1784944800,1857.79
1784948400,1857.18
1784952000,1859.72
1784955600,1856.80
1784959200,1856.92
1784962800,1854.40
1784966400,1852.04
1784970000,1856.72
1784973600,1856.87
1784977200,1856.22
1784980800,1858.56
1784984400,1865.68
1784988000,1867.00
1784991600,1866.17
1784995200,1866.30
1784998800,1871.40
1785002400,1873.74
1785006000,1873.15
1785009600,1870.58
1785013200,1871.03
1785016800,1874.17
1785020400,1873.30
1785024000,1879.44
1785027600,1877.04
1785031200,1879.27
1785034800,1880.65
1785038400,1884.72
1785042000,1881.77
1785045600,1883.21
1785049200,1880.03
1785052800,1879.79
1785056400,1882.27
1785060000,1884.39
1785063600,1884.35
1785067200,1884.90
1785070800,1885.20
1785074400,1897.10
1785078000,1913.14
1785081600,1914.72
1785085200,1909.56
1785088800,1912.88
1785092400,1912.60
1785096000,1912.07
1785099600,1924.47
1785103200,1948.24
1785106800,1953.10
1785110400,1940.87
1785114000,1946.44
1785117600,1941.53
1785121200,1948.18
1785124800,1951.79
1785128400,1963.95
1785132000,1966.84
1785135600,1962.97
1785139200,1962.84
1785142800,1963.67
1785146400,1965.91
1785150000,1958.19
1785153600,1955.91
1785157200,1959.24
1785160800,1930.31
1785164400,1925.75
1785168000,1938.83
1785171600,1942.28
1785175200,1937.42
1785178800,1946.78
1785182400,1945.29
1785186000,1940.29
1785189600,1891.97
1785193200,1890.78
1785196800,1877.47
1785200400,1874.52
1785204000,1874.16
1785207600,1879.56
1785211200,1877.40
1785214800,1881.48
1785218400,1886.81
1785222000,1882.01
1785225600,1882.74
1785229200,1874.69
1785232800,1877.24
1785236400,1875.05
1785240000,1890.73
1785243600,1872.18
1785247200,1887.13
1785250800,1918.38
1785254400,1924.33
1785258000,1900.08
1785261600,1909.47
1785265200,1920.39
1785268800,1916.49
1785272400,1921.99
1785276000,1910.04
1785279600,1920.01
1785283200,1915.55
1785286800,1903.67
1785290400,1908.72
1785294000,1890.48
1785297600,1903.38
1785301200,1910.39
1785304800,1918.07
1785308400,1922.64
1785312000,1913.16
1785315600,1920.29
1785319200,1910.15
1785322800,1913.42
1785326400,1903.37
1785330000,1907.43
1785333600,1893.20
1785337200,1890.07
1785340800,1893.31
1785344400,1914.25
1785348000,1918.78
1785351600,1886.87
1785355200,1882.33
1785358800,1896.67
1785362400,1905.28
1785366000,1908.79
1785369600,1896.42
1785373200,1914.80
1785376800,1909.20
1785380400,1908.12
1785384000,1900.08
1785387600,1904.31
1785391200,1899.36
1785394800,1901.27
1785398400,1912.97
1785402000,1916.18
1785405600,1916.24
1785409200,1921.11
1785412800,1923.38
1785416400,1928.17
1785420000,1916.10
1785423600,1917.28
1785427200,1918.03
1785430800,1919.41
1785434400,1914.81
1785438000,1922.33
1785441600,1920.35
1785445200,1917.23
1785448800,1924.47
1785452400,1917.22
1785456000,1915.76
1785459600,1908.97
1785463200,1902.76
1785466800,1907.62
1785470400,1904.51
1785474000,1904.77
1785477600,1901.24
1785481200,1888.62
1785484800,1888.98
1785488400,1882.27
1785492000,1885.52
1785495600,1882.91
1785499200,1881.12
1785502800,1865.20
1785506400,1857.97
1785510000,1861.02
1785513600,1863.00
1785517200,1873.41
1785520800,1870.44
1785524400,1866.78
1785528000,1860.92
1785531600,1860.50
1785535200,1859.93
1785538800,1860.99
1785542400,1863.20
1785546000,1865.40
1785549600,1866.89
1785553200,1868.36
1785556800,1868.22
1785560400,1865.92
1785564000,1868.93
1785567600,1868.16
1785571200,1867.96
1785574800,1866.48
1785578400,1865.80
1785582000,1865.50
1785585600,1867.50
1785589200,1867.87
1785592800,1873.82
1785596400,1868.83
1785600000,1867.48
1785603600,1860.80
1785607200,1835.38
1785610800,1836.11
1785614400,1837.15
1785618000,1844.47
1785621600,1845.89
1785625200,1843.67
1785628800,1845.19
1785632400,1855.49
1785636000,1875.32
1785639600,1876.14
1785643200,1879.65
1785646800,1874.84
1785650400,1876.12
1785654000,1874.60
1785657600,1866.71
1785661200,1869.60
1785664800,1867.08
1785668400,1851.16
1785672000,1855.70
1785675600,1853.39
1785679200,1853.52
1785682800,1857.33
1785686400,1861.79
1785690000,1867.29
1785693600,1874.49
1785697200,1880.66
1785700800,1882.10
1785704400,1888.73
1785708000,1880.48
1785711600,1883.69
1785715200,1872.28
1785718800,1865.21
1785722400,1862.54
1785726000,1855.14
1785729600,1853.09
1785733200,1858.04
1785736800,1847.20
1785740400,1842.13
1785744000,1838.27
1785747600,1850.65
1785751200,1844.21
1785754800,1837.80
1785758400,1841.74
1785762000,1857.24
1785765600,1872.15
1785769200,1861.74
1785772800,1864.78
1785776400,1867.48
1785780000,1867.47
1785783600,1868.59
1785787200,1867.83
1785790800,1862.34
1785794400,1859.18
1785798000,1859.13
1785801600,1849.71
1785805200,1866.19
1785808800,1864.79
1785812400,1863.00
1785816000,1866.62
1785819600,1863.09
1785823200,1855.76
1785826800,1862.35
1785830400,1856.38
1785834000,1857.21
1785837600,1865.35
1785841200,1871.26
1785844800,1873.72
1785848400,1860.11
1785852000,1871.41
1785855600,1871.71
1785859200,1868.49
1785862800,1868.38
1785866400,1874.32
1785870000,1874.19
1785873600,1875.56
1785877200,1871.30
1785880800,1874.60
1785884400,1868.67
1785888000,1862.72
1785891600,1872.13
1785895200,1873.26
1785898800,1866.73
1785902400,1866.20
1785906000,1872.21
1785909600,1868.49
1785913200,1871.17
1785916800,1868.43
1785920400,1870.64
1785924000,1866.98
1785927600,1867.53
1785931200,1874.86
1785934800,1877.33
1785938400,1874.88
1785942000,1872.51
1785945600,1894.13
1785949200,1914.71
1785952800,1916.49
1785956400,1915.54
1785960000,1915.60
1785963600,1907.18
1785967200,1905.40
1785970800,1907.21
1785974400,1908.79
1785978000,1905.12
1785981600,1897.47
1785985200,1897.26
1785988800,1905.88
1785992400,1912.66
1785996000,1911.84
1785999600,1907.47
1786003200,1914.23
1786006800,1905.91
1786010400,1900.80
1786014000,1905.99
1786017600,1897.25
1786021200,1905.67
1786024800,1913.35
1786028400,1909.28
1786032000,1914.04
1786035600,1912.41
1786039200,1904.45
1786042800,1908.40
1786046400,1905.78
1786050000,1904.74
1786053600,1903.55
1786057200,1902.68
1786060800,1902.34
1786064400,1902.01
1786068000,1901.23
1786071600,1895.98
1786075200,1895.99
1786078800,1900.13
1786082400,1903.25
1786086000,1900.98
1786089600,1909.41
1786093200,1912.11
1786096800,1911.65
1786100400,1914.92
1786104000,1930.81
1786107600,1922.39
1786111200,1912.39
1786114800,1916.68
1786118400,1908.21
1786122000,1911.39
1786125600,1908.68
1786129200,1917.91
1786132800,1913.79
1786136400,1915.63
1786140000,1913.92
1786143600,1913.02
1786147200,1913.55
1786150800,1913.79
1786154400,1912.25
1786158000,1917.05
1786161600,1916.09
1786165200,1916.59
1786168800,1915.43
1786172400,1914.23
1786176000,1915.80
1786179600,1917.72
1786183200,1920.04
1786186800,1919.77
1786190400,1918.15
1786194000,1918.86
1786197600,1922.46
1786201200,1921.43
1786204800,1921.22
1786208400,1922.46
1786212000,1919.91
1786215600,1919.07
1786219200,1918.85
1786222800,1919.36
1786226400,1915.33
1786230000,1915.00
1786233600,1916.55
1786237200,1914.66
1786240800,1913.37
1786244400,1912.65
1786248000,1911.71
1786251600,1913.08
1786255200,1918.08
1786258800,1917.72
1786262400,1914.62
1786266000,1920.24
1786269600,1918.87
1786273200,1917.88
1786276800,1916.25
1786280400,1922.13
1786284000,1923.75
1786287600,1925.21
1786291200,1922.80
1786294800,1921.80
1786298400,1920.24
1786302000,1920.78
1786305600,1919.72
1786309200,1923.55
1786312800,1918.37
1786316400,1909.42
1786320000,1911.42
1786323600,1924.10
1786327200,1922.33
1786330800,1916.19
1786334400,1914.47
1786338000,1922.05
1786341600,1926.80
1786345200,1924.05
1786348800,1925.50
1786352400,1915.34
1786356000,1916.33
1786359600,1919.15
1786363200,1904.69
1786366800,1896.24
1786370400,1892.20
1786374000,1875.50
1786377600,1870.76
1786381200,1872.24
1786384800,1871.20
1786388400,1876.88
1786392000,1878.25
1786395600,1872.92
1786399200,1874.88
1786402800,1871.75
1786406400,1873.74
1786410000,1876.64
1786413600,1876.96
1786417200,1879.33
1786420800,1874.61
1786424400,1872.49
1786428000,1872.72
1786431600,1876.18
1786435200,1877.77
1786438800,1884.03
1786442400,1884.77
1786446000,1891.56
1786449600,1886.58
1786453200,1888.74
1786456800,1872.37
1786460400,1861.69
1786464000,1863.42
1786467600,1863.32
1786471200,1864.44
1786474800,1880.33
1786478400,1880.85
1786482000,1883.17
1786485600,1880.77
1786489200,1881.20
1786492800,1881.09
1786496400,1883.31
1786500000,1883.02
1786503600,1885.17
1786507200,1888.09
1786510800,1890.25
1786514400,1886.27
1786518000,1890.19
1786521600,1889.28
1786525200,1904.37
1786528800,1907.54
1786532400,1914.20
1786536000,1909.96
1786539600,1899.84
1786543200,1886.19
1786546800,1891.06
1786550400,1889.19
1786554000,1886.50
1786557600,1883.93
1786561200,1877.65
1786564800,1885.00
1786568400,1876.35
1786572000,1876.78
1786575600,1878.09
1786579200,1878.58
1786582800,1876.35
1786586400,1880.15
1786590000,1885.74
1786593600,1890.77
1786597200,1894.19
1786600800,1897.07
1786604400,1893.97
1786608000,1888.42
1786611600,1888.10
1786615200,1881.43
1786618800,1878.79
1786622400,1887.26
1786626000,1888.65
1786629600,1891.78
1786633200,1878.39
1786636800,1873.27
1786640400,1875.26
1786644000,1883.81
1786647600,1885.76
1786651200,1884.70
1786654800,1887.20
1786658400,1887.84
1786662000,1884.75
1786665600,1888.00
1786669200,1887.90
1786672800,1885.15
1786676400,1881.48
1786680000,1883.09
1786683600,1882.29
1786687200,1871.16
1786690800,1871.60
1786694400,1876.98
1786698000,1871.45
1786701600,1874.28
1786705200,1876.36
1786708800,1871.48
1786712400,1868.06
1786716000,1865.22
1786719600,1879.62
1786723200,1883.64
1786726800,1877.03
1786730400,1873.94
1786734000,1879.11
1786737600,1878.80
1786741200,1877.84
1786744800,1878.11
1786748400,1880.55
1786752000,1880.78
1786755600,1882.43
1786759200,1883.27
1786762800,1881.14
1786766400,1882.80
1786770000,1878.98
1786773600,1880.51
1786777200,1878.66
1786780800,1875.45
1786784400,1878.72
1786788000,1879.26
1786791600,1877.72
1786795200,1882.13
1786798800,1881.97
1786802400,1881.85
1786806000,1883.22
1786809600,1883.19
1786813200,1882.76
1786816800,1881.07
1786820400,1882.72
1786824000,1881.48
1786827600,1883.30
1786831200,1882.78
1786834800,1881.00
1786838400,1880.93
1786842000,1878.88
1786845600,1881.95
1786849200,1881.35
1786852800,1880.06
1786856400,1878.25
1786860000,1878.79
1786863600,1879.72
1786867200,1879.11
1786870800,1878.51
1786874400,1879.08
1786878000,1879.09
1786881600,1878.01
1786885200,1880.01
1786888800,1881.70
1786892400,1882.26
1786896000,1887.76
1786899600,1883.44
1786903200,1883.73
1786906800,1884.17
1786910400,1880.33
1786914000,1873.91
1786917600,1874.54
1786921200,1874.40
1786924800,1877.03
1786928400,1889.75
1786932000,1900.66
1786935600,1899.39
1786939200,1901.86
1786942800,1897.97
1786946400,1905.46
1786950000,1899.23
1786953600,1892.67
1786957200,1892.23
1786960800,1905.24
1786964400,1902.94
1786968000,1897.28
1786971600,1903.14
1786975200,1907.73
1786978800,1911.57
1786982400,1905.55
1786986000,1907.49
1786989600,1908.44
1786993200,1905.93
1786996800,1905.32
1787000400,1904.88
1787004000,1903.00
1787007600,1912.06
1787011200,1908.80
1787014800,1900.13
1787018400,1891.69
1787022000,1893.24
1787025600,1895.01
1787029200,1893.95
1787032800,1901.32
1787036400,1897.04
1787040000,1898.51
1787043600,1895.11
1787047200,1896.47
1787050800,1901.52
1787054400,1897.76
1787058000,1896.28
1787061600,1909.80
1787065200,1916.47
1787068800,1917.44
1787072400,1910.37
1787076000,1915.57
1787079600,1912.29
1787083200,1911.75
1787086800,1911.16
1787090400,1912.41
1787094000,1916.81
1787097600,1912.49
1787101200,1912.54
1787104800,1906.29
1787108400,1910.81
1787112000,1909.38
1787115600,1908.95
1787119200,1916.02
1787122800,1914.61
1787126400,1920.14
1787130000,1917.73
1787133600,1918.81
1787137200,1921.70
1787140800,1935.71
1787144400,1931.53
1787148000,1969.30
1787151600,2084.71
1787155200,2088.67
1787158800,2090.63
1787162400,2091.39
1787166000,2101.43
1787169600,2217.61
1787173200,2285.50
1787176800,2248.80
1787180400,2251.72
1787184000,2261.23
1787187600,2265.32
1787191200,2250.58
1787194800,2249.48
1787198400,2248.50
1787202000,2246.78
1787205600,2261.48
1787209200,2250.38
1787212800,2280.52
1787216400,2277.17
1787220000,2285.44
1787223600,2294.68
1787227200,2288.72
1787230800,2275.08
1787234400,2279.78
1787238000,2324.96
1787241600,2343.52
1787245200,2343.47
1787248800,2315.92
1787252400,2323.19
1787256000,2318.18
1787259600,2318.33
1787263200,2313.96
1787266800,2326.35
1787270400,2340.27
1787274000,2358.67
1787277600,2344.69
1787281200,2339.95
1787284800,2353.43
1787288400,2367.42
1787292000,2371.42
1787295600,2370.71
1787299200,2443.84
1787302800,2403.54
1787306400,2394.73
1787310000,2370.05
1787313600,2387.76
1787317200,2386.56
1787320800,2392.76
1787324400,2392.53
1787328000,2405.29
1787331600,2423.10
1787335200,2419.83
1787338800,2412.81
1787342400,2440.69
1787346000,2512.80
1787349600,2521.40
1787353200,2515.76
1787356800,2521.94
1787360400,2506.55
1787364000,2515.68
1787367600,2514.58
1787371200,2514.15
1787374800,2439.52
1787378400,2437.37
1787382000,2432.91
1787385600,2425.34
1787389200,2421.68
1787392800,2412.79
1787396400,2423.63
1787400000,2427.88
1787403600,2429.90
1787407200,2413.77
1787410800,2410.64
1787414400,2422.14
1787418000,2426.16
1787421600,2427.32
1787425200,2429.32
