timestamp,price
1724360400,2622.20
1724364000,2625.00
1724367600,2624.61
1724371200,2622.76
1724374800,2642.13
1724378400,2637.40
1724382000,2635.59
1724385600,2639.18
1724389200,2645.26
1724392800,2678.61
1724396400,2683.03
1724400000,2672.04
1724403600,2673.84
1724407200,2670.18
1724410800,2665.50
1724414400,2657.85
1724418000,2665.79
1724421600,2680.07
1724425200,2662.59
1724428800,2668.58
1724432400,2678.98
1724436000,2733.39
1724439600,2725.67
1724443200,2755.45
1724446800,2759.19
1724450400,2782.80
1724454000,2769.80
1724457600,2768.11
1724461200,2756.20
1724464800,2754.26
1724468400,2754.77
1724472000,2749.01
1724475600,2747.46
1724479200,2758.44
1724482800,2761.09
1724486400,2758.59
1724490000,2774.96
1724493600,2774.20
1724497200,2770.50
1724500800,2760.65
1724504400,2756.27
1724508000,2757.91
1724511600,2760.57
1724515200,2763.81
1724518800,2808.80
1724522400,2779.81
1724526000,2789.79
1724529600,2793.09
1724533200,2787.33
1724536800,2751.19
1724540400,2756.81
1724544000,2771.58
1724547600,2764.91
1724551200,2759.98
1724554800,2764.01
1724558400,2762.01
1724562000,2766.79
1724565600,2765.40
1724569200,2754.21
1724572800,2741.94
1724576400,2752.57
1724580000,2755.66
1724583600,2758.99
1724587200,2753.65
1724590800,2753.10
1724594400,2769.31
1724598000,2766.60
1724601600,2770.42
1724605200,2764.42
1724608800,2771.91
1724612400,2766.31
1724616000,2768.00
1724619600,2771.37
1724623200,2785.51
1724626800,2777.60
1724630400,2754.80
1724634000,2751.80
1724637600,2746.52
1724641200,2742.72
1724644800,2748.50
1724648400,2751.40
1724652000,2743.50
1724655600,2736.60
1724659200,2739.02
1724662800,2735.52
1724666400,2742.39
1724670000,2740.58
1724673600,2738.60
1724677200,2724.20
1724680800,2730.82
1724684400,2723.74
1724688000,2718.89
1724691600,2730.04
1724695200,2692.83
1724698800,2697.32
1724702400,2682.53
1724706000,2688.24
1724709600,2689.45
1724713200,2686.41
1724716800,2684.36
1724720400,2687.02
1724724000,2682.03
1724727600,2672.71
1724731200,2684.00
1724734800,2689.75
1724738400,2694.99
1724742000,2685.00
1724745600,2692.47
1724749200,2685.97
1724752800,2669.80
1724756400,2629.40
1724760000,2622.32
1724763600,2612.60
1724767200,2605.80
1724770800,2581.39
1724774400,2569.60
1724778000,2569.59
1724781600,2582.00
1724785200,2581.97
1724788800,2581.68
1724792400,2584.94
1724796000,2490.00
1724799600,2461.12
1724803200,2450.00
1724806800,2441.82
1724810400,2443.20
1724814000,2465.22
1724817600,2475.07
1724821200,2471.80
1724824800,2466.20
1724828400,2465.84
1724832000,2437.61
1724835600,2465.20
1724839200,2523.22
1724842800,2523.49
1724846400,2522.68
1724850000,2523.75
1724853600,2501.40
1724857200,2496.20
1724860800,2492.09
1724864400,2511.65
1724868000,2503.45
1724871600,2535.21
1724875200,2517.26
1724878800,2532.60
1724882400,2534.40
1724886000,2527.91
1724889600,2530.69
1724893200,2533.00
1724896800,2519.87
1724900400,2531.38
1724904000,2524.22
1724907600,2525.68
1724911200,2545.19
1724914800,2554.06
1724918400,2547.29
1724922000,2546.61
1724925600,2542.60
1724929200,2543.66
1724932800,2557.43
1724936400,2574.51
1724940000,2570.41
1724943600,2574.80
1724947200,2582.81
1724950800,2575.00
1724954400,2574.00
1724958000,2512.57
1724961600,2538.21
1724965200,2536.80
1724968800,2522.92
1724972400,2526.20
1724976000,2525.61
1724979600,2525.74
1724983200,2528.38
1724986800,2512.20
1724990400,2520.79
1724994000,2517.24
1724997600,2509.69
1725001200,2526.40
1725004800,2515.00
1725008400,2522.73
1725012000,2522.80
1725015600,2517.68
1725019200,2510.55
1725022800,2520.90
1725026400,2530.27
1725030000,2458.36
1725033600,2455.26
1725037200,2462.07
1725040800,2470.20
1725044400,2514.60
1725048000,2511.58
1725051600,2515.40
1725055200,2519.40
1725058800,2527.67
1725062400,2523.69
1725066000,2522.55
1725069600,2525.70
1725073200,2522.41
1725076800,2524.34
1725080400,2527.01
1725084000,2522.21
1725087600,2521.60
1725091200,2522.80
1725094800,2518.06
1725098400,2516.32
1725102000,2525.38
1725105600,2524.41
1725109200,2525.63
1725112800,2516.59
1725116400,2523.16
1725120000,2517.00
1725123600,2510.01
1725127200,2505.40
1725130800,2495.86
1725134400,2496.20
1725138000,2504.73
1725141600,2518.37
1725145200,2514.60
1725148800,2512.98
1725152400,2507.99
1725156000,2493.42
1725159600,2486.67
1725163200,2485.81
1725166800,2485.00
1725170400,2469.88
1725174000,2478.78
1725177600,2484.72
1725181200,2478.71
1725184800,2484.15
1725188400,2466.01
1725192000,2475.61
1725195600,2472.16
1725199200,2460.85
1725202800,2460.61
1725206400,2485.41
1725210000,2475.01
1725213600,2473.72
1725217200,2501.20
1725220800,2503.38
1725224400,2498.40
1725228000,2476.01
1725231600,2415.02
1725235200,2432.20
1725238800,2438.60
1725242400,2443.19
1725246000,2448.00
1725249600,2448.41
1725253200,2436.40
1725256800,2455.36
1725260400,2448.97
1725264000,2442.61
1725267600,2469.60
1725271200,2514.84
1725274800,2522.98
1725278400,2520.20
1725282000,2517.32
1725285600,2507.00
1725289200,2517.64
1725292800,2517.34
1725296400,2517.62
1725300000,2521.99
1725303600,2519.80
1725307200,2522.59
1725310800,2559.03
1725314400,2548.41
1725318000,2543.44
1725321600,2537.21
1725325200,2534.79
1725328800,2539.60
1725332400,2529.27
1725336000,2518.65
1725339600,2515.38
1725343200,2518.18
1725346800,2517.07
1725350400,2519.20
1725354000,2503.71
1725357600,2506.37
1725361200,2506.65
1725364800,2509.20
1725368400,2512.92
1725372000,2458.29
1725375600,2445.65
1725379200,2444.77
1725382800,2440.22
1725386400,2437.00
1725390000,2457.62
1725393600,2455.92
1725397200,2460.20
1725400800,2464.59
1725404400,2450.43
1725408000,2432.40
1725411600,2312.41
1725415200,2358.52
1725418800,2373.73
1725422400,2375.01
1725426000,2373.70
1725429600,2368.41
1725433200,2377.40
1725436800,2401.90
1725440400,2404.08
1725444000,2397.21
1725447600,2389.15
1725451200,2402.76
1725454800,2400.39
1725458400,2401.36
1725462000,2441.59
1725465600,2457.19
1725469200,2473.19
1725472800,2447.40
1725476400,2445.40
1725480000,2455.14
1725483600,2454.37
1725487200,2461.10
1725490800,2462.36
1725494400,2448.71
1725498000,2455.98
1725501600,2458.40
1725505200,2445.22
1725508800,2408.60
1725512400,2409.21
1725516000,2408.20
1725519600,2401.79
1725523200,2414.83
1725526800,2403.66
1725530400,2394.09
1725534000,2394.34
1725537600,2389.38
1725541200,2395.64
1725544800,2404.63
1725548400,2370.62
1725552000,2373.02
1725555600,2374.67
1725559200,2391.70
1725562800,2388.43
1725566400,2369.01
1725570000,2369.70
1725573600,2369.80
1725577200,2368.34
1725580800,2369.40
1725584400,2365.45
1725588000,2391.99
1725591600,2400.81
1725595200,2395.34
1725598800,2387.60
1725602400,2382.40
1725606000,2377.98
1725609600,2346.47
1725613200,2350.30
1725616800,2360.10
1725620400,2368.79
1725624000,2376.60
1725627600,2391.40
1725631200,2359.00
1725634800,2321.64
1725638400,2286.39
1725642000,2264.61
1725645600,2240.72
1725649200,2227.00
1725652800,2220.40
1725656400,2174.22
1725660000,2209.98
1725663600,2212.81
1725667200,2227.99
1725670800,2236.19
1725674400,2223.60
1725678000,2234.84
1725681600,2238.25
1725685200,2249.79
1725688800,2263.97
1725692400,2277.16
1725696000,2284.20
1725699600,2293.78
1725703200,2283.40
1725706800,2281.68
1725710400,2286.79
1725714000,2289.64
1725717600,2293.90
1725721200,2296.41
1725724800,2302.20
1725728400,2289.07
1725732000,2275.22
1725735600,2280.00
1725739200,2289.20
1725742800,2270.97
1725746400,2269.87
1725750000,2258.81
1725753600,2270.85
1725757200,2272.00
1725760800,2281.20
1725764400,2286.22
1725768000,2286.30
1725771600,2298.55
1725775200,2287.20
1725778800,2289.40
1725782400,2292.61
1725786000,2299.94
1725789600,2298.01
1725793200,2305.61
1725796800,2296.54
1725800400,2275.37
1725804000,2281.78
1725807600,2269.60
1725811200,2250.20
1725814800,2255.61
1725818400,2275.03
1725822000,2277.61
1725825600,2270.19
1725829200,2275.59
1725832800,2288.62
1725836400,2300.97
1725840000,2294.08
1725843600,2316.17
1725847200,2305.79
1725850800,2302.80
1725854400,2307.41
1725858000,2295.26
1725861600,2289.61
1725865200,2302.81
1725868800,2318.59
1725872400,2326.00
1725876000,2314.59
1725879600,2316.22
1725883200,2315.64
1725886800,2309.28
1725890400,2316.81
1725894000,2284.61
1725897600,2298.97
1725901200,2342.62
1725904800,2342.25
1725908400,2330.61
1725912000,2344.37
1725915600,2343.19
1725919200,2372.57
1725922800,2357.45
1725926400,2359.68
1725930000,2349.88
1725933600,2339.74
1725937200,2345.24
1725940800,2343.66
1725944400,2338.80
1725948000,2346.92
1725951600,2344.15
1725955200,2366.14
1725958800,2348.14
1725962400,2352.39
1725966000,2351.81
1725969600,2352.78
1725973200,2344.58
1725976800,2332.61
1725980400,2335.58
1725984000,2330.25
1725987600,2342.55
1725991200,2350.99
1725994800,2361.82
1725998400,2379.13
1726002000,2377.60
1726005600,2373.83
1726009200,2390.97
1726012800,2384.96
1726016400,2375.83
1726020000,2355.75
1726023600,2349.79
1726027200,2342.61
1726030800,2332.11
1726034400,2328.25
1726038000,2331.80
1726041600,2338.32
1726045200,2325.85
1726048800,2327.14
1726052400,2322.61
1726056000,2324.42
1726059600,2345.34
1726063200,2293.98
1726066800,2306.81
1726070400,2335.52
1726074000,2351.21
1726077600,2358.30
1726081200,2330.68
1726084800,2342.43
1726088400,2351.25
1726092000,2344.82
1726095600,2340.70
1726099200,2340.89
1726102800,2355.82
1726106400,2384.61
1726110000,2368.60
1726113600,2365.98
1726117200,2364.13
1726120800,2359.00
1726124400,2361.80
1726128000,2362.19
1726131600,2356.73
1726135200,2352.41
1726138800,2346.69
1726142400,2347.21
1726146000,2342.60
1726149600,2339.21
1726153200,2333.61
1726156800,2327.37
1726160400,2341.12
1726164000,2349.19
1726167600,2348.83
1726171200,2358.30
1726174800,2349.11
1726178400,2355.28
1726182000,2363.08
1726185600,2361.05
1726189200,2353.33
1726192800,2357.35
1726196400,2357.42
1726200000,2357.56
1726203600,2349.60
1726207200,2347.70
1726210800,2340.20
1726214400,2346.06
1726218000,2343.37
1726221600,2354.40
1726225200,2369.16
1726228800,2359.80
1726232400,2351.25
1726236000,2354.40
1726239600,2370.31
1726243200,2407.00
1726246800,2410.00
1726250400,2413.35
1726254000,2423.85
1726257600,2416.83
1726261200,2427.03
1726264800,2452.20
1726268400,2446.21
1726272000,2439.81
1726275600,2435.39
1726279200,2426.60
1726282800,2430.59
1726286400,2432.23
1726290000,2428.37
1726293600,2420.81
1726297200,2418.74
1726300800,2419.91
1726304400,2417.40
1726308000,2417.68
1726311600,2413.52
1726315200,2416.99
1726318800,2422.13
1726322400,2417.03
1726326000,2420.21
1726329600,2418.19
1726333200,2416.88
1726336800,2412.77
1726340400,2405.10
1726344000,2408.91
1726347600,2415.13
1726351200,2417.79
1726354800,2418.79
1726358400,2418.89
1726362000,2421.69
1726365600,2425.20
1726369200,2425.78
1726372800,2422.46
1726376400,2419.75
1726380000,2420.70
1726383600,2423.77
1726387200,2422.71
1726390800,2416.63
1726394400,2414.47
1726398000,2407.64
1726401600,2406.56
1726405200,2414.58
1726408800,2412.44
1726412400,2415.34
1726416000,2406.63
1726419600,2392.19
1726423200,2382.66
1726426800,2386.22
1726430400,2369.82
1726434000,2346.18
1726437600,2343.80
1726441200,2339.11
1726444800,2318.01
1726448400,2302.27
1726452000,2275.99
1726455600,2264.99
1726459200,2277.82
1726462800,2284.50
1726466400,2290.17
1726470000,2292.59
1726473600,2308.50
1726477200,2318.13
1726480800,2290.76
1726484400,2303.38
1726488000,2309.99
1726491600,2304.41
1726495200,2295.20
1726498800,2279.04
1726502400,2288.19
1726506000,2282.44
1726509600,2298.59
1726513200,2284.40
1726516800,2277.20
1726520400,2277.35
1726524000,2287.00
1726527600,2288.51
1726531200,2297.18
1726534800,2278.60
1726538400,2276.33
1726542000,2287.99
1726545600,2283.34
1726549200,2291.78
1726552800,2297.74
1726556400,2297.73
1726560000,2315.22
1726563600,2306.37
1726567200,2311.69
1726570800,2322.80
1726574400,2310.52
1726578000,2316.79
1726581600,2313.78
1726585200,2362.83
1726588800,2386.53
1726592400,2365.61
1726596000,2366.78
1726599600,2350.37
1726603200,2352.19
1726606800,2348.64
1726610400,2345.47
1726614000,2335.21
1726617600,2338.85
1726621200,2320.80
1726624800,2326.00
1726628400,2340.00
1726632000,2333.60
1726635600,2320.39
1726639200,2322.06
1726642800,2333.07
1726646400,2329.75
1726650000,2320.26
1726653600,2299.40
1726657200,2304.23
1726660800,2303.00
1726664400,2314.76
1726668000,2295.23
1726671600,2304.41
1726675200,2290.39
1726678800,2304.66
1726682400,2317.23
1726686000,2329.41
1726689600,2308.65
1726693200,2326.37
1726696800,2337.77
1726700400,2346.39
1726704000,2384.01
1726707600,2391.06
1726711200,2387.21
1726714800,2398.60
1726718400,2405.79
1726722000,2421.80
1726725600,2410.81
1726729200,2415.33
1726732800,2439.92
1726736400,2434.38
1726740000,2431.99
1726743600,2425.39
1726747200,2439.19
1726750800,2435.51
1726754400,2435.38
1726758000,2431.26
1726761600,2445.91
1726765200,2476.20
1726768800,2480.04
1726772400,2474.55
1726776000,2461.69
1726779600,2461.78
1726783200,2463.49
1726786800,2475.38
1726790400,2466.80
1726794000,2446.20
1726797600,2456.01
1726801200,2459.93
1726804800,2527.40
1726808400,2542.79
1726812000,2543.53
1726815600,2560.60
1726819200,2555.18
1726822800,2547.60
1726826400,2545.79
1726830000,2554.07
1726833600,2548.20
1726837200,2548.79
1726840800,2529.83
1726844400,2529.82
1726848000,2559.93
1726851600,2546.80
1726855200,2533.39
1726858800,2546.99
1726862400,2544.59
1726866000,2544.79
1726869600,2549.43
1726873200,2548.20
1726876800,2558.40
1726880400,2569.60
1726884000,2548.20
1726887600,2546.00
1726891200,2545.18
1726894800,2539.21
1726898400,2545.72
1726902000,2550.60
1726905600,2553.84
1726909200,2548.22
1726912800,2551.92
1726916400,2548.42
1726920000,2555.32
1726923600,2564.60
1726927200,2575.04
1726930800,2561.70
1726934400,2566.49
1726938000,2562.99
1726941600,2569.51
1726945200,2571.96
1726948800,2570.39
1726952400,2566.47
1726956000,2563.61
1726959600,2575.80
1726963200,2619.00
1726966800,2617.39
1726970400,2601.60
1726974000,2596.19
1726977600,2597.61
1726981200,2597.58
1726984800,2586.92
1726988400,2581.99
1726992000,2589.81
1726995600,2593.20
1726999200,2581.29
1727002800,2579.01
1727006400,2583.24
1727010000,2582.60
1727013600,2564.54
1727017200,2568.65
1727020800,2567.66
1727024400,2574.00
1727028000,2581.82
1727031600,2576.53
1727035200,2578.83
1727038800,2576.20
1727042400,2531.63
1727046000,2586.90
1727049600,2577.59
1727053200,2597.60
1727056800,2612.64
1727060400,2640.25
1727064000,2676.79
1727067600,2659.61
1727071200,2658.00
1727074800,2655.72
1727078400,2640.80
1727082000,2651.03
1727085600,2654.21
1727089200,2645.79
1727092800,2646.60
1727096400,2648.20
1727100000,2646.78
1727103600,2653.65
1727107200,2684.83
1727110800,2665.89
1727114400,2665.64
1727118000,2679.80
1727121600,2669.42
1727125200,2662.10
1727128800,2649.60
1727132400,2649.63
1727136000,2646.69
1727139600,2631.59
1727143200,2625.26
1727146800,2621.00
1727150400,2624.77
1727154000,2626.32
1727157600,2633.02
1727161200,2644.19
1727164800,2648.98
1727168400,2659.72
1727172000,2647.81
1727175600,2641.17
1727179200,2639.79
1727182800,2635.73
1727186400,2616.88
1727190000,2611.92
1727193600,2616.79
1727197200,2631.39
1727200800,2650.39
1727204400,2640.38
1727208000,2650.40
1727211600,2653.16
1727215200,2655.80
1727218800,2665.50
1727222400,2651.00
1727226000,2640.92
1727229600,2645.37
1727233200,2645.89
1727236800,2643.60
1727240400,2629.49
1727244000,2622.40
1727247600,2620.52
1727251200,2624.21
1727254800,2627.06
1727258400,2614.62
1727262000,2621.79
1727265600,2625.00
1727269200,2622.22
1727272800,2619.00
1727276400,2627.97
1727280000,2598.82
1727283600,2602.41
1727287200,2577.90
1727290800,2583.20
1727294400,2578.00
1727298000,2577.35
1727301600,2578.59
1727305200,2568.21
1727308800,2582.06
1727312400,2567.81
1727316000,2590.40
1727319600,2595.70
1727323200,2601.00
1727326800,2594.82
1727330400,2611.96
1727334000,2616.60
1727337600,2628.19
1727341200,2617.61
1727344800,2617.99
1727348400,2626.61
1727352000,2627.74
1727355600,2630.41
1727359200,2624.61
1727362800,2620.00
1727366400,2647.81
1727370000,2660.68
1727373600,2633.53
1727377200,2658.61
1727380800,2653.40
1727384400,2634.94
1727388000,2642.99
1727391600,2637.22
1727395200,2630.71
1727398800,2638.70
1727402400,2626.65
1727406000,2617.71
1727409600,2644.55
1727413200,2647.13
1727416800,2658.99
1727420400,2659.60
1727424000,2664.79
1727427600,2666.20
1727431200,2658.42
1727434800,2646.84
1727438400,2655.20
1727442000,2656.22
1727445600,2660.49
1727449200,2686.57
1727452800,2687.00
1727456400,2719.80
1727460000,2700.73
1727463600,2703.40
1727467200,2697.60
1727470800,2692.96
1727474400,2695.08
1727478000,2708.46
1727481600,2700.81
1727485200,2696.69
1727488800,2697.21
1727492400,2701.49
1727496000,2690.47
1727499600,2693.75
1727503200,2684.10
1727506800,2683.82
1727510400,2676.41
1727514000,2663.21
1727517600,2669.84
1727521200,2677.28
1727524800,2671.00
1727528400,2655.58
1727532000,2665.15
1727535600,2672.30
1727539200,2671.67
1727542800,2666.58
1727546400,2679.69
1727550000,2676.71
1727553600,2678.80
1727557200,2676.68
1727560800,2670.84
1727564400,2675.85
1727568000,2677.29
1727571600,2671.44
1727575200,2675.57
1727578800,2673.85
1727582400,2673.22
1727586000,2671.14
1727589600,2666.41
1727593200,2652.26
1727596800,2640.82
1727600400,2648.38
1727604000,2647.05
1727607600,2648.57
1727611200,2656.79
1727614800,2644.71
1727618400,2653.39
1727622000,2654.91
1727625600,2667.58
1727629200,2668.20
1727632800,2663.25
1727636400,2665.00
1727640000,2672.50
1727643600,2664.90
1727647200,2668.39
1727650800,2658.37
1727654400,2657.09
1727658000,2651.06
1727661600,2614.61
1727665200,2616.43
1727668800,2626.01
1727672400,2629.60
1727676000,2643.29
1727679600,2631.35
1727683200,2636.26
1727686800,2637.79
1727690400,2612.61
1727694000,2604.96
1727697600,2630.00
1727701200,2636.18
1727704800,2620.08
1727708400,2617.05
1727712000,2604.34
1727715600,2603.41
1727719200,2606.66
1727722800,2590.45
1727726400,2597.56
1727730000,2611.20
1727733600,2612.16
1727737200,2598.80
1727740800,2602.45
1727744400,2623.35
1727748000,2613.83
1727751600,2617.89
1727755200,2629.12
1727758800,2639.60
1727762400,2640.69
1727766000,2650.43
1727769600,2645.64
1727773200,2642.51
1727776800,2635.75
1727780400,2637.61
1727784000,2629.68
1727787600,2618.91
1727791200,2587.85
1727794800,2508.21
1727798400,2526.67
1727802000,2497.39
1727805600,2510.09
1727809200,2499.90
1727812800,2488.90
1727816400,2455.08
1727820000,2461.80
1727823600,2451.63
1727827200,2452.54
1727830800,2467.75
1727834400,2476.81
1727838000,2491.04
1727841600,2489.82
1727845200,2489.25
1727848800,2479.58
1727852400,2485.58
1727856000,2480.88
1727859600,2477.13
1727863200,2448.88
1727866800,2455.79
1727870400,2453.97
1727874000,2428.24
1727877600,2451.19
1727881200,2444.39
1727884800,2471.58
1727888400,2442.43
1727892000,2436.20
1727895600,2382.68
1727899200,2374.66
1727902800,2381.70
1727906400,2374.08
1727910000,2379.79
1727913600,2356.99
1727917200,2383.62
1727920800,2382.58
1727924400,2387.88
1727928000,2398.89
1727931600,2393.48
1727935200,2381.21
1727938800,2389.18
1727942400,2366.08
1727946000,2325.06
1727949600,2352.77
1727953200,2368.54
1727956800,2342.12
1727960400,2352.52
1727964000,2349.24
1727967600,2321.20
1727971200,2337.68
1727974800,2321.82
1727978400,2345.81
1727982000,2344.96
1727985600,2351.67
1727989200,2334.67
1727992800,2351.66
1727996400,2353.22
1728000000,2351.64
1728003600,2344.00
1728007200,2373.75
1728010800,2368.30
1728014400,2369.34
1728018000,2373.32
1728021600,2378.54
1728025200,2374.40
1728028800,2379.94
1728032400,2382.30
1728036000,2378.41
1728039600,2376.81
1728043200,2383.30
1728046800,2388.28
1728050400,2374.69
1728054000,2377.95
1728057600,2415.41
1728061200,2435.98
1728064800,2412.68
1728068400,2428.82
1728072000,2427.81
1728075600,2427.90
1728079200,2425.45
1728082800,2419.98
1728086400,2420.45
1728090000,2422.94
1728093600,2417.39
1728097200,2397.56
1728100800,2398.46
1728104400,2407.12
1728108000,2414.52
1728111600,2423.32
1728115200,2417.89
1728118800,2419.89
1728122400,2424.58
1728126000,2420.80
1728129600,2420.27
1728133200,2420.84
1728136800,2413.62
1728140400,2412.19
1728144000,2413.49
1728147600,2406.49
1728151200,2409.62
1728154800,2398.36
1728158400,2393.18
1728162000,2393.88
1728165600,2408.84
1728169200,2418.85
1728172800,2410.02
1728176400,2410.57
1728180000,2418.65
1728183600,2415.37
1728187200,2416.60
1728190800,2415.81
1728194400,2417.68
1728198000,2418.20
1728201600,2417.29
1728205200,2421.17
1728208800,2421.97
1728212400,2420.79
1728216000,2426.21
1728219600,2436.19
1728223200,2426.87
1728226800,2446.94
1728230400,2449.73
1728234000,2440.48
1728237600,2444.42
1728241200,2450.49
1728244800,2442.03
1728248400,2442.55
1728252000,2422.43
1728255600,2438.21
1728259200,2440.64
1728262800,2494.87
1728266400,2504.91
1728270000,2509.19
1728273600,2497.07
1728277200,2489.12
1728280800,2486.80
1728284400,2490.60
1728288000,2485.81
1728291600,2478.22
1728295200,2452.67
1728298800,2445.03
1728302400,2468.59
1728306000,2465.95
1728309600,2487.35
1728313200,2488.48
1728316800,2475.62
1728320400,2478.08
1728324000,2474.00
1728327600,2433.97
1728331200,2447.40
1728334800,2445.50
1728338400,2447.99
1728342000,2408.78
1728345600,2428.54
1728349200,2436.25
1728352800,2436.91
1728356400,2443.26
1728360000,2439.17
1728363600,2434.78
1728367200,2425.01
1728370800,2435.00
1728374400,2425.11
1728378000,2427.04
1728381600,2433.69
1728385200,2431.61
1728388800,2437.29
1728392400,2430.52
1728396000,2450.52
1728399600,2432.85
1728403200,2411.81
1728406800,2439.61
1728410400,2452.53
1728414000,2429.82
1728417600,2436.68
1728421200,2443.00
1728424800,2456.38
1728428400,2435.76
1728432000,2440.06
1728435600,2438.93
1728439200,2459.80
1728442800,2447.92
1728446400,2441.14
1728450000,2448.01
1728453600,2447.61
1728457200,2438.83
1728460800,2437.30
1728464400,2432.93
1728468000,2435.51
1728471600,2432.18
1728475200,2437.34
1728478800,2429.09
1728482400,2429.33
1728486000,2434.26
1728489600,2457.08
1728493200,2428.10
1728496800,2435.53
1728500400,2416.58
1728504000,2414.43
1728507600,2361.99
1728511200,2374.19
1728514800,2374.79
1728518400,2371.62
1728522000,2379.88
1728525600,2395.40
1728529200,2392.40
1728532800,2394.34
1728536400,2392.34
1728540000,2400.20
1728543600,2403.71
1728547200,2395.00
1728550800,2380.52
1728554400,2389.95
1728558000,2394.09
1728561600,2403.01
1728565200,2388.72
1728568800,2380.27
1728572400,2382.95
1728576000,2411.48
1728579600,2387.20
1728583200,2354.20
1728586800,2352.72
1728590400,2364.50
1728594000,2362.85
1728597600,2379.15
1728601200,2378.57
1728604800,2382.19
1728608400,2385.50
1728612000,2400.93
1728615600,2401.92
1728619200,2413.14
1728622800,2409.87
1728626400,2405.65
1728630000,2410.62
1728633600,2405.56
1728637200,2403.70
1728640800,2419.00
1728644400,2411.98
1728648000,2418.09
1728651600,2421.99
1728655200,2433.43
1728658800,2436.07
1728662400,2445.72
1728666000,2436.64
1728669600,2449.98
1728673200,2447.87
1728676800,2456.74
1728680400,2456.82
1728684000,2450.02
1728687600,2439.60
1728691200,2440.65
1728694800,2447.47
1728698400,2442.96
1728702000,2438.49
1728705600,2438.87
1728709200,2445.36
1728712800,2447.40
1728716400,2443.62
1728720000,2443.65
1728723600,2445.49
1728727200,2443.13
1728730800,2453.17
1728734400,2448.08
1728738000,2458.56
1728741600,2457.75
1728745200,2473.80
1728748800,2478.13
1728752400,2471.66
1728756000,2479.80
1728759600,2472.25
1728763200,2471.01
1728766800,2472.57
1728770400,2479.79
1728774000,2484.50
1728777600,2479.48
1728781200,2470.34
1728784800,2469.37
1728788400,2469.75
1728792000,2459.42
1728795600,2462.63
1728799200,2466.26
1728802800,2466.71
1728806400,2465.11
1728810000,2464.56
1728813600,2466.48
1728817200,2464.30
1728820800,2461.03
1728824400,2467.48
1728828000,2461.03
1728831600,2448.96
1728835200,2440.61
1728838800,2457.63
1728842400,2444.09
1728846000,2447.33
1728849600,2454.69
1728853200,2459.99
1728856800,2477.95
1728860400,2462.58
1728864000,2466.40
1728867600,2454.42
1728871200,2443.17
1728874800,2452.96
1728878400,2528.15
1728882000,2537.13
1728885600,2528.29
1728889200,2525.04
1728892800,2529.43
1728896400,2522.75
1728900000,2533.93
1728903600,2536.75
1728907200,2535.83
1728910800,2552.36
1728914400,2578.82
1728918000,2620.50
1728921600,2639.01
1728925200,2620.72
1728928800,2626.48
1728932400,2628.10
1728936000,2618.06
1728939600,2620.29
1728943200,2622.49
1728946800,2644.44
1728950400,2630.81
1728954000,2623.16
1728957600,2630.22
1728961200,2625.45
1728964800,2607.89
1728968400,2610.87
1728972000,2593.93
1728975600,2611.80
1728979200,2616.76
1728982800,2613.91
1728986400,2611.52
1728990000,2612.36
1728993600,2588.04
1728997200,2608.44
1729000800,2679.82
1729004400,2563.82
1729008000,2574.11
1729011600,2592.67
1729015200,2589.12
1729018800,2587.18
1729022400,2591.03
1729026000,2575.71
1729029600,2585.96
1729033200,2596.50
1729036800,2605.33
1729040400,2596.96
1729044000,2620.54
1729047600,2618.68
1729051200,2618.46
1729054800,2612.57
1729058400,2617.67
1729062000,2608.47
1729065600,2607.43
1729069200,2611.13
1729072800,2617.53
1729076400,2611.57
1729080000,2638.19
1729083600,2633.55
1729087200,2614.09
1729090800,2604.52
1729094400,2608.97
1729098000,2615.83
1729101600,2624.31
1729105200,2613.41
1729108800,2618.14
1729112400,2620.29
1729116000,2615.96
1729119600,2619.75
1729123200,2617.16
1729126800,2623.32
1729130400,2636.62
1729134000,2625.93
1729137600,2644.83
1729141200,2633.19
1729144800,2621.81
1729148400,2627.87
1729152000,2628.10
1729155600,2626.72
1729159200,2618.09
1729162800,2610.85
1729166400,2600.03
1729170000,2611.90
1729173600,2593.84
1729177200,2603.41
1729180800,2624.53
1729184400,2613.72
1729188000,2599.97
1729191600,2583.13
1729195200,2598.62
1729198800,2600.01
1729202400,2606.51
1729206000,2607.21
1729209600,2605.89
1729213200,2602.01
1729216800,2637.95
1729220400,2632.99
1729224000,2612.00
1729227600,2614.73
1729231200,2626.16
1729234800,2630.84
1729238400,2647.68
1729242000,2634.73
1729245600,2626.31
1729249200,2626.39
1729252800,2622.78
1729256400,2618.84
1729260000,2628.38
1729263600,2646.49
1729267200,2650.28
1729270800,2651.17
1729274400,2646.02
1729278000,2665.51
1729281600,2650.60
1729285200,2645.67
1729288800,2638.95
1729292400,2636.25
1729296000,2642.51
1729299600,2640.16
1729303200,2635.85
1729306800,2649.65
1729310400,2648.49
1729314000,2644.99
1729317600,2644.77
1729321200,2643.82
1729324800,2642.31
1729328400,2646.28
1729332000,2645.39
1729335600,2641.47
1729339200,2634.83
1729342800,2636.80
1729346400,2637.19
1729350000,2653.12
1729353600,2642.87
1729357200,2640.80
1729360800,2640.82
1729364400,2639.40
1729368000,2642.51
1729371600,2646.81
1729375200,2642.40
1729378800,2650.00
1729382400,2650.65
1729386000,2642.29
1729389600,2643.33
1729393200,2637.02
1729396800,2639.43
1729400400,2644.09
1729404000,2638.63
1729407600,2647.96
1729411200,2649.32
1729414800,2645.46
1729418400,2649.50
1729422000,2647.66
1729425600,2654.31
1729429200,2648.12
1729432800,2679.96
1729436400,2700.61
1729440000,2704.20
1729443600,2692.26
1729447200,2696.19
1729450800,2700.00
1729454400,2698.40
1729458000,2711.40
1729461600,2730.62
1729465200,2750.30
1729468800,2743.02
1729472400,2743.32
1729476000,2747.34
1729479600,2734.92
1729483200,2731.33
1729486800,2739.36
1729490400,2733.92
1729494000,2730.00
1729497600,2726.62
1729501200,2715.40
1729504800,2710.63
1729508400,2704.02
1729512000,2705.40
1729515600,2698.97
1729519200,2671.66
1729522800,2664.99
1729526400,2678.00
1729530000,2670.67
1729533600,2671.61
1729537200,2671.41
1729540800,2678.99
1729544400,2675.50
1729548000,2675.03
1729551600,2670.72
1729555200,2669.68
1729558800,2631.18
1729562400,2648.46
1729566000,2636.39
1729569600,2642.08
1729573200,2640.41
1729576800,2650.47
1729580400,2653.12
1729584000,2641.47
1729587600,2628.72
1729591200,2623.79
1729594800,2631.74
1729598400,2636.05
1729602000,2618.72
1729605600,2617.85
1729609200,2636.67
1729612800,2621.82
1729616400,2610.54
1729620000,2627.86
1729623600,2621.97
1729627200,2629.66
1729630800,2631.39
1729634400,2636.11
1729638000,2636.31
1729641600,2621.83
1729645200,2618.45
1729648800,2622.52
1729652400,2614.55
1729656000,2615.54
1729659600,2613.22
1729663200,2615.32
1729666800,2612.21
1729670400,2592.30
1729674000,2574.80
1729677600,2580.53
1729681200,2582.29
1729684800,2576.77
1729688400,2569.22
1729692000,2575.00
1729695600,2559.95
1729699200,2534.28
1729702800,2484.04
1729706400,2463.67
1729710000,2492.48
1729713600,2507.59
1729717200,2505.99
1729720800,2507.56
1729724400,2510.40
1729728000,2520.88
1729731600,2545.29
1729735200,2541.71
1729738800,2553.20
1729742400,2542.40
1729746000,2550.18
1729749600,2557.35
1729753200,2546.88
1729756800,2545.31
1729760400,2510.68
1729764000,2522.90
1729767600,2522.67
1729771200,2532.05
1729774800,2527.00
1729778400,2528.58
1729782000,2522.41
1729785600,2527.10
1729789200,2512.77
1729792800,2522.82
1729796400,2521.60
1729800000,2533.16
1729803600,2537.11
1729807200,2543.45
1729810800,2530.35
1729814400,2534.76
1729818000,2521.21
1729821600,2522.45
1729825200,2524.00
1729828800,2518.69
1729832400,2490.72
1729836000,2494.37
1729839600,2493.80
1729843200,2480.15
1729846800,2522.41
1729850400,2534.39
1729854000,2536.17
1729857600,2549.51
1729861200,2532.99
1729864800,2544.53
1729868400,2549.53
1729872000,2518.97
1729875600,2532.14
1729879200,2480.12
1729882800,2471.77
1729886400,2472.29
1729890000,2476.23
1729893600,2489.60
1729897200,2450.20
1729900800,2428.47
1729904400,2442.75
1729908000,2432.42
1729911600,2437.27
1729915200,2451.98
1729918800,2462.79
1729922400,2464.23
1729926000,2471.82
1729929600,2463.96
1729933200,2469.39
1729936800,2465.22
1729940400,2464.60
1729944000,2474.54
1729947600,2469.42
1729951200,2461.86
1729954800,2448.98
1729958400,2458.18
1729962000,2472.00
1729965600,2476.20
1729969200,2479.16
1729972800,2483.89
1729976400,2486.97
1729980000,2487.53
1729983600,2485.19
1729987200,2479.75
1729990800,2473.69
1729994400,2475.48
1729998000,2468.41
1730001600,2481.53
1730005200,2477.60
1730008800,2477.93
1730012400,2477.16
1730016000,2480.53
1730019600,2468.43
1730023200,2468.78
1730026800,2463.66
1730030400,2468.06
1730034000,2477.59
1730037600,2479.98
1730041200,2496.80
1730044800,2501.60
1730048400,2497.48
1730052000,2494.22
1730055600,2485.05
1730059200,2491.69
1730062800,2489.50
1730066400,2517.22
1730070000,2517.04
1730073600,2505.08
1730077200,2497.51
1730080800,2486.52
1730084400,2491.61
1730088000,2474.92
1730091600,2481.62
1730095200,2484.96
1730098800,2492.01
1730102400,2510.88
1730106000,2511.63
1730109600,2536.75
1730113200,2524.03
1730116800,2522.19
1730120400,2520.35
1730124000,2512.21
1730127600,2517.83
1730131200,2499.88
1730134800,2499.40
1730138400,2499.61
1730142000,2511.40
1730145600,2507.32
1730149200,2514.59
1730152800,2562.40
1730156400,2572.82
1730160000,2564.63
1730163600,2582.41
1730167200,2579.10
1730170800,2616.81
1730174400,2610.76
1730178000,2618.87
1730181600,2619.40
1730185200,2618.56
1730188800,2612.20
1730192400,2619.39
1730196000,2623.12
1730199600,2630.57
1730203200,2631.41
1730206800,2617.30
1730210400,2635.63
1730214000,2627.59
1730217600,2643.87
1730221200,2676.79
1730224800,2657.33
1730228400,2662.70
1730232000,2616.63
1730235600,2620.12
1730239200,2621.40
1730242800,2634.58
1730246400,2638.64
1730250000,2609.17
1730253600,2628.05
1730257200,2626.79
1730260800,2642.80
1730264400,2641.98
1730268000,2655.99
1730271600,2658.51
1730275200,2675.92
1730278800,2664.21
1730282400,2685.52
1730286000,2675.70
1730289600,2656.80
1730293200,2682.62
1730296800,2716.38
1730300400,2710.58
1730304000,2684.72
1730307600,2683.51
1730311200,2676.08
1730314800,2663.00
1730318400,2667.64
1730322000,2683.02
1730325600,2655.57
1730329200,2661.41
1730332800,2660.77
1730336400,2660.97
1730340000,2659.79
1730343600,2662.78
1730347200,2654.76
1730350800,2643.84
1730354400,2647.66
1730358000,2632.08
1730361600,2640.81
1730365200,2639.12
1730368800,2638.41
1730372400,2644.66
1730376000,2637.63
1730379600,2637.64
1730383200,2573.00
1730386800,2552.04
1730390400,2551.39
1730394000,2548.37
1730397600,2533.51
1730401200,2522.98
1730404800,2520.18
1730408400,2515.37
1730412000,2520.00
1730415600,2518.22
1730419200,2519.52
1730422800,2523.36
1730426400,2481.19
1730430000,2507.61
1730433600,2502.40
1730437200,2511.61
1730440800,2508.88
1730444400,2501.97
1730448000,2501.20
1730451600,2502.01
1730455200,2510.58
1730458800,2520.46
1730462400,2516.32
1730466000,2531.79
1730469600,2563.20
1730473200,2559.40
1730476800,2512.18
1730480400,2521.36
1730484000,2513.08
1730487600,2502.79
1730491200,2513.58
1730494800,2515.42
1730498400,2504.60
1730502000,2512.52
1730505600,2514.67
1730509200,2514.52
1730512800,2514.32
1730516400,2512.40
1730520000,2504.95
1730523600,2499.71
1730527200,2511.10
1730530800,2507.88
1730534400,2507.56
1730538000,2498.08
1730541600,2493.73
1730545200,2499.37
1730548800,2503.00
1730552400,2488.93
1730556000,2480.02
1730559600,2482.61
1730563200,2489.39
1730566800,2490.43
1730570400,2489.09
1730574000,2489.61
1730577600,2492.53
1730581200,2493.09
1730584800,2492.13
1730588400,2485.40
1730592000,2491.81
1730595600,2484.30
1730599200,2473.58
1730602800,2425.72
1730606400,2451.75
1730610000,2453.39
1730613600,2446.39
1730617200,2455.84
1730620800,2449.99
1730624400,2457.29
1730628000,2451.59
1730631600,2455.71
1730635200,2454.76
1730638800,2454.10
1730642400,2428.74
1730646000,2417.17
1730649600,2443.35
1730653200,2446.38
1730656800,2444.58
1730660400,2428.54
1730664000,2449.09
1730667600,2472.96
1730671200,2468.87
1730674800,2453.30
1730678400,2453.37
1730682000,2450.54
1730685600,2466.48
1730689200,2483.25
1730692800,2472.24
1730696400,2468.41
1730700000,2465.78
1730703600,2474.38
1730707200,2462.17
1730710800,2456.23
1730714400,2461.23
1730718000,2464.86
1730721600,2465.41
1730725200,2477.84
1730728800,2456.05
1730732400,2449.71
1730736000,2436.31
1730739600,2408.40
1730743200,2420.66
1730746800,2427.22
1730750400,2427.00
1730754000,2422.79
1730757600,2382.16
1730761200,2399.57
1730764800,2398.54
1730768400,2402.62
1730772000,2408.40
1730775600,2408.56
1730779200,2417.76
1730782800,2423.40
1730786400,2428.38
1730790000,2430.20
1730793600,2441.57
1730797200,2446.50
1730800800,2432.82
1730804400,2437.81
1730808000,2438.77
1730811600,2440.45
1730815200,2438.06
1730818800,2466.28
1730822400,2444.56
1730826000,2460.40
1730829600,2455.88
1730833200,2454.80
1730836800,2420.02
1730840400,2422.59
1730844000,2417.59
1730847600,2435.98
1730851200,2425.53
1730854800,2495.27
1730858400,2480.64
1730862000,2605.20
1730865600,2578.95
1730869200,2571.98
1730872800,2602.39
1730876400,2592.26
1730880000,2585.01
1730883600,2618.34
1730887200,2619.65
1730890800,2621.62
1730894400,2635.53
1730898000,2632.40
1730901600,2623.67
1730905200,2621.77
1730908800,2641.81
1730912400,2651.68
1730916000,2663.27
1730919600,2675.34
1730923200,2676.71
1730926800,2688.13
1730930400,2693.80
1730934000,2733.58
1730937600,2719.53
1730941200,2745.54
1730944800,2819.80
1730948400,2863.89
1730952000,2847.40
1730955600,2841.96
1730959200,2835.12
1730962800,2801.05
1730966400,2822.80
1730970000,2817.65
1730973600,2814.78
1730977200,2820.41
1730980800,2805.59
1730984400,2821.80
1730988000,2813.49
1730991600,2788.81
1730995200,2840.78
1730998800,2843.66
1731002400,2862.38
1731006000,2871.60
1731009600,2889.68
1731013200,2908.40
1731016800,2895.95
1731020400,2881.74
1731024000,2907.82
1731027600,2914.80
1731031200,2920.46
1731034800,2893.40
1731038400,2906.81
1731042000,2905.16
1731045600,2924.59
1731049200,2906.79
1731052800,2903.03
1731056400,2902.35
1731060000,2908.65
1731063600,2926.04
1731067200,2920.84
1731070800,2939.22
1731074400,2946.60
1731078000,2914.40
1731081600,2944.40
1731085200,2916.40
1731088800,2920.79
1731092400,2960.00
1731096000,2951.41
1731099600,2937.01
1731103200,2953.82
1731106800,2959.33
1731110400,2958.46
1731114000,2982.87
1731117600,2984.61
1731121200,2978.46
1731124800,2969.21
1731128400,2972.87
1731132000,3041.80
1731135600,3038.40
1731139200,3030.90
1731142800,3029.43
1731146400,3050.00
1731150000,3056.19
1731153600,3052.29
1731157200,3038.02
1731160800,3044.21
1731164400,3034.24
1731168000,3045.27
1731171600,3025.80
1731175200,3040.66
1731178800,3073.44
1731182400,3069.42
1731186000,3083.00
1731189600,3080.02
1731193200,3152.60
1731196800,3116.13
1731200400,3120.07
1731204000,3123.59
1731207600,3124.48
1731211200,3132.77
1731214800,3179.61
1731218400,3169.54
1731222000,3183.84
1731225600,3186.93
1731229200,3188.44
1731232800,3196.57
1731236400,3207.62
1731240000,3228.19
1731243600,3202.03
1731247200,3199.80
1731250800,3194.81
1731254400,3209.77
1731258000,3212.20
1731261600,3220.68
1731265200,3230.87
1731268800,3173.99
1731272400,3109.00
1731276000,3171.18
1731279600,3177.58
1731283200,3192.29
1731286800,3189.99
1731290400,3206.96
1731294000,3199.59
1731297600,3192.19
1731301200,3183.60
1731304800,3140.60
1731308400,3136.78
1731312000,3148.38
1731315600,3150.78
1731319200,3183.20
1731322800,3188.94
1731326400,3202.21
1731330000,3167.06
1731333600,3165.41
1731337200,3189.18
1731340800,3249.79
1731344400,3286.83
1731348000,3290.60
1731351600,3327.78
1731355200,3305.58
1731358800,3342.41
1731362400,3326.57
1731366000,3368.02
1731369600,3352.91
1731373200,3333.46
1731376800,3331.83
1731380400,3299.21
1731384000,3343.60
1731387600,3323.60
1731391200,3339.19
1731394800,3361.19
1731398400,3380.72
1731402000,3438.81
1731405600,3350.90
1731409200,3296.91
1731412800,3293.41
1731416400,3235.94
1731420000,3277.06
1731423600,3283.79
1731427200,3266.87
1731430800,3258.83
1731434400,3236.96
1731438000,3285.41
1731441600,3284.32
1731445200,3280.98
1731448800,3283.99
1731452400,3265.58
1731456000,3258.20
1731459600,3256.82
1731463200,3277.83
1731466800,3256.38
1731470400,3220.79
1731474000,3171.42
1731477600,3152.29
1731481200,3135.38
1731484800,3161.89
1731488400,3156.80
1731492000,3164.18
1731495600,3183.78
1731499200,3175.59
1731502800,3172.32
1731506400,3213.93
1731510000,3296.59
1731513600,3313.89
1731517200,3294.89
1731520800,3284.90
1731524400,3258.40
1731528000,3136.35
1731531600,3136.02
1731535200,3167.61
1731538800,3170.06
1731542400,3191.58
1731546000,3189.40
1731549600,3220.57
1731553200,3201.65
1731556800,3213.30
1731560400,3232.80
1731564000,3229.10
1731567600,3190.07
1731571200,3223.90
1731574800,3208.06
1731578400,3210.23
1731582000,3167.99
1731585600,3186.88
1731589200,3196.97
1731592800,3181.14
1731596400,3118.01
1731600000,3082.15
1731603600,3162.22
1731607200,3137.47
1731610800,3138.35
1731614400,3131.83
1731618000,3098.46
1731621600,3120.22
1731625200,3079.78
1731628800,3072.87
1731632400,3073.96
1731636000,3063.75
1731639600,3079.41
1731643200,3076.03
1731646800,3036.41
1731650400,3068.40
1731654000,3069.90
1731657600,3038.02
1731661200,3079.30
1731664800,3095.40
1731668400,3103.58
1731672000,3099.95
1731675600,3103.75
1731679200,3102.84
1731682800,3055.63
1731686400,3021.99
1731690000,3042.84
1731693600,3039.39
1731697200,3021.82
1731700800,3044.02
1731704400,3083.55
1731708000,3089.79
1731711600,3108.94
1731715200,3089.23
1731718800,3095.41
1731722400,3099.55
1731726000,3115.20
1731729600,3151.38
1731733200,3129.01
1731736800,3130.53
1731740400,3118.62
1731744000,3111.41
1731747600,3121.51
1731751200,3118.74
1731754800,3123.00
1731758400,3214.30
1731762000,3180.86
1731765600,3176.53
1731769200,3160.83
1731772800,3135.11
1731776400,3147.40
1731780000,3167.48
1731783600,3176.45
1731787200,3175.17
1731790800,3154.14
1731794400,3156.33
1731798000,3138.12
1731801600,3137.58
1731805200,3145.84
1731808800,3064.83
1731812400,3071.00
1731816000,3081.20
1731819600,3129.42
1731823200,3106.70
1731826800,3125.99
1731830400,3132.00
1731834000,3149.19
1731837600,3140.66
1731841200,3124.60
1731844800,3111.96
1731848400,3119.15
1731852000,3105.05
1731855600,3080.39
1731859200,3076.31
1731862800,3092.34
1731866400,3105.12
1731870000,3082.48
1731873600,3102.19
1731877200,3074.73
1731880800,3046.22
1731884400,3067.05
1731888000,3078.94
1731891600,3097.89
1731895200,3109.55
1731898800,3107.35
1731902400,3113.56
1731906000,3100.80
1731909600,3123.86
1731913200,3134.59
1731916800,3126.40
1731920400,3123.17
1731924000,3114.01
1731927600,3110.79
1731931200,3065.34
1731934800,3067.60
1731938400,3073.90
1731942000,3094.11
1731945600,3139.79
1731949200,3174.20
1731952800,3173.22
1731956400,3167.85
1731960000,3131.97
1731963600,3162.59
1731967200,3152.00
1731970800,3159.58
1731974400,3213.92
1731978000,3155.38
1731981600,3154.11
1731985200,3157.27
1731988800,3150.39
1731992400,3136.81
1731996000,3128.80
1731999600,3128.21
1732003200,3121.39
1732006800,3125.98
1732010400,3112.80
1732014000,3122.87
1732017600,3137.11
1732021200,3129.16
1732024800,3089.41
1732028400,3105.93
1732032000,3107.99
1732035600,3110.61
1732039200,3118.67
1732042800,3133.20
1732046400,3125.86
1732050000,3109.11
1732053600,3100.52
1732057200,3105.19
1732060800,3106.78
1732064400,3125.97
1732068000,3103.54
1732071600,3082.11
1732075200,3095.41
1732078800,3097.05
1732082400,3115.42
1732086000,3103.69
1732089600,3110.86
1732093200,3122.23
1732096800,3118.50
1732100400,3106.65
1732104000,3099.28
1732107600,3089.67
1732111200,3126.68
1732114800,3118.80
1732118400,3136.62
1732122000,3096.46
1732125600,3073.31
1732129200,3050.82
1732132800,3052.35
1732136400,3076.92
1732140000,3085.08
1732143600,3076.69
1732147200,3073.84
1732150800,3082.41
1732154400,3076.07
1732158000,3062.85
1732161600,3094.30
1732165200,3141.52
1732168800,3106.96
1732172400,3129.95
1732176000,3138.89
1732179600,3140.37
1732183200,3131.50
1732186800,3133.00
1732190400,3166.98
1732194000,3308.58
1732197600,3351.04
1732201200,3335.79
1732204800,3293.86
1732208400,3315.91
1732212000,3363.29
1732215600,3389.56
1732219200,3359.80
1732222800,3351.17
1732226400,3354.61
1732230000,3373.60
1732233600,3363.14
1732237200,3309.16
1732240800,3333.71
1732244400,3326.56
1732248000,3366.00
1732251600,3381.41
1732255200,3384.79
1732258800,3370.95
1732262400,3373.32
1732266000,3373.66
1732269600,3370.55
1732273200,3327.40
1732276800,3342.22
1732280400,3341.39
1732284000,3289.83
1732287600,3295.87
1732291200,3306.81
1732294800,3313.20
1732298400,3302.59
1732302000,3291.21
1732305600,3280.99
1732309200,3291.48
1732312800,3310.43
1732316400,3317.08
1732320000,3325.23
1732323600,3351.22
1732327200,3348.18
1732330800,3324.87
1732334400,3345.46
1732338000,3363.69
1732341600,3352.93
1732345200,3348.80
1732348800,3346.81
1732352400,3374.41
1732356000,3360.60
1732359600,3356.69
1732363200,3355.02
1732366800,3401.80
1732370400,3450.80
1732374000,3476.41
1732377600,3472.78
1732381200,3400.58
1732384800,3413.42
1732388400,3425.14
1732392000,3410.18
1732395600,3408.67
1732399200,3426.14
1732402800,3399.31
1732406400,3402.39
1732410000,3425.22
1732413600,3442.83
1732417200,3430.36
1732420800,3431.42
1732424400,3416.13
1732428000,3413.92
1732431600,3430.01
1732435200,3425.85
1732438800,3405.65
1732442400,3406.61
1732446000,3371.21
1732449600,3356.27
1732453200,3323.81
1732456800,3321.24
1732460400,3322.98
1732464000,3310.42
1732467600,3316.01
1732471200,3309.73
1732474800,3327.19
1732478400,3331.76
1732482000,3339.99
1732485600,3349.82
1732489200,3364.11
1732492800,3353.45
1732496400,3342.16
1732500000,3342.30
1732503600,3345.29
1732507200,3367.22
1732510800,3381.20
1732514400,3380.22
1732518000,3387.58
1732521600,3413.10
1732525200,3420.67
1732528800,3469.86
1732532400,3496.64
1732536000,3486.61
1732539600,3492.67
1732543200,3487.89
1732546800,3420.86
1732550400,3546.38
1732554000,3467.33
1732557600,3474.41
1732561200,3439.01
1732564800,3461.50
1732568400,3499.80
1732572000,3432.50
1732575600,3448.00
1732579200,3411.23
1732582800,3430.56
1732586400,3447.19
1732590000,3444.19
1732593600,3439.23
1732597200,3422.80
1732600800,3429.60
1732604400,3412.74
1732608000,3392.14
1732611600,3382.01
1732615200,3359.41
1732618800,3312.21
1732622400,3317.45
1732626000,3310.79
1732629600,3301.41
1732633200,3347.47
1732636800,3303.33
1732640400,3333.57
1732644000,3321.51
1732647600,3293.59
1732651200,3302.19
1732654800,3324.78
1732658400,3331.64
1732662000,3319.80
1732665600,3317.74
1732669200,3311.19
1732672800,3340.71
1732676400,3369.01
1732680000,3364.89
1732683600,3395.68
1732687200,3404.09
1732690800,3431.42
1732694400,3420.61
1732698000,3412.75
1732701600,3414.26
1732705200,3449.60
1732708800,3464.75
1732712400,3494.98
1732716000,3498.79
1732719600,3522.11
1732723200,3547.41
1732726800,3557.23
1732730400,3570.71
1732734000,3587.18
1732737600,3605.39
1732741200,3647.20
1732744800,3647.42
1732748400,3686.99
1732752000,3652.98
1732755600,3643.14
1732759200,3634.02
1732762800,3612.81
1732766400,3599.20
1732770000,3615.21
1732773600,3580.85
1732777200,3594.94
1732780800,3595.85
1732784400,3624.97
1732788000,3579.83
1732791600,3609.19
1732795200,3617.45
1732798800,3610.64
1732802400,3592.22
1732806000,3573.81
1732809600,3553.04
1732813200,3551.66
1732816800,3562.58
1732820400,3580.99
1732824000,3568.98
1732827600,3568.60
1732831200,3572.97
1732834800,3587.02
1732838400,3582.70
1732842000,3563.19
1732845600,3575.39
1732849200,3593.45
1732852800,3584.79
1732856400,3581.96
1732860000,3582.51
1732863600,3560.65
1732867200,3553.01
1732870800,3565.38
1732874400,3569.20
1732878000,3582.36
1732881600,3593.51
1732885200,3589.07
1732888800,3611.64
1732892400,3631.35
1732896000,3623.04
1732899600,3604.39
1732903200,3594.58
1732906800,3569.93
1732910400,3581.48
1732914000,3596.77
1732917600,3595.76
1732921200,3596.68
1732924800,3595.39
1732928400,3573.98
1732932000,3602.41
1732935600,3633.71
1732939200,3656.37
1732942800,3653.40
1732946400,3695.90
1732950000,3700.02
1732953600,3713.45
1732957200,3697.35
1732960800,3690.01
1732964400,3649.58
1732968000,3663.02
1732971600,3677.41
1732975200,3680.98
1732978800,3668.51
1732982400,3675.80
1732986000,3676.29
1732989600,3679.22
1732993200,3675.82
1732996800,3690.14
1733000400,3708.36
1733004000,3711.02
1733007600,3724.00
1733011200,3715.60
1733014800,3685.21
1733018400,3708.40
1733022000,3671.58
1733025600,3705.81
1733029200,3696.03
1733032800,3690.41
1733036400,3700.77
1733040000,3708.04
1733043600,3703.22
1733047200,3698.64
1733050800,3690.43
1733054400,3691.59
1733058000,3686.27
1733061600,3697.58
1733065200,3705.71
1733068800,3731.40
1733072400,3723.07
1733076000,3729.88
1733079600,3716.08
1733083200,3700.02
1733086800,3693.03
1733090400,3718.71
1733094000,3728.74
1733097600,3713.16
1733101200,3713.67
1733104800,3738.44
1733108400,3756.70
1733112000,3690.49
1733115600,3690.39
1733119200,3673.39
1733122800,3682.94
1733126400,3664.03
1733130000,3604.60
1733133600,3612.98
1733137200,3580.22
1733140800,3590.41
1733144400,3594.15
1733148000,3638.79
1733151600,3633.69
1733155200,3668.47
1733158800,3637.60
1733162400,3588.40
1733166000,3609.12
1733169600,3616.29
1733173200,3610.35
1733176800,3615.74
1733180400,3625.30
1733184000,3641.63
1733187600,3632.34
1733191200,3614.00
1733194800,3645.90
1733198400,3640.01
1733202000,3649.67
1733205600,3655.26
1733209200,3631.42
1733212800,3614.99
1733216400,3612.84
1733220000,3613.18
1733223600,3599.33
1733227200,3607.41
1733230800,3602.02
1733234400,3552.51
1733238000,3588.64
1733241600,3580.00
1733245200,3552.64
1733248800,3574.92
1733252400,3572.97
1733256000,3579.20
1733259600,3607.09
1733263200,3606.79
1733266800,3628.81
1733270400,3622.07
1733274000,3686.20
1733277600,3671.05
1733281200,3662.59
1733284800,3668.94
1733288400,3677.91
1733292000,3677.36
1733295600,3688.02
1733299200,3712.41
1733302800,3701.57
1733306400,3725.72
1733310000,3722.47
1733313600,3740.37
1733317200,3717.32
1733320800,3704.35
1733324400,3806.40
1733328000,3827.59
1733331600,3786.22
1733335200,3809.81
1733338800,3827.14
1733342400,3843.48
1733346000,3888.91
1733349600,3841.85
1733353200,3847.79
1733356800,3833.23
1733360400,3801.07
1733364000,3811.81
1733367600,3906.57
1733371200,3843.36
1733374800,3856.39
1733378400,3848.81
1733382000,3848.62
1733385600,3856.21
1733389200,3906.59
1733392800,3922.72
1733396400,3921.90
1733400000,3933.42
1733403600,3918.13
1733407200,3926.18
1733410800,3930.59
1733414400,3899.35
1733418000,3907.38
1733421600,3919.20
1733425200,3873.09
1733428800,3811.38
1733432400,3833.86
1733436000,3861.83
1733439600,3795.56
1733443200,3791.59
1733446800,3854.15
1733450400,3861.57
1733454000,3866.55
1733457600,3903.41
1733461200,3892.80
1733464800,3896.62
1733468400,3905.60
1733472000,3898.03
1733475600,3885.09
1733479200,3863.41
1733482800,3876.62
1733486400,3878.47
1733490000,3848.09
1733493600,3887.58
1733497200,3996.51
1733500800,4008.79
1733504400,4011.18
1733508000,4025.62
1733511600,4054.78
1733515200,4073.40
1733518800,4046.61
1733522400,4042.21
1733526000,4031.19
1733529600,4013.58
1733533200,4015.59
1733536800,3998.87
1733540400,3994.47
1733544000,3999.36
1733547600,3996.77
1733551200,3997.64
1733554800,3982.02
1733558400,3993.70
1733562000,3989.50
1733565600,3985.26
1733569200,3985.90
1733572800,3997.94
1733576400,4005.58
1733580000,3990.02
1733583600,3997.77
1733587200,4002.71
1733590800,3997.39
1733594400,4001.99
1733598000,4017.20
1733601600,4017.61
1733605200,4024.60
1733608800,4011.09
1733612400,4007.25
1733616000,4005.79
1733619600,4012.38
1733623200,3996.30
1733626800,4002.62
1733630400,3992.56
1733634000,3985.35
1733637600,3976.15
1733641200,3976.98
1733644800,3977.82
1733648400,3948.61
1733652000,3951.99
1733655600,3961.60
1733659200,3969.22
1733662800,3987.26
1733666400,3994.07
1733670000,3975.71
1733673600,3992.19
1733677200,3987.82
1733680800,3986.98
1733684400,3975.74
1733688000,3989.60
1733691600,3983.12
1733695200,3995.17
1733698800,4002.38
1733702400,4000.61
1733706000,3981.59
1733709600,3945.38
1733713200,3953.60
1733716800,3935.81
1733720400,3940.81
1733724000,3942.60
1733727600,3912.20
1733731200,3913.15
1733734800,3876.89
1733738400,3883.38
1733742000,3874.78
1733745600,3852.00
1733749200,3851.58
1733752800,3894.02
1733756400,3925.56
1733760000,3816.18
1733763600,3850.99
1733767200,3833.34
1733770800,3824.83
1733774400,3798.42
1733778000,3564.20
1733781600,3694.23
1733785200,3693.40
1733788800,3691.39
1733792400,3764.18
1733796000,3752.63
1733799600,3691.18
1733803200,3668.04
1733806800,3706.35
1733810400,3696.56
1733814000,3733.99
1733817600,3724.59
1733821200,3743.81
1733824800,3757.59
1733828400,3760.60
1733832000,3746.15
1733835600,3700.07
1733839200,3717.14
1733842800,3666.81
1733846400,3575.90
1733850000,3594.44
1733853600,3529.44
1733857200,3588.00
1733860800,3624.43
1733864400,3656.00
1733868000,3652.01
1733871600,3648.02
1733875200,3634.21
1733878800,3603.81
1733882400,3572.38
1733886000,3657.53
1733889600,3674.74
1733893200,3671.52
1733896800,3660.29
1733900400,3680.49
1733904000,3662.85
1733907600,3692.89
1733911200,3700.44
1733914800,3713.82
1733918400,3725.13
1733922000,3725.18
1733925600,3741.20
1733929200,3779.01
1733932800,3797.32
1733936400,3810.19
1733940000,3769.97
1733943600,3799.84
1733947200,3815.58
1733950800,3832.80
1733954400,3832.49
1733958000,3846.78
1733961600,3826.52
1733965200,3824.39
1733968800,3813.25
1733972400,3861.81
1733976000,3935.45
1733979600,3906.82
1733983200,3928.82
1733986800,3939.31
1733990400,3916.40
1733994000,3921.28
1733997600,3910.17
1734001200,3918.55
1734004800,3920.83
1734008400,3954.91
1734012000,3939.33
1734015600,3986.52
1734019200,3981.25
1734022800,3936.39
1734026400,3954.77
1734030000,3926.13
1734033600,3879.62
1734037200,3880.21
1734040800,3856.46
1734044400,3877.79
1734048000,3886.63
1734051600,3877.05
1734055200,3885.47
1734058800,3906.37
1734062400,3930.80
1734066000,3919.22
1734069600,3915.27
1734073200,3878.10
1734076800,3889.79
1734080400,3897.88
1734084000,3893.52
1734087600,3910.11
1734091200,3906.39
1734094800,3924.81
1734098400,3925.92
1734102000,3956.63
1734105600,3892.15
1734109200,3909.72
1734112800,3939.96
1734116400,3917.40
1734120000,3918.61
1734123600,3913.46
1734127200,3906.87
1734130800,3906.17
1734134400,3909.00
1734138000,3924.70
1734141600,3917.77
1734145200,3920.00
1734148800,3914.71
1734152400,3916.01
1734156000,3925.57
1734159600,3932.21
1734163200,3922.19
1734166800,3922.35
1734170400,3902.16
1734174000,3902.44
1734177600,3897.85
1734181200,3874.09
1734184800,3873.97
1734188400,3881.72
1734192000,3890.76
1734195600,3887.34
1734199200,3857.99
1734202800,3841.10
1734206400,3862.78
1734210000,3837.59
1734213600,3853.05
1734217200,3857.82
1734220800,3871.79
1734224400,3868.39
1734228000,3883.21
1734231600,3880.70
1734235200,3877.81
1734238800,3900.34
1734242400,3891.64
1734246000,3880.39
1734249600,3842.85
1734253200,3858.62
1734256800,3863.42
1734260400,3861.51
1734264000,3879.93
1734267600,3876.56
1734271200,3881.87
1734274800,3894.62
1734278400,3888.81
1734282000,3903.40
1734285600,3909.80
1734289200,3898.02
1734292800,3903.13
1734296400,3876.88
1734300000,3851.78
1734303600,3900.22
1734307200,3954.60
1734310800,3991.76
1734314400,4009.36
1734318000,3974.41
1734321600,3944.64
1734325200,3949.45
1734328800,3967.62
1734332400,3962.58
1734336000,3966.40
1734339600,3949.61
1734343200,3945.44
1734346800,3948.29
1734350400,3921.43
1734354000,3893.29
1734357600,3908.76
1734361200,3930.62
1734364800,3947.18
1734368400,3970.02
1734372000,4044.55
1734375600,4058.99
1734379200,4046.22
1734382800,4041.98
1734386400,4053.02
1734390000,4033.80
1734393600,3978.55
1734397200,3958.13
1734400800,3996.39
1734404400,4016.95
1734408000,4027.81
1734411600,4016.36
1734415200,4029.02
1734418800,4013.82
1734422400,3998.51
1734426000,4014.82
1734429600,4026.78
1734433200,4008.58
1734436800,3994.79
1734440400,3996.40
1734444000,4003.38
1734447600,4000.35
1734451200,3937.04
1734454800,3948.63
1734458400,3980.74
1734462000,3927.63
1734465600,3947.23
1734469200,3923.74
1734472800,3936.03
1734476400,3863.49
1734480000,3889.61
1734483600,3893.37
1734487200,3855.86
1734490800,3872.31
1734494400,3837.74
1734498000,3841.64
1734501600,3840.34
1734505200,3829.57
1734508800,3852.28
1734512400,3848.88
1734516000,3868.80
1734519600,3876.78
1734523200,3887.20
1734526800,3855.98
1734530400,3861.40
1734534000,3828.42
1734537600,3860.96
1734541200,3866.82
1734544800,3880.27
1734548400,3882.07
1734552000,3765.41
1734555600,3684.41
1734559200,3679.95
1734562800,3659.79
1734566400,3643.85
1734570000,3635.29
1734573600,3596.41
1734577200,3658.70
1734580800,3659.01
1734584400,3660.19
1734588000,3668.44
1734591600,3682.02
1734595200,3684.60
1734598800,3671.99
1734602400,3677.29
1734606000,3700.43
1734609600,3697.41
1734613200,3680.01
1734616800,3685.59
1734620400,3615.83
1734624000,3597.11
1734627600,3609.78
1734631200,3467.79
1734634800,3513.13
1734638400,3400.34
1734642000,3361.59
1734645600,3420.63
1734649200,3434.61
1734652800,3415.38
1734656400,3423.00
1734660000,3389.81
1734663600,3435.61
1734667200,3421.05
1734670800,3397.13
1734674400,3366.19
1734678000,3378.41
1734681600,3370.00
1734685200,3289.81
1734688800,3260.01
1734692400,3195.73
1734696000,3118.97
1734699600,3248.61
1734703200,3282.31
1734706800,3332.51
1734710400,3381.47
1734714000,3381.44
1734717600,3445.02
1734721200,3441.01
1734724800,3472.02
1734728400,3442.39
1734732000,3441.22
1734735600,3469.80
1734739200,3469.99
1734742800,3458.61
1734746400,3467.32
1734750000,3467.08
1734753600,3472.78
1734757200,3479.21
1734760800,3519.23
1734764400,3534.19
1734768000,3512.94
1734771600,3480.53
1734775200,3483.04
1734778800,3463.87
1734782400,3436.51
1734786000,3411.81
1734789600,3408.07
1734793200,3386.22
1734796800,3373.00
1734800400,3377.59
1734804000,3380.99
1734807600,3355.61
1734811200,3352.82
1734814800,3359.80
1734818400,3304.28
1734822000,3314.88
1734825600,3329.40
1734829200,3359.96
1734832800,3354.62
1734836400,3323.86
1734840000,3351.25
1734843600,3306.24
1734847200,3324.40
1734850800,3336.68
1734854400,3348.24
1734858000,3351.90
1734861600,3377.61
1734865200,3379.06
1734868800,3378.21
1734872400,3370.59
1734876000,3365.01
1734879600,3290.31
1734883200,3302.19
1734886800,3329.71
1734890400,3327.19
1734894000,3310.78
1734897600,3230.02
1734901200,3283.31
1734904800,3264.49
1734908400,3287.39
1734912000,3276.68
1734915600,3251.39
1734919200,3266.33
1734922800,3275.94
1734926400,3347.40
1734930000,3322.99
1734933600,3311.37
1734937200,3272.61
1734940800,3303.80
1734944400,3331.42
1734948000,3332.19
1734951600,3341.39
1734955200,3341.00
1734958800,3339.01
1734962400,3328.81
1734966000,3297.19
1734969600,3279.65
1734973200,3363.79
1734976800,3332.00
1734980400,3305.93
1734984000,3340.33
1734987600,3419.60
1734991200,3419.22
1734994800,3450.92
1734998400,3412.78
1735002000,3415.56
1735005600,3386.78
1735009200,3371.25
1735012800,3393.83
1735016400,3407.94
1735020000,3416.62
1735023600,3381.21
1735027200,3403.64
1735030800,3408.09
1735034400,3387.00
1735038000,3392.21
1735041600,3408.68
1735045200,3399.42
1735048800,3435.38
1735052400,3451.17
1735056000,3491.60
1735059600,3490.66
1735063200,3504.24
1735066800,3490.66
1735070400,3454.22
1735074000,3457.22
1735077600,3488.88
1735081200,3491.95
1735084800,3486.57
1735088400,3484.82
1735092000,3472.41
1735095600,3488.71
1735099200,3471.24
1735102800,3486.24
1735106400,3490.80
1735110000,3479.00
1735113600,3485.61
1735117200,3485.60
1735120800,3493.60
1735124400,3509.48
1735128000,3464.75
1735131600,3480.88
1735135200,3479.00
1735138800,3482.79
1735142400,3468.57
1735146000,3450.61
1735149600,3469.07
1735153200,3467.99
1735156800,3479.01
1735160400,3472.01
1735164000,3463.70
1735167600,3484.99
1735171200,3502.89
1735174800,3480.77
1735178400,3463.03
1735182000,3452.86
1735185600,3447.32
1735189200,3439.44
1735192800,3439.80
1735196400,3431.07
1735200000,3408.40
1735203600,3366.81
1735207200,3364.83
1735210800,3369.82
1735214400,3361.45
1735218000,3348.82
1735221600,3351.98
1735225200,3335.22
1735228800,3343.93
1735232400,3349.28
1735236000,3321.28
1735239600,3330.71
1735243200,3338.55
1735246800,3315.51
1735250400,3334.59
1735254000,3319.10
1735257600,3332.01
1735261200,3346.22
1735264800,3374.42
1735268400,3356.37
1735272000,3377.42
1735275600,3374.39
1735279200,3384.54
1735282800,3383.87
1735286400,3338.60
1735290000,3386.95
1735293600,3423.11
1735297200,3403.01
1735300800,3409.81
1735304400,3407.00
1735308000,3372.37
1735311600,3340.67
1735315200,3313.51
1735318800,3312.81
1735322400,3346.73
1735326000,3349.66
1735329600,3342.61
1735333200,3333.99
1735336800,3305.88
1735340400,3317.00
1735344000,3330.82
1735347600,3337.90
1735351200,3334.99
1735354800,3328.80
1735358400,3339.20
1735362000,3343.50
1735365600,3342.32
1735369200,3342.35
1735372800,3331.02
1735376400,3342.32
1735380000,3343.74
1735383600,3335.42
1735387200,3355.41
1735390800,3346.25
1735394400,3362.76
1735398000,3372.03
1735401600,3362.75
1735405200,3378.80
1735408800,3388.62
1735412400,3388.79
1735416000,3390.79
1735419600,3391.34
1735423200,3396.89
1735426800,3401.75
1735430400,3392.66
1735434000,3388.94
1735437600,3373.48
1735441200,3375.35
1735444800,3377.44
1735448400,3381.59
1735452000,3378.42
1735455600,3392.11
1735459200,3400.92
1735462800,3388.11
1735466400,3398.37
1735470000,3396.52
1735473600,3393.59
1735477200,3388.21
1735480800,3404.33
1735484400,3360.43
1735488000,3366.04
1735491600,3346.98
1735495200,3348.64
1735498800,3355.09
1735502400,3348.70
1735506000,3356.42
1735509600,3341.97
1735513200,3334.02
1735516800,3349.44
1735520400,3379.02
1735524000,3411.42
1735527600,3411.68
1735531200,3398.21
1735534800,3387.51
1735538400,3405.19
1735542000,3421.58
1735545600,3417.76
1735549200,3418.96
1735552800,3413.26
1735556400,3397.66
1735560000,3418.61
1735563600,3405.41
1735567200,3334.82
1735570800,3314.38
1735574400,3320.37
1735578000,3331.55
1735581600,3385.98
1735585200,3391.08
1735588800,3398.80
1735592400,3392.38
1735596000,3322.09
1735599600,3353.60
1735603200,3351.60
1735606800,3319.97
1735610400,3335.57
1735614000,3330.52
1735617600,3339.37
1735621200,3333.90
1735624800,3340.15
1735628400,3354.79
1735632000,3349.97
1735635600,3374.61
1735639200,3386.70
1735642800,3390.68
1735646400,3393.70
1735650000,3392.34
1735653600,3425.72
1735657200,3419.51
1735660800,3402.12
1735664400,3401.21
1735668000,3361.59
1735671600,3354.21
1735675200,3351.73
1735678800,3341.62
1735682400,3339.44
1735686000,3325.00
1735689600,3332.76
1735693200,3352.94
1735696800,3345.01
1735700400,3353.00
1735704000,3348.95
1735707600,3336.67
1735711200,3337.58
1735714800,3335.55
1735718400,3339.90
1735722000,3334.30
1735725600,3330.75
1735729200,3318.01
1735732800,3335.40
1735736400,3345.91
1735740000,3346.27
1735743600,3340.16
1735747200,3342.20
1735750800,3326.61
1735754400,3330.94
1735758000,3342.37
1735761600,3353.38
1735765200,3353.15
1735768800,3356.84
1735772400,3356.28
1735776000,3348.02
1735779600,3391.00
1735783200,3376.39
1735786800,3387.59
1735790400,3382.10
1735794000,3403.94
1735797600,3408.63
1735801200,3406.57
1735804800,3420.67
1735808400,3435.20
1735812000,3456.61
1735815600,3462.21
1735819200,3470.39
1735822800,3474.08
1735826400,3440.68
1735830000,3483.68
1735833600,3448.99
1735837200,3471.42
1735840800,3440.20
1735844400,3464.25
1735848000,3466.59
1735851600,3447.96
1735855200,3448.46
1735858800,3441.99
1735862400,3452.20
1735866000,3446.36
1735869600,3458.70
1735873200,3456.22
1735876800,3464.35
1735880400,3450.94
1735884000,3454.26
1735887600,3436.19
1735891200,3432.81
1735894800,3429.42
1735898400,3439.33
1735902000,3447.89
1735905600,3459.88
1735909200,3463.84
1735912800,3483.96
1735916400,3526.53
1735920000,3576.60
1735923600,3581.68
1735927200,3577.00
1735930800,3605.47
1735934400,3615.00
1735938000,3599.86
1735941600,3617.84
1735945200,3614.80
1735948800,3608.02
1735952400,3595.65
1735956000,3592.80
1735959600,3593.06
1735963200,3587.89
1735966800,3586.14
1735970400,3596.31
1735974000,3597.50
1735977600,3595.59
1735981200,3586.50
1735984800,3585.93
1735988400,3584.62
1735992000,3603.60
1735995600,3630.62
1735999200,3643.01
1736002800,3635.36
1736006400,3614.82
1736010000,3625.17
1736013600,3638.83
1736017200,3625.11
1736020800,3632.21
1736024400,3663.02
1736028000,3656.26
1736031600,3660.13
1736035200,3653.17
1736038800,3647.65
1736042400,3637.25
1736046000,3636.68
1736049600,3640.45
1736053200,3641.30
1736056800,3631.60
1736060400,3637.97
1736064000,3623.48
1736067600,3615.67
1736071200,3611.29
1736074800,3610.63
1736078400,3612.41
1736082000,3615.50
1736085600,3616.14
1736089200,3626.80
1736092800,3633.80
1736096400,3630.84
1736100000,3617.23
1736103600,3628.32
1736107200,3633.20
1736110800,3633.76
1736114400,3641.18
1736118000,3652.88
1736121600,3638.02
1736125200,3622.77
1736128800,3656.30
1736132400,3658.82
1736136000,3664.19
1736139600,3669.31
1736143200,3683.26
1736146800,3658.20
1736150400,3657.97
1736154000,3645.66
1736157600,3639.96
1736161200,3636.29
1736164800,3653.08
1736168400,3642.62
1736172000,3652.51
1736175600,3687.59
1736179200,3716.81
1736182800,3696.44
1736186400,3670.30
1736190000,3680.61
1736193600,3692.99
1736197200,3682.56
1736200800,3669.63
1736204400,3673.92
1736208000,3680.42
1736211600,3668.66
1736215200,3691.95
1736218800,3683.62
1736222400,3685.01
1736226000,3676.17
1736229600,3666.53
1736233200,3678.42
1736236800,3667.62
1736240400,3672.39
1736244000,3653.66
1736247600,3657.25
1736251200,3640.20
1736254800,3635.85
1736258400,3638.09
1736262000,3559.26
1736265600,3455.80
1736269200,3462.34
1736272800,3449.21
1736276400,3420.04
1736280000,3384.39
1736283600,3399.98
1736287200,3367.78
1736290800,3381.79
1736294400,3378.67
1736298000,3399.80
1736301600,3386.10
1736305200,3368.10
1736308800,3350.40
1736312400,3350.41
1736316000,3358.84
1736319600,3321.27
1736323200,3355.00
1736326800,3370.26
1736330400,3352.06
1736334000,3364.62
1736337600,3350.88
1736341200,3363.64
1736344800,3364.49
1736348400,3379.86
1736352000,3336.10
1736355600,3287.92
1736359200,3290.80
1736362800,3285.01
1736366400,3285.49
1736370000,3289.49
1736373600,3301.31
1736377200,3318.78
1736380800,3320.99
1736384400,3344.31
1736388000,3347.59
1736391600,3328.40
1736395200,3321.03
1736398800,3333.78
1736402400,3324.06
1736406000,3320.69
1736409600,3291.36
1736413200,3313.07
1736416800,3318.06
1736420400,3311.88
1736424000,3296.45
1736427600,3287.37
1736431200,3211.01
1736434800,3250.24
1736438400,3319.81
1736442000,3294.64
1736445600,3257.60
1736449200,3252.44
1736452800,3198.42
1736456400,3203.86
1736460000,3211.29
1736463600,3225.99
1736467200,3222.12
1736470800,3229.31
1736474400,3243.50
1736478000,3245.12
1736481600,3250.38
1736485200,3252.30
1736488800,3261.42
1736492400,3272.37
1736496000,3293.93
1736499600,3291.08
1736503200,3303.90
1736506800,3319.51
1736510400,3308.88
1736514000,3308.98
1736517600,3248.59
1736521200,3233.11
1736524800,3237.52
1736528400,3246.35
1736532000,3299.59
1736535600,3282.29
1736539200,3290.34
1736542800,3262.64
1736546400,3263.62
1736550000,3265.45
1736553600,3269.78
1736557200,3264.12
1736560800,3249.82
1736564400,3243.91
1736568000,3237.61
1736571600,3239.36
1736575200,3244.80
1736578800,3240.21
1736582400,3233.48
1736586000,3225.80
1736589600,3245.56
1736593200,3261.29
1736596800,3273.20
1736600400,3273.24
1736604000,3264.81
1736607600,3279.60
1736611200,3272.21
1736614800,3271.80
1736618400,3270.28
1736622000,3277.50
1736625600,3277.49
1736629200,3304.81
1736632800,3304.35
1736636400,3288.00
1736640000,3283.42
1736643600,3278.90
1736647200,3284.41
1736650800,3286.28
1736654400,3283.27
1736658000,3281.21
1736661600,3275.71
1736665200,3271.81
1736668800,3267.89
1736672400,3239.99
1736676000,3239.11
1736679600,3241.60
1736683200,3249.40
1736686800,3246.90
1736690400,3266.87
1736694000,3265.91
1736697600,3282.21
1736701200,3279.66
1736704800,3289.86
1736708400,3283.11
1736712000,3283.02
1736715600,3277.11
1736719200,3264.64
1736722800,3242.15
1736726400,3273.60
1736730000,3299.74
1736733600,3259.60
1736737200,3264.11
1736740800,3245.60
1736744400,3225.39
1736748000,3222.90
1736751600,3191.51
1736755200,3201.51
1736758800,3163.61
1736762400,3147.84
1736766000,3117.60
1736769600,3041.91
1736773200,3050.41
1736776800,3050.00
1736780400,3041.54
1736784000,3050.90
1736787600,3011.78
1736791200,3030.66
1736794800,3013.21
1736798400,3017.19
1736802000,3086.80
1736805600,3117.70
1736809200,3133.99
1736812800,3134.47
1736816400,3140.88
1736820000,3141.60
1736823600,3155.42
1736827200,3160.60
1736830800,3172.20
1736834400,3159.15
1736838000,3187.84
1736841600,3174.63
1736845200,3179.56
1736848800,3238.41
1736852400,3230.60
1736856000,3212.37
1736859600,3187.08
1736863200,3201.81
1736866800,3194.90
1736870400,3176.51
1736874000,3187.13
1736877600,3215.70
1736881200,3220.19
1736884800,3196.29
1736888400,3225.41
1736892000,3216.09
1736895600,3234.20
1736899200,3219.10
1736902800,3220.28
1736906400,3231.11
1736910000,3211.71
1736913600,3242.39
1736917200,3223.78
1736920800,3226.91
1736924400,3230.50
1736928000,3236.32
1736931600,3231.10
1736935200,3205.80
1736938800,3203.21
1736942400,3194.18
1736946000,3206.31
1736949600,3308.78
1736953200,3333.29
1736956800,3346.51
1736960400,3344.65
1736964000,3334.00
1736967600,3371.19
1736971200,3437.99
1736974800,3432.59
1736978400,3434.25
1736982000,3430.50
1736985600,3445.59
1736989200,3407.30
1736992800,3401.50
1736996400,3382.89
1737000000,3364.19
1737003600,3374.78
1737007200,3369.26
1737010800,3382.70
1737014400,3381.16
1737018000,3307.09
1737021600,3334.11
1737025200,3329.62
1737028800,3345.38
1737032400,3347.81
1737036000,3320.69
1737039600,3276.01
1737043200,3338.22
1737046800,3344.71
1737050400,3348.60
1737054000,3326.39
1737057600,3344.23
1737061200,3321.59
1737064800,3314.99
1737068400,3303.23
1737072000,3311.68
1737075600,3316.27
1737079200,3383.99
1737082800,3370.74
1737086400,3362.91
1737090000,3365.88
1737093600,3366.41
1737097200,3363.21
1737100800,3373.43
1737104400,3404.41
1737108000,3404.91
1737111600,3421.66
1737115200,3421.50
1737118800,3414.79
1737122400,3408.31
1737126000,3433.82
1737129600,3423.97
1737133200,3435.69
1737136800,3419.39
1737140400,3416.70
1737144000,3433.59
1737147600,3519.70
1737151200,3487.81
1737154800,3469.75
1737158400,3477.20
1737162000,3478.89
1737165600,3470.82
1737169200,3455.19
1737172800,3391.37
1737176400,3365.59
1737180000,3310.42
1737183600,3302.40
1737187200,3270.41
1737190800,3295.00
1737194400,3274.71
1737198000,3260.03
1737201600,3319.23
1737205200,3288.31
1737208800,3316.53
1737212400,3289.49
1737216000,3311.61
1737219600,3269.10
1737223200,3268.99
1737226800,3262.32
1737230400,3285.28
1737234000,3266.50
1737237600,3273.30
1737241200,3281.10
1737244800,3296.61
1737248400,3320.96
1737252000,3354.10
1737255600,3354.62
1737259200,3326.30
1737262800,3271.29
1737266400,3288.89
1737270000,3287.02
1737273600,3266.07
1737277200,3205.72
1737280800,3200.29
1737284400,3172.19
1737288000,3162.01
1737291600,3212.09
1737295200,3317.70
1737298800,3419.77
1737302400,3374.80
1737306000,3412.61
1737309600,3433.11
1737313200,3421.49
1737316800,3421.91
1737320400,3337.60
1737324000,3227.31
1737327600,3218.50
1737331200,3200.10
1737334800,3179.96
1737338400,3214.58
1737342000,3238.71
1737345600,3254.67
1737349200,3278.59
1737352800,3297.46
1737356400,3413.29
1737360000,3379.54
1737363600,3386.50
1737367200,3362.01
1737370800,3351.32
1737374400,3363.78
1737378000,3306.50
1737381600,3334.59
1737385200,3352.52
1737388800,3339.21
1737392400,3304.42
1737396000,3299.68
1737399600,3319.38
1737403200,3330.60
1737406800,3323.96
1737410400,3255.91
1737414000,3311.38
1737417600,3266.22
1737421200,3242.30
1737424800,3250.01
1737428400,3251.79
1737432000,3247.70
1737435600,3235.21
1737439200,3228.92
1737442800,3241.69
1737446400,3242.70
1737450000,3255.50
1737453600,3277.57
1737457200,3299.49
1737460800,3293.40
1737464400,3299.41
1737468000,3305.60
1737471600,3271.71
1737475200,3291.61
1737478800,3317.93
1737482400,3341.92
1737486000,3340.00
1737489600,3335.42
1737493200,3313.41
1737496800,3334.84
1737500400,3311.19
1737504000,3332.37
1737507600,3346.72
1737511200,3323.12
1737514800,3345.09
1737518400,3331.41
1737522000,3333.30
1737525600,3319.20
1737529200,3306.81
1737532800,3287.43
1737536400,3293.31
1737540000,3291.76
1737543600,3304.29
1737547200,3327.40
1737550800,3307.18
1737554400,3280.21
1737558000,3295.75
1737561600,3274.32
1737565200,3282.00
1737568800,3283.70
1737572400,3251.29
1737576000,3261.33
1737579600,3249.48
1737583200,3259.00
1737586800,3237.49
1737590400,3242.16
1737594000,3253.43
1737597600,3228.80
1737601200,3225.26
1737604800,3222.70
1737608400,3198.27
1737612000,3213.00
1737615600,3203.80
1737619200,3230.22
1737622800,3215.21
1737626400,3192.19
1737630000,3204.98
1737633600,3207.92
1737637200,3209.49
1737640800,3227.82
1737644400,3281.26
1737648000,3269.88
1737651600,3240.32
1737655200,3270.74
1737658800,3237.00
1737662400,3210.80
1737666000,3241.49
1737669600,3260.56
1737673200,3320.00
1737676800,3334.89
1737680400,3300.49
1737684000,3293.66
1737687600,3297.41
1737691200,3293.91
1737694800,3334.11
1737698400,3404.29
1737702000,3397.47
1737705600,3379.25
1737709200,3403.71
1737712800,3395.79
1737716400,3411.73
1737720000,3397.96
1737723600,3421.50
1737727200,3397.01
1737730800,3395.65
1737734400,3381.08
1737738000,3380.79
1737741600,3407.12
1737745200,3382.71
1737748800,3378.04
1737752400,3335.11
1737756000,3330.62
1737759600,3316.95
1737763200,3311.53
1737766800,3287.97
1737770400,3293.88
1737774000,3296.38
1737777600,3315.40
1737781200,3298.68
1737784800,3298.77
1737788400,3290.22
1737792000,3291.20
1737795600,3288.24
1737799200,3276.61
1737802800,3296.98
1737806400,3302.22
1737810000,3306.37
1737813600,3305.99
1737817200,3310.50
1737820800,3338.24
1737824400,3340.15
1737828000,3344.11
1737831600,3340.01
1737835200,3338.79
1737838800,3336.42
1737842400,3342.50
1737846000,3330.71
1737849600,3314.20
1737853200,3324.17
1737856800,3326.62
1737860400,3330.91
1737864000,3336.38
1737867600,3347.90
1737871200,3338.41
1737874800,3340.79
1737878400,3337.98
1737882000,3328.43
1737885600,3301.68
1737889200,3306.70
1737892800,3308.16
1737896400,3309.63
1737900000,3302.74
1737903600,3310.49
1737907200,3312.80
1737910800,3317.16
1737914400,3339.00
1737918000,3338.10
1737921600,3337.19
1737925200,3319.96
1737928800,3295.25
1737932400,3283.19
1737936000,3237.31
1737939600,3218.31
1737943200,3184.09
1737946800,3177.00
1737950400,3172.70
1737954000,3152.78
1737957600,3141.29
1737961200,3083.19
1737964800,3054.29
1737968400,3073.58
1737972000,3067.63
1737975600,3051.51
1737979200,3058.00
1737982800,3105.55
1737986400,3101.00
1737990000,3130.69
1737993600,3127.92
1737997200,3094.39
1738000800,3079.14
1738004400,3066.80
1738008000,3080.79
1738011600,3146.49
1738015200,3166.86
1738018800,3174.55
1738022400,3197.60
1738026000,3164.81
1738029600,3175.70
1738033200,3182.50
1738036800,3200.79
1738040400,3213.91
1738044000,3214.22
1738047600,3196.22
1738051200,3188.53
1738054800,3196.40
1738058400,3192.37
1738062000,3197.00
1738065600,3190.61
1738069200,3178.46
1738072800,3168.60
1738076400,3189.11
1738080000,3174.96
1738083600,3159.46
1738087200,3168.71
1738090800,3134.50
1738094400,3143.04
1738098000,3101.20
1738101600,3042.71
1738105200,3082.59
1738108800,3080.80
1738112400,3116.99
1738116000,3117.09
1738119600,3114.01
1738123200,3129.31
1738126800,3123.96
1738130400,3131.48
1738134000,3143.72
1738137600,3160.09
1738141200,3141.01
1738144800,3122.53
1738148400,3134.80
1738152000,3131.36
1738155600,3110.22
1738159200,3100.33
1738162800,3101.70
1738166400,3101.20
1738170000,3092.71
1738173600,3093.01
1738177200,3092.29
1738180800,3093.29
1738184400,3123.60
1738188000,3140.33
1738191600,3134.70
1738195200,3110.90
1738198800,3127.82
1738202400,3129.83
1738206000,3158.02
1738209600,3205.71
1738213200,3192.30
1738216800,3197.51
1738220400,3189.48
1738224000,3190.40
1738227600,3204.10
1738231200,3215.81
1738234800,3219.64
1738238400,3219.31
1738242000,3218.21
1738245600,3253.69
1738249200,3266.11
1738252800,3259.16
1738256400,3275.04
1738260000,3268.18
1738263600,3267.14
1738267200,3266.81
1738270800,3237.60
1738274400,3239.47
1738278000,3263.40
1738281600,3258.00
1738285200,3273.20
1738288800,3272.79
1738292400,3242.75
1738296000,3224.55
1738299600,3223.02
1738303200,3248.00
1738306800,3257.59
1738310400,3244.24
1738314000,3239.70
1738317600,3263.59
1738321200,3272.64
1738324800,3326.61
1738328400,3353.61
1738332000,3356.31
1738335600,3358.19
1738339200,3429.62
1738342800,3395.56
1738346400,3368.00
1738350000,3326.11
1738353600,3327.30
1738357200,3316.74
1738360800,3317.59
1738364400,3290.24
1738368000,3292.02
1738371600,3322.90
1738375200,3315.29
1738378800,3300.30
1738382400,3295.29
1738386000,3295.63
1738389600,3299.12
1738393200,3298.29
1738396800,3282.60
1738400400,3260.06
1738404000,3240.80
1738407600,3232.29
1738411200,3252.49
1738414800,3262.20
1738418400,3250.14
1738422000,3232.90
1738425600,3255.40
1738429200,3253.29
1738432800,3258.29
1738436400,3235.01
1738440000,3187.99
1738443600,3171.88
1738447200,3160.41
1738450800,3126.05
1738454400,3120.59
1738458000,3147.29
1738461600,3148.20
1738465200,3126.52
1738468800,3075.82
1738472400,3104.67
1738476000,3120.40
1738479600,3109.89
1738483200,3103.58
1738486800,3103.42
1738490400,3102.96
1738494000,3109.89
1738497600,3067.28
1738501200,3064.77
1738504800,3089.10
1738508400,3074.07
1738512000,3071.01
1738515600,3015.91
1738519200,2978.46
1738522800,2931.80
1738526400,2977.42
1738530000,2948.00
1738533600,2925.99
1738537200,2830.89
1738540800,2852.50
1738544400,2828.46
1738548000,2478.08
1738551600,2499.10
1738555200,2558.50
1738558800,2468.70
1738562400,2490.50
1738566000,2539.52
1738569600,2601.57
1738573200,2598.81
1738576800,2569.80
1738580400,2596.61
1738584000,2595.29
1738587600,2590.39
1738591200,2553.30
1738594800,2606.79
1738598400,2706.40
1738602000,2701.76
1738605600,2722.30
1738609200,2744.11
1738612800,2753.19
1738616400,2712.59
1738620000,2833.69
1738623600,2882.12
1738627200,2882.10
1738630800,2844.89
1738634400,2856.00
1738638000,2797.70
1738641600,2820.71
1738645200,2776.50
1738648800,2719.19
1738652400,2734.49
1738656000,2694.31
1738659600,2710.60
1738663200,2711.80
1738666800,2778.11
1738670400,2767.93
1738674000,2818.91
1738677600,2806.07
1738681200,2808.31
1738684800,2783.91
1738688400,2811.65
1738692000,2808.62
1738695600,2837.11
1738699200,2781.60
1738702800,2711.96
1738706400,2644.59
1738710000,2689.45
1738713600,2733.25
1738717200,2762.48
1738720800,2719.71
1738724400,2730.30
1738728000,2725.98
1738731600,2727.01
1738735200,2769.31
1738738800,2738.80
1738742400,2771.89
1738746000,2790.34
1738749600,2763.99
1738753200,2782.67
1738756800,2798.30
1738760400,2791.80
1738764000,2810.71
1738767600,2770.99
1738771200,2765.19
1738774800,2779.20
1738778400,2739.58
1738782000,2732.80
1738785600,2778.41
1738789200,2769.70
1738792800,2780.70
1738796400,2769.00
1738800000,2796.21
1738803600,2766.20
1738807200,2794.00
1738810800,2806.03
1738814400,2811.00
1738818000,2826.39
1738821600,2826.66
1738825200,2845.70
1738828800,2827.20
1738832400,2830.90
1738836000,2850.20
1738839600,2823.44
1738843200,2806.82
1738846800,2775.81
1738850400,2787.38
1738854000,2751.42
1738857600,2709.49
1738861200,2717.20
1738864800,2704.79
1738868400,2693.99
1738872000,2694.59
1738875600,2715.00
1738879200,2698.10
1738882800,2698.19
1738886400,2696.72
1738890000,2695.80
1738893600,2721.72
1738897200,2725.50
1738900800,2719.31
1738904400,2726.59
1738908000,2710.00
1738911600,2703.30
1738915200,2714.21
1738918800,2731.12
1738922400,2741.59
1738926000,2742.69
1738929600,2763.13
1738933200,2751.41
1738936800,2771.01
1738940400,2760.20
1738944000,2707.86
1738947600,2693.09
1738951200,2689.21
1738954800,2680.34
1738958400,2647.00
1738962000,2606.57
1738965600,2570.71
1738969200,2586.40
1738972800,2620.29
1738976400,2643.89
1738980000,2630.40
1738983600,2647.79
1738987200,2644.70
1738990800,2628.71
1738994400,2625.09
1738998000,2616.19
1739001600,2628.02
1739005200,2613.50
1739008800,2622.54
1739012400,2616.20
1739016000,2617.20
1739019600,2606.78
1739023200,2617.00
1739026800,2614.32
1739030400,2603.01
1739034000,2617.60
1739037600,2629.40
1739041200,2632.78
1739044800,2633.27
1739048400,2640.79
1739052000,2642.69
1739055600,2631.71
1739059200,2633.80
1739062800,2636.20
1739066400,2649.21
1739070000,2642.00
1739073600,2669.60
1739077200,2669.10
1739080800,2656.60
1739084400,2661.31
1739088000,2664.30
1739091600,2663.83
1739095200,2654.70
1739098800,2666.69
1739102400,2661.21
1739106000,2654.31
1739109600,2628.50
1739113200,2632.80
1739116800,2654.12
1739120400,2662.88
1739124000,2641.00
1739127600,2638.70
1739131200,2626.60
1739134800,2636.99
1739138400,2546.67
1739142000,2611.60
1739145600,2643.64
1739149200,2637.71
1739152800,2572.48
1739156400,2593.80
1739160000,2628.29
1739163600,2624.39
1739167200,2635.46
1739170800,2644.02
1739174400,2637.50
1739178000,2646.90
1739181600,2650.91
1739185200,2649.23
1739188800,2655.14
1739192400,2643.90
1739196000,2670.80
1739199600,2653.60
1739203200,2664.90
1739206800,2667.60
1739210400,2679.64
1739214000,2684.08
1739217600,2669.69
1739221200,2679.81
1739224800,2661.83
1739228400,2657.47
1739232000,2662.61
1739235600,2708.52
1739239200,2696.29
1739242800,2677.25
1739246400,2680.30
1739250000,2700.86
1739253600,2708.21
1739257200,2719.41
1739260800,2712.20
1739264400,2714.80
1739268000,2700.37
1739271600,2699.87
1739275200,2701.81
1739278800,2691.49
1739282400,2639.82
1739286000,2665.33
1739289600,2661.49
1739293200,2643.80
1739296800,2635.30
1739300400,2615.07
1739304000,2595.20
1739307600,2599.09
1739311200,2626.94
1739314800,2591.32
1739318400,2605.20
1739322000,2611.80
1739325600,2616.00
1739329200,2591.00
1739332800,2588.43
1739336400,2596.20
1739340000,2607.06
1739343600,2601.03
1739347200,2622.80
1739350800,2627.56
1739354400,2629.07
1739358000,2625.20
1739361600,2629.73
1739365200,2626.28
1739368800,2592.40
1739372400,2589.52
1739376000,2605.75
1739379600,2660.29
1739383200,2667.53
1739386800,2662.07
1739390400,2674.26
1739394000,2674.90
1739397600,2681.22
1739401200,2752.16
1739404800,2733.29
1739408400,2723.91
1739412000,2746.20
1739415600,2739.02
1739419200,2742.72
1739422800,2712.79
1739426400,2720.91
1739430000,2684.72
1739433600,2683.65
1739437200,2673.69
1739440800,2681.08
1739444400,2674.90
1739448000,2656.10
1739451600,2653.65
1739455200,2657.49
1739458800,2631.69
1739462400,2638.48
1739466000,2635.88
1739469600,2624.56
1739473200,2655.11
1739476800,2649.28
1739480400,2660.70
1739484000,2667.89
1739487600,2668.97
1739491200,2671.82
1739494800,2680.10
1739498400,2683.99
1739502000,2695.79
1739505600,2713.18
1739509200,2698.26
1739512800,2698.81
1739516400,2700.81
1739520000,2702.41
1739523600,2708.21
1739527200,2711.81
1739530800,2702.29
1739534400,2680.21
1739538000,2688.69
1739541600,2708.40
1739545200,2715.00
1739548800,2733.36
1739552400,2739.20
1739556000,2783.10
1739559600,2761.80
1739563200,2736.81
1739566800,2731.39
1739570400,2746.99
1739574000,2720.10
1739577600,2727.93
1739581200,2719.89
1739584800,2730.15
1739588400,2732.99
1739592000,2725.81
1739595600,2722.20
1739599200,2720.79
1739602800,2710.52
1739606400,2703.29
1739610000,2710.05
1739613600,2699.89
1739617200,2709.21
1739620800,2709.78
1739624400,2713.39
1739628000,2702.72
1739631600,2697.00
1739635200,2692.26
1739638800,2694.33
1739642400,2691.50
1739646000,2704.51
1739649600,2694.92
1739653200,2689.41
1739656800,2703.36
1739660400,2693.99
1739664000,2693.79
1739667600,2699.50
1739671200,2700.00
1739674800,2692.18
1739678400,2702.00
1739682000,2700.49
1739685600,2712.29
1739689200,2708.71
1739692800,2698.30
1739696400,2695.49
1739700000,2704.79
1739703600,2698.39
1739707200,2711.01
1739710800,2705.06
1739714400,2686.60
1739718000,2696.51
1739721600,2693.03
1739725200,2698.50
1739728800,2682.14
1739732400,2676.82
1739736000,2680.75
1739739600,2673.31
1739743200,2684.88
1739746800,2665.69
1739750400,2664.01
1739754000,2670.01
1739757600,2681.12
1739761200,2665.28
1739764800,2670.11
1739768400,2651.05
1739772000,2679.70
1739775600,2686.64
1739779200,2677.52
1739782800,2716.31
1739786400,2746.94
1739790000,2746.51
1739793600,2759.38
1739797200,2764.30
1739800800,2785.68
1739804400,2832.80
1739808000,2758.90
1739811600,2731.60
1739815200,2722.78
1739818800,2699.41
1739822400,2718.15
1739826000,2739.94
1739829600,2766.21
1739833200,2744.30
1739836800,2743.70
1739840400,2719.18
1739844000,2731.51
1739847600,2716.70
1739851200,2713.54
1739854800,2697.07
1739858400,2664.11
1739862000,2670.30
1739865600,2669.69
1739869200,2670.73
1739872800,2702.99
1739876400,2691.24
1739880000,2681.75
1739883600,2698.01
1739887200,2710.31
1739890800,2686.69
1739894400,2679.08
1739898000,2640.53
1739901600,2626.90
1739905200,2628.60
1739908800,2624.00
1739912400,2643.30
1739916000,2653.02
1739919600,2661.80
1739923200,2671.18
1739926800,2665.01
1739930400,2670.85
1739934000,2684.39
1739937600,2689.20
1739941200,2666.90
1739944800,2686.64
1739948400,2708.70
1739952000,2708.76
1739955600,2710.55
1739959200,2730.50
1739962800,2727.22
1739966400,2725.80
1739970000,2711.98
1739973600,2711.59
1739977200,2688.77
1739980800,2700.72
1739984400,2717.70
1739988000,2709.50
1739991600,2701.70
1739995200,2714.43
1739998800,2719.59
1740002400,2714.58
1740006000,2727.90
1740009600,2716.82
1740013200,2727.51
1740016800,2721.80
1740020400,2747.31
1740024000,2742.18
1740027600,2740.98
1740031200,2735.48
1740034800,2727.80
1740038400,2733.99
1740042000,2730.11
1740045600,2728.19
1740049200,2744.59
1740052800,2742.92
1740056400,2738.69
1740060000,2756.70
1740063600,2736.38
1740067200,2712.36
1740070800,2719.88
1740074400,2740.90
1740078000,2738.61
1740081600,2753.89
1740085200,2752.91
1740088800,2729.84
1740092400,2733.90
1740096000,2741.21
1740099600,2731.96
1740103200,2743.51
1740106800,2740.29
1740110400,2747.81
1740114000,2749.30
1740117600,2757.39
1740121200,2763.71
1740124800,2758.11
1740128400,2752.69
1740132000,2787.81
1740135600,2798.99
1740139200,2792.26
1740142800,2814.30
1740146400,2829.59
1740150000,2826.28
1740153600,2715.51
1740157200,2733.30
1740160800,2665.57
1740164400,2681.01
1740168000,2648.74
1740171600,2643.49
1740175200,2638.30
1740178800,2640.47
1740182400,2655.24
1740186000,2681.96
1740189600,2678.75
1740193200,2677.80
1740196800,2677.00
1740200400,2680.61
1740204000,2694.12
1740207600,2689.30
1740211200,2686.30
1740214800,2697.88
1740218400,2716.90
1740222000,2735.81
1740225600,2733.31
1740229200,2741.90
1740232800,2728.20
1740236400,2739.49
1740240000,2789.62
1740243600,2778.02
1740247200,2786.40
1740250800,2764.50
1740254400,2764.69
1740258000,2773.83
1740261600,2770.10
1740265200,2764.44
1740268800,2765.57
1740272400,2770.90
1740276000,2762.07
1740279600,2753.84
1740283200,2749.00
1740286800,2767.89
1740290400,2778.90
1740294000,2793.54
1740297600,2821.70
1740301200,2809.58
1740304800,2807.81
1740308400,2809.01
1740312000,2805.18
1740315600,2801.20
1740319200,2811.31
1740322800,2793.45
1740326400,2791.60
1740330000,2810.51
1740333600,2820.00
1740337200,2813.58
1740340800,2806.76
1740344400,2803.69
1740348000,2804.39
1740351600,2810.98
1740355200,2822.10
1740358800,2804.34
1740362400,2788.60
1740366000,2765.51
1740369600,2714.31
1740373200,2697.19
1740376800,2723.22
1740380400,2734.36
1740384000,2720.59
1740387600,2691.62
1740391200,2697.45
1740394800,2676.47
1740398400,2683.00
1740402000,2670.54
1740405600,2677.71
1740409200,2656.19
1740412800,2655.29
1740416400,2663.18
1740420000,2662.83
1740423600,2653.31
1740427200,2651.06
1740430800,2636.93
1740434400,2582.52
1740438000,2530.26
1740441600,2515.89
1740445200,2485.92
1740448800,2504.17
1740452400,2510.30
1740456000,2489.23
1740459600,2493.73
1740463200,2495.40
1740466800,2467.79
1740470400,2387.38
1740474000,2406.80
1740477600,2403.40
1740481200,2386.81
1740484800,2424.62
1740488400,2428.10
1740492000,2414.80
1740495600,2377.40
1740499200,2403.96
1740502800,2415.46
1740506400,2424.12
1740510000,2426.79
1740513600,2459.40
1740517200,2495.25
1740520800,2519.54
1740524400,2516.10
1740528000,2493.89
1740531600,2476.50
1740535200,2481.07
1740538800,2499.43
1740542400,2486.48
1740546000,2486.05
1740549600,2479.25
1740553200,2497.17
1740556800,2480.51
1740560400,2467.32
1740564000,2480.41
1740567600,2490.59
1740571200,2459.00
1740574800,2427.43
1740578400,2390.95
1740582000,2436.51
1740585600,2421.10
1740589200,2398.23
1740592800,2371.83
1740596400,2296.46
1740600000,2307.92
1740603600,2328.11
1740607200,2373.71
1740610800,2356.21
1740614400,2332.97
1740618000,2330.30
1740621600,2341.69
1740625200,2335.07
1740628800,2336.59
1740632400,2312.19
1740636000,2339.30
1740639600,2350.90
1740643200,2353.96
1740646800,2353.77
1740650400,2359.81
1740654000,2369.96
1740657600,2351.31
1740661200,2345.09
1740664800,2339.61
1740668400,2300.41
1740672000,2326.21
1740675600,2306.38
1740679200,2320.38
1740682800,2323.29
1740686400,2284.00
1740690000,2236.85
1740693600,2270.26
1740697200,2287.91
1740700800,2310.66
1740704400,2298.21
1740708000,2207.06
1740711600,2180.59
1740715200,2102.72
1740718800,2133.10
1740722400,2136.00
1740726000,2125.97
1740729600,2114.60
1740733200,2118.95
1740736800,2137.74
1740740400,2121.59
1740744000,2125.27
1740747600,2127.41
1740751200,2165.71
1740754800,2172.78
1740758400,2219.62
1740762000,2221.91
1740765600,2208.26
1740769200,2229.31
1740772800,2234.82
1740776400,2215.69
1740780000,2229.13
1740783600,2215.19
1740787200,2231.35
1740790800,2214.72
1740794400,2241.48
1740798000,2258.06
1740801600,2264.19
1740805200,2265.50
1740808800,2255.29
1740812400,2231.98
1740816000,2231.84
1740819600,2233.42
1740823200,2227.52
1740826800,2195.95
1740830400,2178.17
1740834000,2183.58
1740837600,2152.70
1740841200,2161.10
1740844800,2171.49
1740848400,2195.60
1740852000,2204.41
1740855600,2213.84
1740859200,2220.01
1740862800,2222.12
1740866400,2229.21
1740870000,2210.75
1740873600,2215.62
1740877200,2216.22
1740880800,2226.09
1740884400,2214.80
1740888000,2223.55
1740891600,2225.40
1740895200,2229.29
1740898800,2220.17
1740902400,2221.20
1740906000,2213.06
1740909600,2243.84
1740913200,2242.19
1740916800,2234.23
1740920400,2228.98
1740924000,2212.91
1740927600,2202.08
1740931200,2233.51
1740934800,2410.47
1740938400,2477.28
1740942000,2484.70
1740945600,2491.57
1740949200,2510.50
1740952800,2509.11
1740956400,2528.61
1740960000,2502.20
1740963600,2469.16
1740967200,2451.87
1740970800,2446.29
1740974400,2440.34
1740978000,2450.70
1740981600,2442.79
1740985200,2353.84
1740988800,2387.21
1740992400,2346.77
1740996000,2347.47
1740999600,2355.98
1741003200,2372.80
1741006800,2374.80
1741010400,2380.56
1741014000,2293.95
1741017600,2290.42
1741021200,2274.67
1741024800,2267.40
1741028400,2191.91
1741032000,2128.15
1741035600,2126.79
1741039200,2127.98
1741042800,2155.54
1741046400,2147.20
1741050000,2121.80
1741053600,2052.34
1741057200,2073.57
1741060800,2079.90
1741064400,2095.20
1741068000,2107.01
1741071600,2094.02
1741075200,2087.80
1741078800,2092.77
1741082400,2092.40
1741086000,2095.83
1741089600,2100.00
1741093200,2093.39
1741096800,2064.88
1741100400,2069.07
1741104000,2065.29
1741107600,2075.85
1741111200,2118.87
1741114800,2159.96
1741118400,2169.31
1741122000,2133.44
1741125600,2175.87
1741129200,2170.20
1741132800,2166.90
1741136400,2156.49
1741140000,2180.81
1741143600,2181.31
1741147200,2161.51
1741150800,2171.71
1741154400,2179.09
1741158000,2199.95
1741161600,2208.80
1741165200,2218.08
1741168800,2239.39
1741172400,2229.90
1741176000,2216.96
1741179600,2221.21
1741183200,2196.30
1741186800,2186.52
1741190400,2190.28
1741194000,2190.82
1741197600,2195.69
1741201200,2214.87
1741204800,2223.32
1741208400,2226.44
1741212000,2233.41
1741215600,2236.10
1741219200,2244.20
1741222800,2236.80
1741226400,2272.44
1741230000,2291.09
1741233600,2282.12
1741237200,2300.29
1741240800,2306.29
1741244400,2292.99
1741248000,2281.32
1741251600,2291.19
1741255200,2287.01
1741258800,2285.88
1741262400,2291.14
1741266000,2267.41
1741269600,2248.52
1741273200,2234.00
1741276800,2259.69
1741280400,2207.90
1741284000,2192.99
1741287600,2196.09
1741291200,2204.35
1741294800,2209.37
1741298400,2220.53
1741302000,2215.91
1741305600,2208.68
1741309200,2121.79
1741312800,2175.81
1741316400,2156.80
1741320000,2150.00
1741323600,2160.60
1741327200,2172.20
1741330800,2179.82
1741334400,2188.89
1741338000,2191.12
1741341600,2191.32
1741345200,2197.19
1741348800,2196.40
1741352400,2182.40
1741356000,2195.20
1741359600,2232.00
1741363200,2205.72
1741366800,2159.09
1741370400,2170.80
1741374000,2192.58
1741377600,2177.46
1741381200,2157.79
1741384800,2133.31
1741388400,2140.89
1741392000,2136.21
1741395600,2153.54
1741399200,2136.58
1741402800,2139.50
1741406400,2132.26
1741410000,2146.07
1741413600,2142.60
1741417200,2141.87
1741420800,2140.45
1741424400,2134.30
1741428000,2132.80
1741431600,2134.96
1741435200,2145.47
1741438800,2169.61
1741442400,2188.49
1741446000,2172.33
1741449600,2181.48
1741453200,2184.20
1741456800,2200.60
1741460400,2203.20
1741464000,2219.64
1741467600,2216.50
1741471200,2216.34
1741474800,2203.81
1741478400,2200.41
1741482000,2208.03
1741485600,2193.39
1741489200,2178.79
1741492800,2185.74
1741496400,2188.73
1741500000,2179.00
1741503600,2180.84
1741507200,2182.45
1741510800,2175.01
1741514400,2164.80
1741518000,2138.49
1741521600,2143.10
1741525200,2141.66
1741528800,2112.28
1741532400,2117.60
1741536000,2092.02
1741539600,2050.80
1741543200,2023.50
1741546800,2023.80
1741550400,2040.41
1741554000,2043.87
1741557600,2018.89
1741561200,2004.20
1741564800,2031.96
1741568400,2051.59
1741572000,2041.21
1741575600,2056.63
1741579200,2064.27
1741582800,2070.21
1741586400,2061.90
1741590000,2077.88
1741593600,2069.91
1741597200,2069.98
1741600800,2105.39
1741604400,2103.29
1741608000,2135.02
1741611600,2122.34
1741615200,2052.69
1741618800,2017.49
1741622400,2017.05
1741626000,1960.43
1741629600,1928.21
1741633200,1827.75
1741636800,1874.61
1741640400,1863.22
1741644000,1885.08
1741647600,1885.01
1741651200,1879.32
1741654800,1796.47
1741658400,1854.19
1741662000,1862.00
1741665600,1854.84
1741669200,1872.47
1741672800,1889.80
1741676400,1888.47
1741680000,1906.41
1741683600,1915.47
1741687200,1912.75
1741690800,1918.26
1741694400,1907.45
1741698000,1898.40
1741701600,1875.03
1741705200,1874.91
1741708800,1914.33
1741712400,1912.03
1741716000,1921.92
1741719600,1949.47
1741723200,1949.35
1741726800,1942.99
1741730400,1942.30
1741734000,1930.51
1741737600,1917.00
1741741200,1915.40
1741744800,1913.08
1741748400,1893.95
1741752000,1860.48
1741755600,1868.16
1741759200,1872.97
1741762800,1887.80
1741766400,1915.24
1741770000,1950.81
1741773600,1891.30
1741777200,1908.59
1741780800,1917.40
1741784400,1924.18
1741788000,1892.08
1741791600,1855.20
1741795200,1872.42
1741798800,1875.68
1741802400,1868.66
1741806000,1876.02
1741809600,1876.40
1741813200,1901.30
1741816800,1897.25
1741820400,1904.55
1741824000,1909.50
1741827600,1894.56
1741831200,1907.42
1741834800,1891.51
1741838400,1887.94
1741842000,1875.91
1741845600,1865.30
1741849200,1872.24
1741852800,1876.10
1741856400,1881.81
1741860000,1889.48
1741863600,1899.32
1741867200,1898.34
1741870800,1905.13
1741874400,1874.90
1741878000,1881.70
1741881600,1877.36
1741885200,1858.90
1741888800,1831.43
1741892400,1854.40
1741896000,1852.75
1741899600,1845.56
1741903200,1862.34
1741906800,1875.35
1741910400,1862.27
1741914000,1870.68
1741917600,1884.00
1741921200,1889.60
1741924800,1890.15
1741928400,1889.13
1741932000,1894.75
1741935600,1890.72
1741939200,1894.44
1741942800,1897.84
1741946400,1893.03
1741950000,1899.35
1741953600,1900.17
1741957200,1903.93
1741960800,1900.02
1741964400,1924.91
1741968000,1920.24
1741971600,1934.46
1741975200,1938.30
1741978800,1935.07
1741982400,1931.21
1741986000,1923.14
1741989600,1923.03
1741993200,1925.00
1741996800,1912.93
1742000400,1915.86
1742004000,1908.36
1742007600,1915.60
1742011200,1919.40
1742014800,1929.95
1742018400,1926.11
1742022000,1925.67
1742025600,1918.89
1742029200,1920.52
1742032800,1924.58
1742036400,1927.22
1742040000,1927.11
1742043600,1925.83
1742047200,1927.73
1742050800,1931.62
1742054400,1935.72
1742058000,1936.05
1742061600,1944.26
1742065200,1930.23
1742068800,1942.32
1742072400,1945.67
1742076000,1951.07
1742079600,1943.76
1742083200,1938.90
1742086800,1933.57
1742090400,1924.18
1742094000,1924.64
1742097600,1927.14
1742101200,1928.69
1742104800,1931.87
1742108400,1928.93
1742112000,1925.20
1742115600,1920.90
1742119200,1911.05
1742122800,1896.79
1742126400,1878.58
1742130000,1884.32
1742133600,1885.26
1742137200,1895.12
1742140800,1896.13
1742144400,1911.90
1742148000,1907.52
1742151600,1892.60
1742155200,1886.13
1742158800,1893.09
1742162400,1886.92
1742166000,1873.00
1742169600,1890.43
1742173200,1907.80
1742176800,1903.12
1742180400,1908.45
1742184000,1912.15
1742187600,1902.08
1742191200,1897.58
1742194800,1897.40
1742198400,1899.77
1742202000,1901.17
1742205600,1910.68
1742209200,1909.00
1742212800,1912.97
1742216400,1902.87
1742220000,1896.30
1742223600,1896.05
1742227200,1920.64
1742230800,1917.83
1742234400,1932.31
1742238000,1947.52
1742241600,1938.23
1742245200,1936.62
1742248800,1938.77
1742252400,1931.22
1742256000,1927.02
1742259600,1922.62
1742263200,1906.91
1742266800,1908.39
1742270400,1903.29
1742274000,1907.19
1742277600,1905.79
1742281200,1904.32
1742284800,1907.80
1742288400,1909.25
1742292000,1902.61
1742295600,1893.24
1742299200,1894.18
1742302800,1894.41
1742306400,1878.98
1742310000,1890.65
1742313600,1883.73
1742317200,1887.24
1742320800,1874.47
1742324400,1890.50
1742328000,1906.17
1742331600,1906.36
1742335200,1913.30
1742338800,1922.56
1742342400,1930.19
1742346000,1942.92
1742349600,1929.67
1742353200,1934.60
1742356800,1937.43
1742360400,1932.39
1742364000,1937.97
1742367600,1937.75
1742371200,1932.64
1742374800,1938.37
1742378400,1947.23
1742382000,1983.48
1742385600,2018.82
1742389200,1999.10
1742392800,2019.85
1742396400,2034.22
1742400000,2044.88
1742403600,2046.59
1742407200,2028.52
1742410800,2039.22
1742414400,2036.61
1742418000,2038.58
1742421600,2039.12
1742425200,2052.58
1742428800,2061.84
1742432400,2037.83
1742436000,2028.17
1742439600,2031.36
1742443200,2025.12
1742446800,2020.80
1742450400,2017.00
1742454000,2011.29
1742457600,2008.89
1742461200,2015.72
1742464800,2002.77
1742468400,1984.04
1742472000,1986.33
1742475600,1994.29
1742479200,1990.67
1742482800,1985.62
1742486400,1977.32
1742490000,1962.24
1742493600,1968.45
1742497200,1970.17
1742500800,1973.90
1742504400,1983.25
1742508000,1976.47
1742511600,1973.10
1742515200,1984.75
1742518800,1993.27
1742522400,1990.56
1742526000,1985.12
1742529600,1979.96
1742533200,1979.96
1742536800,1973.80
1742540400,1970.34
1742544000,1980.80
1742547600,1969.63
1742551200,1969.90
1742554800,1965.34
1742558400,1967.11
1742562000,1948.15
1742565600,1948.85
1742569200,1950.10
1742572800,1950.21
1742576400,1963.20
1742580000,1966.64
1742583600,1968.35
1742587200,1976.01
1742590800,1974.07
1742594400,1971.24
1742598000,1965.44
1742601600,1966.24
1742605200,1984.06
1742608800,1975.81
1742612400,1981.99
1742616000,1986.16
1742619600,1986.61
1742623200,1988.36
1742626800,1989.53
1742630400,1983.02
1742634000,1988.61
1742637600,1995.47
1742641200,1993.79
1742644800,1991.57
1742648400,1993.83
1742652000,1989.60
1742655600,1981.14
1742659200,1983.81
1742662800,1987.40
1742666400,1992.29
1742670000,1996.15
1742673600,1996.91
1742677200,1992.67
1742680800,1985.99
1742684400,1982.88
1742688000,1979.23
1742691600,1987.02
1742695200,1995.89
1742698800,1997.96
1742702400,2005.91
1742706000,1996.20
1742709600,1998.35
1742713200,2002.21
1742716800,2007.20
1742720400,2011.87
1742724000,2014.76
1742727600,2015.99
1742731200,2010.40
1742734800,2007.73
1742738400,2016.49
1742742000,2005.66
1742745600,2003.77
1742749200,1999.69
1742752800,1991.52
1742756400,1996.68
1742760000,1998.57
1742763600,1993.10
1742767200,1995.50
1742770800,1990.40
1742774400,2002.72
1742778000,1990.69
1742781600,1983.94
1742785200,1994.40
1742788800,2017.19
1742792400,2048.00
1742796000,2052.75
1742799600,2069.40
1742803200,2075.00
1742806800,2088.89
1742810400,2094.27
1742814000,2093.19
1742817600,2087.80
1742821200,2080.40
1742824800,2090.00
1742828400,2078.93
1742832000,2089.19
1742835600,2079.20
1742839200,2087.34
1742842800,2092.30
1742846400,2087.72
1742850000,2082.83
1742853600,2084.89
1742857200,2075.41
1742860800,2077.91
1742864400,2084.11
1742868000,2065.52
1742871600,2060.61
1742875200,2042.62
1742878800,2045.72
1742882400,2050.23
1742886000,2065.99
1742889600,2059.38
1742893200,2061.08
1742896800,2069.54
1742900400,2068.89
1742904000,2065.85
1742907600,2063.32
1742911200,2060.08
1742914800,2075.34
1742918400,2069.80
1742922000,2074.44
1742925600,2076.30
1742929200,2065.45
1742932800,2076.05
1742936400,2069.47
1742940000,2063.95
1742943600,2059.10
1742947200,2064.14
1742950800,2070.04
1742954400,2069.49
1742958000,2050.37
1742961600,2051.33
1742965200,2050.85
1742968800,2057.46
1742972400,2067.10
1742976000,2069.24
1742979600,2062.46
1742983200,2065.76
1742986800,2073.51
1742990400,2069.62
1742994000,2060.69
1742997600,2035.12
1743001200,2019.41
1743004800,2009.13
1743008400,2015.51
1743012000,2006.59
1743015600,1993.86
1743019200,2004.80
1743022800,2010.65
1743026400,2005.66
1743030000,2001.41
1743033600,2010.82
1743037200,2022.31
1743040800,2022.68
1743044400,2031.06
1743048000,2028.87
1743051600,2028.36
1743055200,2022.81
1743058800,2023.62
1743062400,2026.18
1743066000,2024.54
1743069600,2033.78
1743073200,2028.95
1743076800,2014.79
1743080400,2021.17
1743084000,2006.60
1743087600,2025.14
1743091200,2007.63
1743094800,2002.86
1743098400,2002.73
1743102000,2008.47
1743105600,2002.45
1743109200,2007.85
1743112800,2016.08
1743116400,2003.48
1743120000,2000.17
1743123600,2001.65
1743127200,2006.18
1743130800,2007.83
1743134400,2001.97
1743138000,1926.95
1743141600,1922.19
1743145200,1917.76
1743148800,1914.75
1743152400,1904.96
1743156000,1906.39
1743159600,1906.22
1743163200,1894.22
1743166800,1885.90
1743170400,1887.16
1743174000,1883.60
1743177600,1875.50
1743181200,1868.61
1743184800,1881.99
1743188400,1876.28
1743192000,1879.34
1743195600,1876.65
1743199200,1889.87
1743202800,1900.64
1743206400,1898.76
1743210000,1905.09
1743213600,1909.31
1743217200,1894.31
1743220800,1901.33
1743224400,1890.54
1743228000,1882.92
1743231600,1883.88
1743235200,1878.90
1743238800,1882.49
1743242400,1873.56
1743246000,1869.27
1743249600,1841.70
1743253200,1857.93
1743256800,1857.58
1743260400,1845.20
1743264000,1845.12
1743267600,1824.06
1743271200,1814.09
1743274800,1819.27
1743278400,1820.54
1743282000,1815.25
1743285600,1814.80
1743289200,1814.01
1743292800,1827.02
1743296400,1834.97
1743300000,1836.72
1743303600,1840.36
1743307200,1835.70
1743310800,1840.75
1743314400,1836.90
1743318000,1841.48
1743321600,1838.96
1743325200,1844.42
1743328800,1843.32
1743332400,1829.73
1743336000,1829.99
1743339600,1833.21
1743343200,1807.30
1743346800,1814.34
1743350400,1813.52
1743354000,1791.66
1743357600,1807.12
1743361200,1832.73
1743364800,1811.40
1743368400,1819.09
1743372000,1794.11
1743375600,1800.07
1743379200,1808.55
1743382800,1800.00
1743386400,1809.18
1743390000,1817.21
1743393600,1803.34
1743397200,1808.93
1743400800,1806.74
1743404400,1808.62
1743408000,1803.41
1743411600,1794.74
1743415200,1789.10
1743418800,1802.89
1743422400,1811.66
1743426000,1834.48
1743429600,1825.55
1743433200,1851.25
1743436800,1845.19
1743440400,1841.88
1743444000,1831.48
1743447600,1841.35
1743451200,1828.50
1743454800,1826.36
1743458400,1820.65
1743462000,1826.10
1743465600,1824.36
1743469200,1830.39
1743472800,1826.16
1743476400,1839.23
1743480000,1836.57
1743483600,1839.74
1743487200,1839.71
1743490800,1859.13
1743494400,1856.51
1743498000,1887.00
1743501600,1882.15
1743505200,1869.84
1743508800,1867.20
1743512400,1865.80
1743516000,1864.64
1743519600,1887.51
1743523200,1920.30
1743526800,1918.32
1743530400,1908.78
1743534000,1906.78
1743537600,1908.00
1743541200,1912.65
1743544800,1912.86
1743548400,1908.47
1743552000,1906.31
1743555600,1889.51
1743559200,1890.12
1743562800,1881.40
1743566400,1880.40
1743570000,1869.20
1743573600,1858.66
1743577200,1855.39
1743580800,1865.16
1743584400,1875.33
1743588000,1879.65
1743591600,1874.65
1743595200,1868.86
1743598800,1865.47
1743602400,1880.07
1743606000,1881.60
1743609600,1902.79
1743613200,1907.14
1743616800,1894.73
1743620400,1900.88
1743624000,1906.23
1743627600,1877.83
1743631200,1852.46
1743634800,1788.11
1743638400,1791.96
1743642000,1820.64
1743645600,1828.76
1743649200,1826.67
1743652800,1823.96
1743656400,1838.19
1743660000,1825.10
1743663600,1819.05
1743667200,1819.95
1743670800,1821.49
1743674400,1813.37
1743678000,1789.39
1743681600,1793.60
1743685200,1762.04
1743688800,1773.72
1743692400,1762.10
1743696000,1787.33
1743699600,1773.85
1743703200,1773.86
1743706800,1789.68
1743710400,1784.17
1743714000,1797.94
1743717600,1813.59
1743721200,1808.29
1743724800,1818.87
1743728400,1808.37
1743732000,1792.81
1743735600,1785.87
1743739200,1790.73
1743742800,1783.73
1743746400,1805.63
1743750000,1804.30
1743753600,1817.97
1743757200,1825.74
1743760800,1829.70
1743764400,1785.33
1743768000,1778.86
1743771600,1797.00
1743775200,1795.03
1743778800,1807.81
1743782400,1795.19
1743786000,1800.00
1743789600,1816.16
1743793200,1805.99
1743796800,1809.88
1743800400,1816.19
1743804000,1816.47
1743807600,1816.27
1743811200,1813.84
1743814800,1821.04
1743818400,1817.62
1743822000,1814.76
1743825600,1811.81
1743829200,1808.07
1743832800,1809.21
1743836400,1806.86
1743840000,1813.63
1743843600,1813.96
1743847200,1818.55
1743850800,1817.39
1743854400,1807.60
1743858000,1795.27
1743861600,1790.91
1743865200,1787.01
1743868800,1783.68
1743872400,1783.43
1743876000,1788.97
1743879600,1793.71
1743883200,1783.05
1743886800,1784.86
1743890400,1793.92
1743894000,1798.88
1743897600,1805.67
1743901200,1807.42
1743904800,1810.85
1743908400,1802.06
1743912000,1809.16
1743915600,1809.10
1743919200,1810.20
1743922800,1796.31
1743926400,1795.51
1743930000,1792.54
1743933600,1788.12
1743937200,1790.27
1743940800,1790.06
1743944400,1776.51
1743948000,1747.92
1743951600,1768.88
1743955200,1755.65
1743958800,1730.44
1743962400,1674.69
1743966000,1620.77
1743969600,1624.20
1743973200,1584.32
1743976800,1592.23
1743980400,1568.21
1743984000,1575.27
1743987600,1575.64
1743991200,1597.91
1743994800,1577.73
1743998400,1551.44
1744002000,1544.32
1744005600,1546.83
1744009200,1440.00
1744012800,1470.59
1744016400,1497.17
1744020000,1490.89
1744023600,1498.88
1744027200,1484.92
1744030800,1517.39
1744034400,1544.19
1744038000,1571.29
1744041600,1553.79
1744045200,1539.70
1744048800,1561.63
1744052400,1549.51
1744056000,1549.52
1744059600,1563.97
1744063200,1567.36
1744066800,1577.74
1744070400,1554.16
1744074000,1547.36
1744077600,1589.19
1744081200,1589.64
1744084800,1583.68
1744088400,1595.11
1744092000,1583.48
1744095600,1574.17
1744099200,1569.65
1744102800,1568.68
1744106400,1569.24
1744110000,1567.43
1744113600,1582.80
1744117200,1573.25
1744120800,1572.09
1744124400,1536.33
1744128000,1529.15
1744131600,1486.62
1744135200,1482.27
1744138800,1471.63
1744142400,1461.39
1744146000,1480.32
1744149600,1464.82
1744153200,1466.40
1744156800,1466.53
1744160400,1461.75
1744164000,1440.18
1744167600,1415.16
1744171200,1425.59
1744174800,1445.64
1744178400,1460.59
1744182000,1473.81
1744185600,1478.98
1744189200,1479.70
1744192800,1475.12
1744196400,1458.05
1744200000,1453.27
1744203600,1461.10
1744207200,1492.79
1744210800,1476.88
1744214400,1485.26
1744218000,1516.46
1744221600,1624.72
1744225200,1632.13
1744228800,1643.27
1744232400,1670.35
1744236000,1672.36
1744239600,1665.00
1744243200,1663.56
1744246800,1646.17
1744250400,1636.44
1744254000,1629.36
1744257600,1615.71
1744261200,1617.36
1744264800,1617.49
1744268400,1617.69
1744272000,1591.67
1744275600,1588.50
1744279200,1605.02
1744282800,1592.47
1744286400,1597.77
1744290000,1591.16
1744293600,1565.95
1744297200,1559.25
1744300800,1493.35
1744304400,1506.88
1744308000,1514.41
1744311600,1521.63
1744315200,1518.70
1744318800,1529.09
1744322400,1526.54
1744326000,1524.22
1744329600,1521.43
1744333200,1510.14
1744336800,1535.10
1744340400,1535.89
1744344000,1542.64
1744347600,1543.44
1744351200,1549.84
1744354800,1552.24
1744358400,1550.28
1744362000,1545.72
1744365600,1559.02
1744369200,1566.67
1744372800,1560.13
1744376400,1554.70
1744380000,1561.65
1744383600,1556.88
1744387200,1562.54
1744390800,1565.83
1744394400,1580.51
1744398000,1566.07
1744401600,1564.75
1744405200,1575.67
1744408800,1574.09
1744412400,1564.39
1744416000,1563.84
1744419600,1560.83
1744423200,1552.58
1744426800,1547.64
1744430400,1553.71
1744434000,1566.03
1744437600,1570.80
1744441200,1573.45
1744444800,1583.39
1744448400,1594.72
1744452000,1596.12
1744455600,1594.40
1744459200,1591.71
1744462800,1613.27
1744466400,1639.21
1744470000,1653.37
1744473600,1659.53
1744477200,1645.59
1744480800,1638.20
1744484400,1647.58
1744488000,1644.83
1744491600,1647.81
1744495200,1648.94
1744498800,1648.88
1744502400,1642.39
1744506000,1640.07
1744509600,1619.58
1744513200,1625.50
1744516800,1623.17
1744520400,1609.81
1744524000,1607.92
1744527600,1619.29
1744531200,1610.55
1744534800,1619.65
1744538400,1622.92
1744542000,1616.69
1744545600,1602.51
1744549200,1599.95
1744552800,1576.79
1744556400,1582.54
1744560000,1594.07
1744563600,1597.20
1744567200,1637.07
1744570800,1621.28
1744574400,1601.62
1744578000,1578.41
1744581600,1594.90
1744585200,1583.92
1744588800,1597.61
1744592400,1612.01
1744596000,1616.06
1744599600,1633.82
1744603200,1633.50
1744606800,1637.32
1744610400,1619.25
1744614000,1620.94
1744617600,1635.66
1744621200,1638.75
1744624800,1641.81
1744628400,1676.43
1744632000,1671.40
1744635600,1676.87
1744639200,1663.62
1744642800,1662.51
1744646400,1630.28
1744650000,1629.76
1744653600,1650.00
1744657200,1639.32
1744660800,1635.07
1744664400,1633.04
1744668000,1623.06
1744671600,1622.39
1744675200,1623.30
1744678800,1627.18
1744682400,1634.32
1744686000,1629.77
1744689600,1637.57
1744693200,1641.96
1744696800,1637.47
1744700400,1641.46
1744704000,1644.84
1744707600,1642.20
1744711200,1646.18
1744714800,1630.97
1744718400,1635.07
1744722000,1640.70
1744725600,1628.50
1744729200,1623.77
1744732800,1623.83
1744736400,1624.84
1744740000,1616.07
1744743600,1606.18
1744747200,1607.46
1744750800,1598.44
1744754400,1602.91
1744758000,1591.44
1744761600,1588.88
1744765200,1585.15
1744768800,1600.16
1744772400,1597.73
1744776000,1591.61
1744779600,1589.49
1744783200,1572.30
1744786800,1573.49
1744790400,1561.08
1744794000,1575.26
1744797600,1572.69
1744801200,1581.53
1744804800,1584.84
1744808400,1577.78
1744812000,1572.30
1744815600,1588.20
1744819200,1594.08
1744822800,1597.31
1744826400,1553.10
1744830000,1563.64
1744833600,1586.14
1744837200,1578.79
1744840800,1589.90
1744844400,1585.27
1744848000,1580.87
1744851600,1584.13
1744855200,1588.34
1744858800,1593.66
1744862400,1585.95
1744866000,1590.83
1744869600,1600.75
1744873200,1600.08
1744876800,1601.99
1744880400,1591.21
1744884000,1594.45
1744887600,1596.66
1744891200,1596.00
1744894800,1597.74
1744898400,1590.64
1744902000,1571.86
1744905600,1578.48
1744909200,1604.88
1744912800,1613.00
1744916400,1601.70
1744920000,1587.52
1744923600,1583.85
1744927200,1590.40
1744930800,1582.83
1744934400,1581.34
1744938000,1582.25
1744941600,1582.91
1744945200,1581.86
1744948800,1582.44
1744952400,1580.03
1744956000,1579.47
1744959600,1580.56
1744963200,1583.62
1744966800,1586.48
1744970400,1587.49
1744974000,1583.23
1744977600,1590.03
1744981200,1591.95
1744984800,1595.15
1744988400,1587.54
1744992000,1583.07
1744995600,1586.66
1744999200,1590.17
1745002800,1591.68
1745006400,1593.56
1745010000,1592.98
1745013600,1596.79
1745017200,1591.04
1745020800,1590.10
1745024400,1587.31
1745028000,1588.02
1745031600,1593.58
1745035200,1597.62
1745038800,1604.69
1745042400,1601.35
1745046000,1598.09
1745049600,1600.19
1745053200,1602.98
1745056800,1597.13
1745060400,1597.43
1745064000,1596.80
1745067600,1596.88
1745071200,1603.84
1745074800,1605.33
1745078400,1609.63
1745082000,1602.54
1745085600,1619.98
1745089200,1615.64
1745092800,1613.20
1745096400,1615.13
1745100000,1619.50
1745103600,1620.10
1745107200,1610.43
1745110800,1610.99
1745114400,1618.94
1745118000,1614.90
1745121600,1611.42
1745125200,1614.01
1745128800,1610.92
1745132400,1603.65
1745136000,1595.05
1745139600,1591.31
1745143200,1591.36
1745146800,1575.62
1745150400,1575.64
1745154000,1576.90
1745157600,1577.43
1745161200,1580.06
1745164800,1572.99
1745168400,1580.08
1745172000,1579.07
1745175600,1580.16
1745179200,1588.40
1745182800,1587.72
1745186400,1583.93
1745190000,1586.28
1745193600,1588.35
1745197200,1614.48
1745200800,1627.43
1745204400,1638.74
1745208000,1640.15
1745211600,1640.27
1745215200,1648.78
1745218800,1649.18
1745222400,1648.97
1745226000,1651.31
1745229600,1641.72
1745233200,1633.81
1745236800,1628.19
1745240400,1622.28
1745244000,1614.84
1745247600,1630.83
1745251200,1621.91
1745254800,1579.30
1745258400,1575.60
1745262000,1570.35
1745265600,1574.43
1745269200,1576.19
1745272800,1574.45
1745276400,1574.28
1745280000,1577.66
1745283600,1567.71
1745287200,1590.80
1745290800,1578.97
1745294400,1582.76
1745298000,1577.96
1745301600,1585.10
1745305200,1584.32
1745308800,1625.51
1745312400,1628.25
1745316000,1625.09
1745319600,1627.05
1745323200,1630.60
1745326800,1637.54
1745330400,1643.01
1745334000,1709.22
1745337600,1699.20
1745341200,1698.08
1745344800,1703.32
1745348400,1703.38
1745352000,1698.33
1745355600,1697.96
1745359200,1754.60
1745362800,1746.10
1745366400,1760.29
1745370000,1757.20
1745373600,1766.64
1745377200,1791.63
1745380800,1793.06
1745384400,1803.80
1745388000,1794.30
1745391600,1790.65
1745395200,1788.52
1745398800,1796.37
1745402400,1784.88
1745406000,1803.94
1745409600,1803.75
1745413200,1811.46
1745416800,1802.04
1745420400,1786.68
1745424000,1794.42
1745427600,1797.36
1745431200,1798.55
1745434800,1793.31
1745438400,1788.44
1745442000,1796.80
1745445600,1791.69
1745449200,1802.77
1745452800,1794.07
1745456400,1793.37
1745460000,1795.93
1745463600,1781.34
1745467200,1773.02
1745470800,1773.74
1745474400,1773.15
1745478000,1772.24
1745481600,1760.38
1745485200,1739.59
1745488800,1742.44
1745492400,1749.82
1745496000,1752.78
1745499600,1755.26
1745503200,1765.96
1745506800,1768.08
1745510400,1768.55
1745514000,1772.18
1745517600,1757.95
1745521200,1759.34
1745524800,1766.47
1745528400,1763.42
1745532000,1760.99
1745535600,1760.93
1745539200,1768.74
1745542800,1773.87
1745546400,1770.04
1745550000,1746.98
1745553600,1761.81
1745557200,1768.04
1745560800,1769.63
1745564400,1778.20
1745568000,1775.81
1745571600,1774.04
1745575200,1784.75
1745578800,1775.56
1745582400,1787.13
1745586000,1777.43
1745589600,1772.75
1745593200,1810.57
1745596800,1805.02
1745600400,1806.09
1745604000,1791.91
1745607600,1799.26
1745611200,1802.81
1745614800,1802.40
1745618400,1793.21
1745622000,1796.09
1745625600,1792.58
1745629200,1794.93
1745632800,1805.63
1745636400,1806.50
1745640000,1796.38
1745643600,1793.07
1745647200,1796.22
1745650800,1805.13
1745654400,1802.50
1745658000,1802.22
1745661600,1808.60
1745665200,1805.59
1745668800,1788.52
1745672400,1795.08
1745676000,1786.17
1745679600,1794.71
1745683200,1799.56
1745686800,1803.68
1745690400,1804.22
1745694000,1805.77
1745697600,1815.72
1745701200,1811.01
1745704800,1816.64
1745708400,1817.78
1745712000,1820.89
1745715600,1841.74
1745719200,1808.38
1745722800,1817.07
1745726400,1809.90
1745730000,1802.67
1745733600,1801.04
1745737200,1800.91
1745740800,1802.65
1745744400,1808.82
1745748000,1811.03
1745751600,1808.48
1745755200,1806.71
1745758800,1797.66
1745762400,1796.57
1745766000,1796.09
1745769600,1795.38
1745773200,1797.52
1745776800,1799.37
1745780400,1803.61
1745784000,1803.88
1745787600,1800.31
1745791200,1795.52
1745794800,1793.10
1745798400,1791.27
1745802000,1778.13
1745805600,1768.21
1745809200,1772.71
1745812800,1787.02
1745816400,1786.70
1745820000,1798.48
1745823600,1802.77
1745827200,1806.86
1745830800,1809.62
1745834400,1807.58
1745838000,1814.13
1745841600,1813.46
1745845200,1809.97
1745848800,1791.87
1745852400,1783.34
1745856000,1761.17
1745859600,1762.15
1745863200,1774.00
1745866800,1798.55
1745870400,1791.80
1745874000,1787.75
1745877600,1795.58
1745881200,1801.51
1745884800,1797.76
1745888400,1803.77
1745892000,1794.33
1745895600,1796.09
1745899200,1800.90
1745902800,1791.47
1745906400,1799.46
1745910000,1818.76
1745913600,1822.06
1745917200,1831.01
1745920800,1833.35
1745924400,1829.17
1745928000,1827.21
1745931600,1821.89
1745935200,1822.47
1745938800,1821.44
1745942400,1817.68
1745946000,1811.34
1745949600,1826.47
1745953200,1823.94
1745956800,1823.45
1745960400,1809.49
1745964000,1797.17
1745967600,1793.16
1745971200,1797.40
1745974800,1803.52
1745978400,1796.27
1745982000,1801.84
1745985600,1807.56
1745989200,1810.04
1745992800,1806.25
1745996400,1805.80
1746000000,1794.40
1746003600,1797.13
1746007200,1805.29
1746010800,1809.20
1746014400,1815.40
1746018000,1774.18
1746021600,1748.54
1746025200,1763.59
1746028800,1765.68
1746032400,1770.16
1746036000,1775.92
1746039600,1784.61
1746043200,1794.37
1746046800,1796.32
1746050400,1798.47
1746054000,1794.46
1746057600,1795.70
1746061200,1802.09
1746064800,1808.76
1746068400,1810.69
1746072000,1806.81
1746075600,1807.85
1746079200,1813.12
1746082800,1805.30
1746086400,1809.65
1746090000,1816.23
1746093600,1820.33
1746097200,1851.12
1746100800,1842.97
1746104400,1847.82
1746108000,1834.66
1746111600,1848.09
1746115200,1856.96
1746118800,1863.00
1746122400,1852.59
1746126000,1855.30
1746129600,1840.25
1746133200,1843.91
1746136800,1843.40
1746140400,1837.32
1746144000,1841.35
1746147600,1849.92
1746151200,1842.08
1746154800,1850.75
1746158400,1850.40
1746162000,1843.81
1746165600,1831.30
1746169200,1828.84
1746172800,1815.61
1746176400,1822.08
1746180000,1824.45
1746183600,1833.09
1746187200,1835.22
1746190800,1839.17
1746194400,1838.92
1746198000,1851.52
1746201600,1869.46
1746205200,1849.71
1746208800,1854.05
1746212400,1848.43
1746216000,1841.15
1746219600,1846.54
1746223200,1835.69
1746226800,1838.02
1746230400,1842.24
1746234000,1838.56
1746237600,1831.07
1746241200,1834.99
1746244800,1835.16
1746248400,1837.65
1746252000,1832.81
1746255600,1827.46
1746259200,1825.08
1746262800,1825.70
1746266400,1828.34
1746270000,1822.54
1746273600,1824.98
1746277200,1830.74
1746280800,1836.67
1746284400,1838.24
1746288000,1833.31
1746291600,1825.32
1746295200,1823.55
1746298800,1826.73
1746302400,1837.44
1746306000,1836.77
1746309600,1838.28
1746313200,1840.32
1746316800,1835.29
1746320400,1837.99
1746324000,1843.26
1746327600,1832.75
1746331200,1832.71
1746334800,1838.42
1746338400,1847.94
1746342000,1844.50
1746345600,1841.45
1746349200,1830.90
1746352800,1825.59
1746356400,1828.44
1746360000,1830.06
1746363600,1832.68
1746367200,1826.68
1746370800,1831.15
1746374400,1833.14
1746378000,1830.02
1746381600,1830.74
1746385200,1826.63
1746388800,1830.35
1746392400,1836.08
1746396000,1825.36
1746399600,1816.66
1746403200,1809.05
1746406800,1814.83
1746410400,1789.12
1746414000,1799.03
1746417600,1796.84
1746421200,1804.56
1746424800,1817.04
1746428400,1818.59
1746432000,1826.44
1746435600,1827.60
1746439200,1821.99
1746442800,1808.98
1746446400,1800.87
1746450000,1808.17
1746453600,1806.24
1746457200,1806.51
1746460800,1802.65
1746464400,1808.80
1746468000,1813.27
1746471600,1825.76
1746475200,1813.80
1746478800,1811.38
1746482400,1817.32
1746486000,1825.80
1746489600,1818.34
1746493200,1811.97
1746496800,1806.51
1746500400,1801.52
1746504000,1804.64
1746507600,1804.92
1746511200,1801.36
1746514800,1807.38
1746518400,1803.92
1746522000,1798.01
1746525600,1795.36
1746529200,1788.58
1746532800,1768.70
1746536400,1770.93
1746540000,1765.51
1746543600,1767.99
1746547200,1766.49
1746550800,1764.00
1746554400,1770.01
1746558000,1788.33
1746561600,1784.23
1746565200,1779.02
1746568800,1790.96
1746572400,1807.93
1746576000,1817.01
1746579600,1845.09
1746583200,1831.31
1746586800,1823.54
1746590400,1828.75
1746594000,1828.34
1746597600,1830.66
1746601200,1831.22
1746604800,1837.26
1746608400,1842.92
1746612000,1844.88
1746615600,1833.56
1746619200,1833.91
1746622800,1828.20
1746626400,1828.51
1746630000,1820.52
1746633600,1815.08
1746637200,1811.48
1746640800,1806.79
1746644400,1803.10
1746648000,1796.24
1746651600,1798.87
1746655200,1808.10
1746658800,1819.44
1746662400,1813.38
1746666000,1828.58
1746669600,1826.19
1746673200,1843.83
1746676800,1903.49
1746680400,1899.72
1746684000,1899.19
1746687600,1910.91
1746691200,1930.23
1746694800,1930.40
1746698400,1942.46
1746702000,1956.06
1746705600,1959.70
1746709200,1967.43
1746712800,1981.92
1746716400,1990.67
1746720000,2041.90
1746723600,2046.68
1746727200,2048.00
1746730800,2068.09
1746734400,2118.00
1746738000,2174.37
1746741600,2173.11
1746745200,2169.69
1746748800,2197.62
1746752400,2196.13
1746756000,2200.44
1746759600,2216.58
1746763200,2206.95
1746766800,2213.38
1746770400,2217.57
1746774000,2283.81
1746777600,2373.05
1746781200,2414.98
1746784800,2332.33
1746788400,2336.20
1746792000,2343.00
1746795600,2347.50
1746799200,2349.57
1746802800,2307.09
1746806400,2291.77
1746810000,2307.55
1746813600,2340.70
1746817200,2343.20
1746820800,2335.17
1746824400,2337.96
1746828000,2336.46
1746831600,2337.71
1746835200,2353.12
1746838800,2334.41
1746842400,2335.68
1746846000,2338.14
1746849600,2335.25
1746853200,2341.19
1746856800,2358.89
1746860400,2365.23
1746864000,2414.32
1746867600,2371.50
1746871200,2399.54
1746874800,2394.66
1746878400,2393.67
1746882000,2411.64
1746885600,2430.38
1746889200,2437.63
1746892800,2437.99
1746896400,2465.64
1746900000,2469.96
1746903600,2492.98
1746907200,2496.24
1746910800,2502.43
1746914400,2530.98
1746918000,2579.51
1746921600,2588.80
1746925200,2540.79
1746928800,2529.44
1746932400,2531.20
1746936000,2538.59
1746939600,2542.91
1746943200,2543.94
1746946800,2510.49
1746950400,2489.53
1746954000,2487.73
1746957600,2520.43
1746961200,2515.54
1746964800,2528.99
1746968400,2523.60
1746972000,2480.75
1746975600,2496.15
1746979200,2453.93
1746982800,2474.48
1746986400,2486.88
1746990000,2507.23
1746993600,2497.76
1746997200,2507.99
1747000800,2509.64
1747004400,2509.30
1747008000,2516.64
1747011600,2534.62
1747015200,2513.06
1747018800,2518.43
1747022400,2517.68
1747026000,2517.11
1747029600,2494.41
1747033200,2561.75
1747036800,2547.05
1747040400,2569.54
1747044000,2548.58
1747047600,2560.53
1747051200,2539.24
1747054800,2551.07
1747058400,2567.37
1747062000,2490.02
1747065600,2479.00
1747069200,2503.47
1747072800,2484.13
1747076400,2450.62
1747080000,2455.70
1747083600,2489.36
1747087200,2484.21
1747090800,2491.41
1747094400,2488.07
1747098000,2473.86
1747101600,2450.97
1747105200,2434.23
1747108800,2428.29
1747112400,2452.46
1747116000,2454.82
1747119600,2458.31
1747123200,2469.24
1747126800,2462.87
1747130400,2483.65
1747134000,2484.26
1747137600,2510.26
1747141200,2520.24
1747144800,2541.16
1747148400,2547.85
1747152000,2561.93
1747155600,2600.26
1747159200,2614.71
1747162800,2659.60
1747166400,2684.11
1747170000,2677.94
1747173600,2689.42
1747177200,2672.69
1747180800,2678.42
1747184400,2703.49
1747188000,2655.29
1747191600,2636.60
1747195200,2637.60
1747198800,2683.15
1747202400,2675.02
1747206000,2668.39
1747209600,2632.17
1747213200,2589.52
1747216800,2615.92
1747220400,2602.68
1747224000,2622.01
1747227600,2610.99
1747231200,2604.16
1747234800,2563.94
1747238400,2595.55
1747242000,2585.70
1747245600,2595.66
1747249200,2608.03
1747252800,2607.00
1747256400,2592.03
1747260000,2605.90
1747263600,2594.02
1747267200,2615.56
1747270800,2636.58
1747274400,2584.71
1747278000,2591.61
1747281600,2577.64
1747285200,2590.56
1747288800,2569.37
1747292400,2571.44
1747296000,2547.16
1747299600,2560.00
1747303200,2535.27
1747306800,2553.94
1747310400,2552.41
1747314000,2556.24
1747317600,2540.30
1747321200,2512.42
1747324800,2557.24
1747328400,2589.83
1747332000,2565.72
1747335600,2538.10
1747339200,2543.47
1747342800,2535.42
1747346400,2542.51
1747350000,2534.25
1747353600,2552.02
1747357200,2541.94
1747360800,2582.81
1747364400,2576.61
1747368000,2584.43
1747371600,2580.64
1747375200,2593.44
1747378800,2592.25
1747382400,2596.77
1747386000,2580.07
1747389600,2607.66
1747393200,2629.46
1747396800,2620.67
1747400400,2605.35
1747404000,2598.19
1747407600,2597.35
1747411200,2601.11
1747414800,2588.68
1747418400,2582.05
1747422000,2591.50
1747425600,2588.18
1747429200,2575.11
1747432800,2561.29
1747436400,2552.98
1747440000,2528.60
1747443600,2494.49
1747447200,2473.92
1747450800,2495.45
1747454400,2497.21
1747458000,2509.83
1747461600,2492.36
1747465200,2496.63
1747468800,2488.31
1747472400,2483.02
1747476000,2483.80
1747479600,2484.65
1747483200,2484.47
1747486800,2470.16
1747490400,2466.40
1747494000,2476.74
1747497600,2475.93
1747501200,2468.18
1747504800,2473.21
1747508400,2467.40
1747512000,2472.71
1747515600,2488.20
1747519200,2479.40
1747522800,2463.42
1747526400,2480.53
1747530000,2480.87
1747533600,2487.13
1747537200,2486.90
1747540800,2480.49
1747544400,2489.95
1747548000,2508.95
1747551600,2498.82
1747555200,2510.96
1747558800,2523.30
1747562400,2511.27
1747566000,2509.03
1747569600,2498.50
1747573200,2507.46
1747576800,2534.38
1747580400,2557.15
1747584000,2575.03
1747587600,2568.81
1747591200,2472.16
1747594800,2466.09
1747598400,2367.35
1747602000,2397.51
1747605600,2398.11
1747609200,2448.00
1747612800,2501.34
1747616400,2443.33
1747620000,2430.96
1747623600,2405.16
1747627200,2395.79
1747630800,2362.30
1747634400,2376.38
1747638000,2363.80
1747641600,2398.98
1747645200,2405.79
1747648800,2399.69
1747652400,2414.31
1747656000,2411.73
1747659600,2406.72
1747663200,2428.81
1747666800,2452.50
1747670400,2461.35
1747674000,2523.39
1747677600,2514.23
1747681200,2486.61
1747684800,2521.88
1747688400,2516.60
1747692000,2510.54
1747695600,2513.40
1747699200,2530.86
1747702800,2522.20
1747706400,2547.22
1747710000,2571.34
1747713600,2549.30
1747717200,2569.96
1747720800,2556.48
1747724400,2539.39
1747728000,2534.91
1747731600,2536.39
1747735200,2527.59
1747738800,2511.42
1747742400,2507.69
1747746000,2492.49
1747749600,2479.09
1747753200,2471.39
1747756800,2491.21
1747760400,2486.76
1747764000,2501.41
1747767600,2452.39
1747771200,2492.60
1747774800,2521.80
1747778400,2509.96
1747782000,2518.11
1747785600,2527.70
1747789200,2530.82
1747792800,2526.41
1747796400,2538.15
1747800000,2545.31
1747803600,2556.82
1747807200,2592.39
1747810800,2590.70
1747814400,2556.50
1747818000,2545.27
1747821600,2528.21
1747825200,2536.70
1747828800,2533.40
1747832400,2537.30
1747836000,2553.56
1747839600,2572.80
1747843200,2565.20
1747846800,2581.89
1747850400,2474.01
1747854000,2485.88
1747857600,2507.30
1747861200,2506.70
1747864800,2509.20
1747868400,2529.97
1747872000,2562.48
1747875600,2597.00
1747879200,2581.30
1747882800,2595.20
1747886400,2619.50
1747890000,2632.11
1747893600,2617.27
1747897200,2616.10
1747900800,2633.09
1747904400,2673.67
1747908000,2659.08
1747911600,2653.31
1747915200,2651.09
1747918800,2648.83
1747922400,2659.60
1747926000,2664.45
1747929600,2669.54
1747933200,2652.53
1747936800,2654.71
1747940400,2651.80
1747944000,2644.69
1747947600,2639.15
1747951200,2641.17
1747954800,2641.61
1747958400,2655.51
1747962000,2660.30
1747965600,2681.41
1747969200,2708.62
1747972800,2719.60
1747976400,2695.40
1747980000,2693.57
1747983600,2663.58
1747987200,2656.67
1747990800,2668.01
1747994400,2677.22
1747998000,2670.06
1748001600,2548.25
1748005200,2544.90
1748008800,2590.59
1748012400,2578.24
1748016000,2569.95
1748019600,2575.11
1748023200,2577.19
1748026800,2559.56
1748030400,2552.57
1748034000,2541.11
1748037600,2537.51
1748041200,2540.18
1748044800,2520.80
1748048400,2523.89
1748052000,2530.56
1748055600,2547.10
1748059200,2547.85
1748062800,2556.78
1748066400,2553.21
1748070000,2553.07
1748073600,2551.25
1748077200,2557.42
1748080800,2555.97
1748084400,2573.28
1748088000,2564.56
1748091600,2559.60
1748095200,2549.59
1748098800,2556.58
1748102400,2554.20
1748106000,2561.90
1748109600,2560.91
1748113200,2552.40
1748116800,2552.19
1748120400,2551.20
1748124000,2536.30
1748127600,2526.67
1748131200,2539.02
1748134800,2492.41
1748138400,2496.00
1748142000,2513.90
1748145600,2511.23
1748149200,2516.91
1748152800,2510.63
1748156400,2505.07
1748160000,2486.69
1748163600,2481.70
1748167200,2497.99
1748170800,2493.98
1748174400,2497.50
1748178000,2518.54
1748181600,2515.79
1748185200,2502.80
1748188800,2513.00
1748192400,2515.00
1748196000,2515.22
1748199600,2518.18
1748203200,2524.91
1748206800,2527.29
1748210400,2523.01
1748214000,2549.09
1748217600,2553.79
1748221200,2567.19
1748224800,2562.00
1748228400,2551.29
1748232000,2560.81
1748235600,2563.99
1748239200,2570.54
1748242800,2585.49
1748246400,2579.08
1748250000,2570.80
1748253600,2561.31
1748257200,2558.00
1748260800,2565.97
1748264400,2569.72
1748268000,2554.68
1748271600,2548.68
1748275200,2568.91
1748278800,2548.10
1748282400,2534.88
1748286000,2536.20
1748289600,2538.21
1748293200,2561.87
1748296800,2562.50
1748300400,2558.29
1748304000,2561.79
1748307600,2545.20
1748311200,2533.55
1748314800,2542.58
1748318400,2551.40
1748322000,2559.13
1748325600,2583.48
1748329200,2575.10
1748332800,2622.41
1748336400,2640.00
1748340000,2636.19
1748343600,2638.90
1748347200,2646.29
1748350800,2648.30
1748354400,2661.60
1748358000,2660.55
1748361600,2670.69
1748365200,2680.60
1748368800,2698.99
1748372400,2680.87
1748376000,2689.31
1748379600,2673.90
1748383200,2669.36
1748386800,2661.62
1748390400,2659.77
1748394000,2654.94
1748397600,2631.23
1748401200,2635.12
1748404800,2645.10
1748408400,2644.88
1748412000,2634.51
1748415600,2631.41
1748419200,2639.27
1748422800,2642.40
1748426400,2615.90
1748430000,2648.73
1748433600,2655.44
1748437200,2664.60
1748440800,2650.63
1748444400,2636.81
1748448000,2632.67
1748451600,2655.40
1748455200,2656.61
1748458800,2645.51
1748462400,2626.69
1748466000,2632.00
1748469600,2651.55
1748473200,2653.79
1748476800,2678.50
1748480400,2709.87
1748484000,2710.37
1748487600,2765.60
1748491200,2766.02
1748494800,2728.83
1748498400,2726.60
1748502000,2721.91
1748505600,2718.19
1748509200,2717.51
1748512800,2731.20
1748516400,2729.39
1748520000,2715.16
1748523600,2699.29
1748527200,2662.81
1748530800,2667.48
1748534400,2646.55
1748538000,2641.98
1748541600,2664.00
1748545200,2655.91
1748548800,2651.53
1748552400,2645.63
1748556000,2661.55
1748559600,2646.00
1748563200,2634.12
1748566800,2582.37
1748570400,2611.32
1748574000,2630.17
1748577600,2626.89
1748581200,2638.05
1748584800,2640.20
1748588400,2627.53
1748592000,2616.96
1748595600,2619.01
1748599200,2615.36
1748602800,2623.38
1748606400,2625.10
1748610000,2617.57
1748613600,2583.73
1748617200,2604.80
1748620800,2595.50
1748624400,2550.80
1748628000,2550.08
1748631600,2580.14
1748635200,2570.60
1748638800,2580.52
1748642400,2570.80
1748646000,2535.00
1748649600,2528.23
1748653200,2513.88
1748656800,2487.76
1748660400,2493.16
1748664000,2510.33
1748667600,2521.90
1748671200,2516.50
1748674800,2523.66
1748678400,2525.40
1748682000,2527.51
1748685600,2522.00
1748689200,2521.81
1748692800,2521.12
1748696400,2542.79
1748700000,2540.39
1748703600,2545.01
1748707200,2536.21
1748710800,2537.77
1748714400,2532.35
1748718000,2542.30
1748721600,2537.98
1748725200,2548.31
1748728800,2540.81
1748732400,2527.63
1748736000,2525.60
1748739600,2524.42
1748743200,2501.61
1748746800,2505.48
1748750400,2514.50
1748754000,2525.90
1748757600,2518.33
1748761200,2511.71
1748764800,2506.36
1748768400,2504.83
1748772000,2491.51
1748775600,2494.02
1748779200,2497.35
1748782800,2483.00
1748786400,2500.84
1748790000,2511.39
1748793600,2524.69
1748797200,2542.51
1748800800,2533.07
1748804400,2520.40
1748808000,2527.10
1748811600,2528.09
1748815200,2546.92
1748818800,2542.20
1748822400,2540.36
1748826000,2537.18
1748829600,2522.90
1748833200,2506.71
1748836800,2498.49
1748840400,2491.40
1748844000,2499.80
1748847600,2505.21
1748851200,2508.91
1748854800,2492.98
1748858400,2479.46
1748862000,2482.61
1748865600,2482.47
1748869200,2498.81
1748872800,2509.57
1748876400,2525.41
1748880000,2542.41
1748883600,2545.81
1748887200,2550.49
1748890800,2548.21
1748894400,2540.91
1748898000,2545.71
1748901600,2572.90
1748905200,2596.67
1748908800,2608.76
1748912400,2625.92
1748916000,2643.51
1748919600,2617.77
1748923200,2604.30
1748926800,2599.97
1748930400,2614.84
1748934000,2621.28
1748937600,2612.99
1748941200,2608.40
1748944800,2614.49
1748948400,2617.11
1748952000,2602.21
1748955600,2617.99
1748959200,2624.40
1748962800,2641.28
1748966400,2620.49
1748970000,2614.64
1748973600,2614.22
1748977200,2624.60
1748980800,2623.03
1748984400,2612.40
1748988000,2594.62
1748991600,2605.99
1748995200,2600.51
1748998800,2607.80
1749002400,2620.71
1749006000,2620.42
1749009600,2631.50
1749013200,2643.58
1749016800,2631.59
1749020400,2631.92
1749024000,2631.09
1749027600,2639.79
1749031200,2643.49
1749034800,2638.40
1749038400,2629.79
1749042000,2616.02
1749045600,2602.27
1749049200,2637.01
1749052800,2665.82
1749056400,2655.01
1749060000,2641.71
1749063600,2632.30
1749067200,2622.18
1749070800,2601.21
1749074400,2617.29
1749078000,2605.95
1749081600,2611.81
1749085200,2615.30
1749088800,2612.88
1749092400,2620.44
1749096000,2627.73
1749099600,2628.61
1749103200,2615.74
1749106800,2608.41
1749110400,2608.09
1749114000,2609.90
1749117600,2611.04
1749121200,2599.45
1749124800,2611.71
1749128400,2636.49
1749132000,2594.10
1749135600,2589.28
1749139200,2589.70
1749142800,2565.00
1749146400,2570.59
1749150000,2571.40
1749153600,2534.74
1749157200,2418.51
1749160800,2421.31
1749164400,2432.90
1749168000,2409.35
1749171600,2423.60
1749175200,2422.91
1749178800,2431.80
1749182400,2458.00
1749186000,2462.10
1749189600,2458.16
1749193200,2462.71
1749196800,2461.39
1749200400,2464.11
1749204000,2472.89
1749207600,2486.15
1749211200,2481.18
1749214800,2480.01
1749218400,2500.29
1749222000,2518.00
1749225600,2515.41
1749229200,2494.51
1749232800,2502.21
1749236400,2500.91
1749240000,2487.60
1749243600,2496.30
1749247200,2490.59
1749250800,2481.30
1749254400,2477.39
1749258000,2476.08
1749261600,2472.80
1749265200,2486.10
1749268800,2487.82
1749272400,2489.51
1749276000,2492.39
1749279600,2493.32
1749283200,2492.80
1749286800,2487.10
1749290400,2490.20
1749294000,2496.20
1749297600,2497.90
1749301200,2496.01
1749304800,2511.73
1749308400,2518.01
1749312000,2523.10
1749315600,2514.11
1749319200,2516.80
1749322800,2520.51
1749326400,2524.61
1749330000,2524.11
1749333600,2524.00
1749337200,2530.70
1749340800,2523.80
1749344400,2515.39
1749348000,2514.62
1749351600,2510.51
1749355200,2511.04
1749358800,2515.01
1749362400,2512.70
1749366000,2515.59
1749369600,2517.89
1749373200,2517.55
1749376800,2496.99
1749380400,2509.19
1749384000,2512.02
1749387600,2508.60
1749391200,2507.05
1749394800,2517.10
1749398400,2518.99
1749402000,2534.50
1749405600,2523.21
1749409200,2533.84
1749412800,2532.88
1749416400,2536.20
1749420000,2536.10
1749423600,2502.99
1749427200,2511.71
1749430800,2502.50
1749434400,2498.01
1749438000,2493.27
1749441600,2497.71
1749445200,2484.00
1749448800,2482.78
1749452400,2491.22
1749456000,2493.10
1749459600,2494.97
1749463200,2511.39
1749466800,2532.29
1749470400,2539.03
1749474000,2545.68
1749477600,2520.49
1749481200,2536.82
1749484800,2541.42
1749488400,2567.30
1749492000,2573.76
1749495600,2582.49
1749499200,2583.55
1749502800,2609.79
1749506400,2648.50
1749510000,2663.90
1749513600,2682.93
1749517200,2708.91
1749520800,2703.99
1749524400,2687.40
1749528000,2692.34
1749531600,2688.70
1749535200,2661.00
1749538800,2673.59
1749542400,2682.66
1749546000,2675.92
1749549600,2691.51
1749553200,2693.29
1749556800,2771.80
1749560400,2773.15
1749564000,2735.00
1749567600,2739.10
1749571200,2742.99
1749574800,2739.50
1749578400,2737.40
1749582000,2759.30
1749585600,2758.73
1749589200,2764.16
1749592800,2792.10
1749596400,2803.80
1749600000,2820.60
1749603600,2795.70
1749607200,2789.00
1749610800,2786.37
1749614400,2794.69
1749618000,2795.89
1749621600,2798.10
1749625200,2796.81
1749628800,2791.00
1749632400,2766.69
1749636000,2761.11
1749639600,2769.22
1749643200,2778.57
1749646800,2802.50
1749650400,2793.28
1749654000,2844.40
1749657600,2861.10
1749661200,2846.82
1749664800,2820.06
1749668400,2817.29
1749672000,2796.80
1749675600,2818.90
1749679200,2772.60
1749682800,2767.00
1749686400,2770.04
1749690000,2766.67
1749693600,2783.38
1749697200,2755.50
1749700800,2765.84
1749704400,2754.53
1749708000,2761.08
1749711600,2770.27
1749715200,2739.70
1749718800,2757.71
1749722400,2747.60
1749726000,2751.90
1749729600,2735.60
1749733200,2743.30
1749736800,2751.40
1749740400,2770.49
1749744000,2723.31
1749747600,2749.09
1749751200,2761.50
1749754800,2738.60
1749758400,2697.10
1749762000,2646.81
1749765600,2646.10
1749769200,2645.37
1749772800,2613.03
1749776400,2505.22
1749780000,2488.08
1749783600,2482.95
1749787200,2506.13
1749790800,2511.09
1749794400,2509.09
1749798000,2522.26
1749801600,2529.90
1749805200,2519.40
1749808800,2514.72
1749812400,2536.63
1749816000,2558.49
1749819600,2542.41
1749823200,2538.49
1749826800,2533.69
1749830400,2555.40
1749834000,2556.40
1749837600,2533.41
1749841200,2530.11
1749844800,2527.46
1749848400,2545.50
1749852000,2565.70
1749855600,2578.10
1749859200,2573.61
1749862800,2555.91
1749866400,2559.39
1749870000,2558.15
1749873600,2549.96
1749877200,2552.00
1749880800,2553.81
1749884400,2541.63
1749888000,2533.99
1749891600,2533.44
1749895200,2525.87
1749898800,2534.65
1749902400,2537.81
1749906000,2545.40
1749909600,2534.48
1749913200,2532.49
1749916800,2526.16
1749920400,2500.11
1749924000,2517.50
1749927600,2509.78
1749931200,2507.96
1749934800,2508.22
1749938400,2534.01
1749942000,2529.10
1749945600,2532.25
1749949200,2537.47
1749952800,2533.74
1749956400,2530.80
1749960000,2532.77
1749963600,2542.53
1749967200,2545.90
1749970800,2535.29
1749974400,2528.39
1749978000,2516.95
1749981600,2516.28
1749985200,2522.00
1749988800,2518.00
1749992400,2525.38
1749996000,2539.08
1749999600,2546.19
1750003200,2545.70
1750006800,2550.30
1750010400,2551.10
1750014000,2548.39
1750017600,2534.35
1750021200,2506.70
1750024800,2531.39
1750028400,2545.53
1750032000,2548.26
1750035600,2544.80
1750039200,2567.83
1750042800,2569.09
1750046400,2570.28
1750050000,2577.99
1750053600,2604.80
1750057200,2625.30
1750060800,2627.69
1750064400,2629.01
1750068000,2626.94
1750071600,2610.89
1750075200,2611.00
1750078800,2617.30
1750082400,2641.01
1750086000,2639.20
1750089600,2632.71
1750093200,2639.50
1750096800,2636.07
1750100400,2651.57
1750104000,2658.64
1750107600,2666.60
1750111200,2654.67
1750114800,2570.90
1750118400,2537.00
1750122000,2585.44
1750125600,2578.00
1750129200,2603.70
1750132800,2609.07
1750136400,2594.25
1750140000,2581.31
1750143600,2584.82
1750147200,2583.61
1750150800,2575.43
1750154400,2563.98
1750158000,2551.00
1750161600,2555.61
1750165200,2551.40
1750168800,2551.41
1750172400,2529.89
1750176000,2497.61
1750179600,2459.86
1750183200,2472.69
1750186800,2510.00
1750190400,2532.01
1750194000,2512.89
1750197600,2514.18
1750201200,2501.59
1750204800,2515.50
1750208400,2531.05
1750212000,2521.21
1750215600,2515.40
1750219200,2528.39
1750222800,2536.89
1750226400,2535.32
1750230000,2526.42
1750233600,2538.49
1750237200,2540.61
1750240800,2522.10
1750244400,2494.97
1750248000,2509.98
1750251600,2484.50
1750255200,2524.21
1750258800,2516.01
1750262400,2508.70
1750266000,2492.90
1750269600,2486.19
1750273200,2490.39
1750276800,2492.77
1750280400,2527.46
1750284000,2534.71
1750287600,2530.58
1750291200,2522.79
1750294800,2516.34
1750298400,2519.80
1750302000,2519.59
1750305600,2524.10
1750309200,2524.51
1750312800,2526.99
1750316400,2524.60
1750320000,2522.30
1750323600,2527.19
1750327200,2539.12
1750330800,2536.60
1750334400,2529.89
1750338000,2525.01
1750341600,2515.24
1750345200,2502.90
1750348800,2499.00
1750352400,2488.41
1750356000,2513.08
1750359600,2506.54
1750363200,2508.08
1750366800,2509.41
1750370400,2514.20
1750374000,2522.21
1750377600,2522.20
1750381200,2524.33
1750384800,2526.88
1750388400,2515.51
1750392000,2515.80
1750395600,2507.19
1750399200,2521.04
1750402800,2522.39
1750406400,2556.70
1750410000,2553.36
1750413600,2553.81
1750417200,2551.74
1750420800,2554.40
1750424400,2556.66
1750428000,2539.80
1750431600,2495.71
1750435200,2493.70
1750438800,2483.04
1750442400,2416.30
1750446000,2412.42
1750449600,2421.94
1750453200,2421.10
1750456800,2413.51
1750460400,2386.71
1750464000,2402.22
1750467600,2411.19
1750471200,2428.08
1750474800,2429.86
1750478400,2426.54
1750482000,2423.38
1750485600,2425.80
1750489200,2425.00
1750492800,2429.71
1750496400,2437.43
1750500000,2446.70
1750503600,2437.06
1750507200,2443.56
1750510800,2439.88
1750514400,2425.20
1750518000,2425.20
1750521600,2422.09
1750525200,2419.44
1750528800,2403.51
1750532400,2387.90
1750536000,2384.11
1750539600,2401.60
1750543200,2287.20
1750546800,2281.91
1750550400,2306.30
1750554000,2293.72
1750557600,2284.80
1750561200,2271.48
1750564800,2270.52
1750568400,2288.99
1750572000,2288.18
1750575600,2288.88
1750579200,2276.85
1750582800,2278.20
1750586400,2246.72
1750590000,2264.23
1750593600,2273.64
1750597200,2280.36
1750600800,2204.10
1750604400,2200.31
1750608000,2178.66
1750611600,2190.76
1750615200,2198.67
1750618800,2176.80
1750622400,2182.01
1750626000,2187.72
1750629600,2193.83
1750633200,2226.51
1750636800,2224.65
1750640400,2237.59
1750644000,2243.76
1750647600,2240.52
1750651200,2234.10
1750654800,2236.82
1750658400,2253.70
1750662000,2259.48
1750665600,2261.78
1750669200,2258.53
1750672800,2252.17
1750676400,2249.52
1750680000,2249.95
1750683600,2262.18
1750687200,2308.10
1750690800,2284.30
1750694400,2246.75
1750698000,2230.43
1750701600,2287.41
1750705200,2304.00
1750708800,2308.71
1750712400,2352.37
1750716000,2374.33
1750719600,2408.00
1750723200,2415.42
1750726800,2401.67
1750730400,2410.28
1750734000,2393.41
1750737600,2402.04
1750741200,2404.01
1750744800,2419.53
1750748400,2427.60
1750752000,2391.99
1750755600,2403.81
1750759200,2414.50
1750762800,2418.12
1750766400,2414.41
1750770000,2414.63
1750773600,2429.69
1750777200,2445.40
1750780800,2445.36
1750784400,2471.11
1750788000,2452.70
1750791600,2440.02
1750795200,2434.15
1750798800,2441.52
1750802400,2437.93
1750806000,2439.60
1750809600,2446.93
1750813200,2460.96
1750816800,2459.16
1750820400,2453.27
1750824000,2446.31
1750827600,2439.99
1750831200,2428.92
1750834800,2446.44
1750838400,2442.24
1750842000,2442.67
1750845600,2420.59
1750849200,2428.34
1750852800,2424.12
1750856400,2428.14
1750860000,2438.26
1750863600,2419.19
1750867200,2415.79
1750870800,2412.70
1750874400,2423.19
1750878000,2422.94
1750881600,2433.99
1750885200,2446.81
1750888800,2424.58
1750892400,2410.14
1750896000,2419.80
1750899600,2427.36
1750903200,2470.07
1750906800,2517.26
1750910400,2485.92
1750914000,2480.16
1750917600,2480.74
1750921200,2485.40
1750924800,2496.63
1750928400,2487.96
1750932000,2460.99
1750935600,2453.53
1750939200,2451.85
1750942800,2443.14
1750946400,2437.73
1750950000,2445.60
1750953600,2435.95
1750957200,2434.99
1750960800,2427.59
1750964400,2428.96
1750968000,2432.75
1750971600,2443.07
1750975200,2420.80
1750978800,2412.40
1750982400,2418.97
1750986000,2405.30
1750989600,2427.60
1750993200,2441.04
1750996800,2447.28
1751000400,2447.41
1751004000,2442.53
1751007600,2448.72
1751011200,2442.66
1751014800,2446.41
1751018400,2460.95
1751022000,2450.22
1751025600,2446.29
1751029200,2431.89
1751032800,2436.24
1751036400,2422.66
1751040000,2438.58
1751043600,2425.91
1751047200,2403.30
1751050800,2398.32
1751054400,2416.08
1751058000,2426.37
1751061600,2421.90
1751065200,2425.44
1751068800,2422.20
1751072400,2418.00
1751076000,2417.61
1751079600,2421.13
1751083200,2422.44
1751086800,2426.83
1751090400,2424.60
1751094000,2427.00
1751097600,2429.40
1751101200,2426.19
1751104800,2429.52
1751108400,2428.36
1751112000,2428.43
1751115600,2429.64
1751119200,2425.52
1751122800,2427.31
1751126400,2437.39
1751130000,2436.24
1751133600,2442.19
1751137200,2437.44
1751140800,2435.88
1751144400,2431.78
1751148000,2438.40
1751151600,2442.84
1751155200,2435.88
1751158800,2437.92
1751162400,2426.29
1751166000,2432.63
1751169600,2429.03
1751173200,2429.01
1751176800,2435.39
1751180400,2436.96
1751184000,2444.41
1751187600,2442.47
1751191200,2451.95
1751194800,2457.59
1751198400,2460.40
1751202000,2456.56
1751205600,2447.04
1751209200,2440.79
1751212800,2439.12
1751216400,2440.56
1751220000,2437.72
1751223600,2435.29
1751227200,2437.80
1751230800,2419.92
1751234400,2445.83
1751238000,2518.45
1751241600,2501.02
1751245200,2517.70
1751248800,2508.70
1751252400,2505.05
1751256000,2502.82
1751259600,2500.54
1751263200,2502.57
1751266800,2465.10
1751270400,2483.11
1751274000,2469.28
1751277600,2451.73
1751281200,2456.12
1751284800,2460.84
1751288400,2462.29
1751292000,2463.68
1751295600,2443.66
1751299200,2470.07
1751302800,2477.85
1751306400,2496.48
1751310000,2494.41
1751313600,2505.99
1751317200,2500.94
1751320800,2493.59
1751324400,2488.68
1751328000,2488.19
1751331600,2493.66
1751335200,2489.28
1751338800,2485.93
1751342400,2484.51
1751346000,2466.48
1751349600,2458.62
1751353200,2463.50
1751356800,2461.92
1751360400,2456.31
1751364000,2460.51
1751367600,2458.40
1751371200,2453.16
1751374800,2439.99
1751378400,2446.21
1751382000,2424.89
1751385600,2422.26
1751389200,2419.80
1751392800,2430.25
1751396400,2412.48
1751400000,2401.60
1751403600,2412.12
1751407200,2409.61
1751410800,2394.58
1751414400,2406.33
1751418000,2399.42
1751421600,2413.93
1751425200,2417.86
1751428800,2427.75
1751432400,2437.18
1751436000,2444.39
1751439600,2453.10
1751443200,2452.81
1751446800,2447.70
1751450400,2445.90
1751454000,2454.95
1751457600,2446.92
1751461200,2446.62
1751464800,2453.41
1751468400,2471.90
1751472000,2506.00
1751475600,2566.50
1751479200,2572.53
1751482800,2582.03
1751486400,2600.65
1751490000,2589.89
1751493600,2596.75
1751497200,2594.20
1751500800,2578.27
1751504400,2572.80
1751508000,2577.30
1751511600,2566.68
1751515200,2561.78
1751518800,2569.82
1751522400,2589.08
1751526000,2599.03
1751529600,2602.62
1751533200,2589.80
1751536800,2597.22
1751540400,2599.35
1751544000,2597.98
1751547600,2592.24
1751551200,2625.10
1751554800,2587.42
1751558400,2569.31
1751562000,2576.54
1751565600,2584.69
1751569200,2591.80
1751572800,2587.94
1751576400,2603.04
1751580000,2600.36
1751583600,2598.83
1751587200,2594.26
1751590800,2592.80
1751594400,2592.51
1751598000,2576.08
1751601600,2580.71
1751605200,2574.52
1751608800,2565.99
1751612400,2565.16
1751616000,2537.60
1751619600,2551.12
1751623200,2556.41
1751626800,2550.11
1751630400,2550.79
1751634000,2548.74
1751637600,2523.44
1751641200,2518.50
1751644800,2488.70
1751648400,2497.11
1751652000,2494.25
1751655600,2485.76
1751659200,2483.90
1751662800,2491.97
1751666400,2497.54
1751670000,2517.29
1751673600,2511.91
1751677200,2516.26
1751680800,2512.21
1751684400,2521.74
1751688000,2516.80
1751691600,2514.84
1751695200,2519.90
1751698800,2528.37
1751702400,2521.21
1751706000,2515.02
1751709600,2521.97
1751713200,2521.99
1751716800,2515.79
1751720400,2519.21
1751724000,2516.80
1751727600,2518.12
1751731200,2510.22
1751734800,2504.32
1751738400,2503.38
1751742000,2491.01
1751745600,2508.48
1751749200,2508.49
1751752800,2515.42
1751756400,2522.20
1751760000,2516.59
1751763600,2519.66
1751767200,2519.26
1751770800,2512.91
1751774400,2517.42
1751778000,2511.61
1751781600,2509.91
1751785200,2524.05
1751788800,2517.06
1751792400,2514.72
1751796000,2508.91
1751799600,2509.91
1751803200,2515.83
1751806800,2518.90
1751810400,2559.96
1751814000,2560.19
1751817600,2556.72
1751821200,2549.53
1751824800,2546.31
1751828400,2537.08
1751832000,2544.22
1751835600,2547.81
1751839200,2599.00
1751842800,2572.69
1751846400,2571.77
1751850000,2555.58
1751853600,2570.61
1751857200,2576.00
1751860800,2580.99
1751864400,2577.50
1751868000,2565.92
1751871600,2565.98
1751875200,2578.80
1751878800,2579.72
1751882400,2567.37
1751886000,2561.08
1751889600,2562.49
1751893200,2550.65
1751896800,2566.85
1751900400,2534.01
1751904000,2537.99
1751907600,2519.08
1751911200,2534.47
1751914800,2543.01
1751918400,2537.26
1751922000,2536.38
1751925600,2532.43
1751929200,2539.15
1751932800,2543.97
1751936400,2536.52
1751940000,2527.70
1751943600,2530.59
1751947200,2536.02
1751950800,2545.62
1751954400,2554.38
1751958000,2556.91
1751961600,2552.60
1751965200,2546.32
1751968800,2552.15
1751972400,2569.30
1751976000,2577.39
1751979600,2583.39
1751983200,2585.52
1751986800,2565.68
1751990400,2569.09
1751994000,2581.41
1751997600,2620.00
1752001200,2619.12
1752004800,2607.99
1752008400,2604.12
1752012000,2609.58
1752015600,2610.45
1752019200,2612.41
1752022800,2617.35
1752026400,2608.79
1752030000,2606.64
1752033600,2592.12
1752037200,2608.29
1752040800,2624.59
1752044400,2630.29
1752048000,2626.44
1752051600,2611.67
1752055200,2609.68
1752058800,2621.21
1752062400,2629.34
1752066000,2664.93
1752069600,2652.09
1752073200,2652.14
1752076800,2658.19
1752080400,2664.48
1752084000,2667.08
1752087600,2721.19
1752091200,2757.58
1752094800,2744.51
1752098400,2765.00
1752102000,2776.42
1752105600,2772.56
1752109200,2761.11
1752112800,2778.30
1752116400,2786.28
1752120000,2772.58
1752123600,2780.57
1752127200,2785.50
1752130800,2799.62
1752134400,2791.67
1752138000,2787.51
1752141600,2775.72
1752145200,2781.80
1752148800,2775.98
1752152400,2782.50
1752156000,2779.81
1752159600,2775.22
1752163200,2772.45
1752166800,2809.19
1752170400,2833.61
1752174000,2816.61
1752177600,2821.28
1752181200,2826.46
1752184800,2960.84
1752188400,2962.36
1752192000,2952.41
1752195600,2940.08
1752199200,2953.08
1752202800,2967.59
1752206400,2969.05
1752210000,2975.11
1752213600,3009.31
1752217200,2982.78
1752220800,2976.04
1752224400,2999.40
1752228000,3008.66
1752231600,3005.70
1752235200,2990.01
1752238800,2996.21
1752242400,2998.38
1752246000,2992.59
1752249600,2957.09
1752253200,2972.71
1752256800,2992.60
1752260400,2989.07
1752264000,3000.39
1752267600,2983.30
1752271200,2971.40
1752274800,2956.65
1752278400,2960.21
1752282000,2958.83
1752285600,2962.50
1752289200,2961.90
1752292800,2970.01
1752296400,2950.26
1752300000,2954.90
1752303600,2963.88
1752307200,2969.20
1752310800,2966.36
1752314400,2972.30
1752318000,2974.31
1752321600,2966.38
1752325200,2938.01
1752328800,2934.45
1752332400,2928.58
1752336000,2920.10
1752339600,2928.15
1752343200,2941.10
1752346800,2945.09
1752350400,2941.22
1752354000,2924.11
1752357600,2935.82
1752361200,2936.00
1752364800,2940.81
1752368400,2948.40
1752372000,2948.30
1752375600,2952.79
1752379200,2953.50
1752382800,2962.71
1752386400,2953.59
1752390000,2959.30
1752393600,2962.21
1752397200,2957.40
1752400800,2954.88
1752404400,2954.58
1752408000,2967.18
1752411600,2983.75
1752415200,2986.95
1752418800,2990.60
1752422400,2997.90
1752426000,2972.09
1752429600,2992.20
1752433200,2995.39
1752436800,2982.31
1752440400,2991.00
1752444000,2957.70
1752447600,2962.91
1752451200,2973.02
1752454800,2977.04
1752458400,2977.20
1752462000,3005.40
1752465600,3035.85
1752469200,3045.72
1752472800,3037.86
1752476400,3026.24
1752480000,3039.99
1752483600,3042.70
1752487200,3036.39
1752490800,3067.29
1752494400,3054.35
1752498000,3056.80
1752501600,3062.75
1752505200,3025.65
1752508800,3008.79
1752512400,3022.63
1752516000,3005.70
1752519600,2997.30
1752523200,2995.20
1752526800,3006.61
1752530400,3004.89
1752534000,3010.69
1752537600,3009.90
1752541200,2987.59
1752544800,2985.00
1752548400,2961.79
1752552000,2944.65
1752555600,2971.99
1752559200,2977.91
1752562800,2991.00
1752566400,2971.19
1752570000,2978.25
1752573600,2974.51
1752577200,2978.49
1752580800,2979.90
1752584400,3013.74
1752588000,3046.10
1752591600,2982.89
1752595200,3049.30
1752598800,3049.61
1752602400,3089.20
1752606000,3069.40
1752609600,3034.90
1752613200,3049.19
1752616800,3071.10
1752620400,3135.00
1752624000,3134.55
1752627600,3140.40
1752631200,3128.20
1752634800,3116.97
1752638400,3115.61
1752642000,3140.79
1752645600,3142.70
1752649200,3163.19
1752652800,3166.28
1752656400,3167.00
1752660000,3162.08
1752663600,3146.29
1752667200,3155.00
1752670800,3167.49
1752674400,3200.60
1752678000,3258.79
1752681600,3237.10
1752685200,3293.80
1752688800,3337.35
1752692400,3340.81
1752696000,3397.00
1752699600,3375.25
1752703200,3382.40
1752706800,3353.20
1752710400,3383.20
1752714000,3383.11
1752717600,3338.70
1752721200,3345.62
1752724800,3325.59
1752728400,3346.16
1752732000,3377.89
1752735600,3433.42
1752739200,3443.59
1752742800,3453.60
1752746400,3461.19
1752750000,3451.56
1752753600,3430.00
1752757200,3431.20
1752760800,3413.90
1752764400,3419.75
1752768000,3421.30
1752771600,3396.42
1752775200,3431.40
1752778800,3440.50
1752782400,3398.56
1752786000,3441.48
1752789600,3476.60
1752793200,3475.82
1752796800,3486.20
1752800400,3539.38
1752804000,3599.40
1752807600,3593.52
1752811200,3583.22
1752814800,3628.19
1752818400,3663.10
1752822000,3666.50
1752825600,3616.20
1752829200,3605.59
1752832800,3614.29
1752836400,3617.50
1752840000,3616.90
1752843600,3629.26
1752847200,3639.50
1752850800,3582.91
1752854400,3574.48
1752858000,3571.03
1752861600,3603.32
1752865200,3561.70
1752868800,3541.97
1752872400,3531.10
1752876000,3539.60
1752879600,3524.50
1752883200,3551.29
1752886800,3514.00
1752890400,3538.17
1752894000,3574.69
1752897600,3599.00
1752901200,3591.06
1752904800,3583.85
1752908400,3579.53
1752912000,3577.29
1752915600,3558.40
1752919200,3556.71
1752922800,3562.89
1752926400,3552.84
1752930000,3566.00
1752933600,3560.14
1752937200,3540.90
1752940800,3546.29
1752944400,3559.33
1752948000,3546.90
1752951600,3554.11
1752955200,3581.60
1752958800,3562.70
1752962400,3566.65
1752966000,3583.67
1752969600,3589.19
1752973200,3597.27
1752976800,3611.50
1752980400,3622.68
1752984000,3656.80
1752987600,3654.92
1752991200,3645.55
1752994800,3658.67
1752998400,3680.09
1753002000,3720.29
1753005600,3714.67
1753009200,3702.30
1753012800,3753.52
1753016400,3743.40
1753020000,3747.57
1753023600,3760.54
1753027200,3786.19
1753030800,3784.30
1753034400,3753.28
1753038000,3751.74
1753041600,3728.50
1753045200,3731.16
1753048800,3745.41
1753052400,3742.09
1753056000,3749.80
1753059600,3750.50
1753063200,3738.19
1753066800,3754.01
1753070400,3762.00
1753074000,3764.79
1753077600,3780.29
1753081200,3805.49
1753084800,3790.69
1753088400,3781.00
1753092000,3771.34
1753095600,3809.89
1753099200,3808.71
1753102800,3799.52
1753106400,3822.47
1753110000,3842.10
1753113600,3817.30
1753117200,3781.40
1753120800,3776.93
1753124400,3751.81
1753128000,3728.91
1753131600,3759.24
1753135200,3754.36
1753138800,3756.49
1753142400,3759.48
1753146000,3729.71
1753149600,3785.50
1753153200,3742.59
1753156800,3726.36
1753160400,3679.61
1753164000,3690.24
1753167600,3697.50
1753171200,3660.41
1753174800,3641.15
1753178400,3671.80
1753182000,3694.45
1753185600,3707.80
1753189200,3697.85
1753192800,3637.24
1753196400,3706.19
1753200000,3730.19
1753203600,3716.71
1753207200,3700.96
1753210800,3708.82
1753214400,3683.80
1753218000,3705.22
1753221600,3719.65
1753225200,3727.15
1753228800,3738.63
1753232400,3720.12
1753236000,3736.91
1753239600,3742.60
1753243200,3732.79
1753246800,3728.59
1753250400,3715.49
1753254000,3699.46
1753257600,3670.68
1753261200,3691.33
1753264800,3655.10
1753268400,3666.48
1753272000,3673.90
1753275600,3649.99
1753279200,3607.44
1753282800,3613.40
1753286400,3638.49
1753290000,3584.53
1753293600,3597.42
1753297200,3603.50
1753300800,3597.89
1753304400,3572.59
1753308000,3590.49
1753311600,3622.31
1753315200,3619.79
1753318800,3645.61
1753322400,3649.82
1753326000,3656.11
1753329600,3650.87
1753333200,3607.49
1753336800,3566.10
1753340400,3518.35
1753344000,3583.80
1753347600,3642.60
1753351200,3658.18
1753354800,3629.64
1753358400,3660.52
1753362000,3643.64
1753365600,3641.50
1753369200,3741.59
1753372800,3724.67
1753376400,3709.72
1753380000,3715.49
1753383600,3752.12
1753387200,3726.09
1753390800,3742.80
1753394400,3727.90
1753398000,3713.23
1753401600,3688.68
1753405200,3657.60
1753408800,3681.53
1753412400,3611.56
1753416000,3603.31
1753419600,3650.81
1753423200,3626.92
1753426800,3624.82
1753430400,3640.00
1753434000,3654.84
1753437600,3732.10
1753441200,3727.41
1753444800,3726.43
1753448400,3699.20
1753452000,3693.20
1753455600,3637.21
1753459200,3639.45
1753462800,3637.30
1753466400,3642.98
1753470000,3654.46
1753473600,3647.48
1753477200,3695.60
1753480800,3723.01
1753484400,3715.79
1753488000,3721.00
1753491600,3721.30
1753495200,3710.29
1753498800,3740.54
1753502400,3739.55
1753506000,3743.66
1753509600,3748.99
1753513200,3742.86
1753516800,3745.01
1753520400,3762.39
1753524000,3758.91
1753527600,3764.68
1753531200,3735.19
1753534800,3747.40
1753538400,3744.29
1753542000,3735.31
1753545600,3735.15
1753549200,3728.31
1753552800,3730.08
1753556400,3745.09
1753560000,3746.71
1753563600,3742.92
1753567200,3758.89
1753570800,3755.68
1753574400,3737.67
1753578000,3754.05
1753581600,3758.30
1753585200,3784.24
1753588800,3777.35
1753592400,3790.15
1753596000,3791.50
1753599600,3775.09
1753603200,3772.26
1753606800,3772.90
1753610400,3774.01
1753614000,3816.91
1753617600,3824.20
1753621200,3828.60
1753624800,3815.12
1753628400,3812.79
1753632000,3828.72
1753635600,3819.49
1753639200,3845.82
1753642800,3844.40
1753646400,3839.73
1753650000,3826.90
1753653600,3841.79
1753657200,3855.70
1753660800,3867.59
1753664400,3853.09
1753668000,3847.83
1753671600,3889.61
1753675200,3886.41
1753678800,3902.64
1753682400,3930.59
1753686000,3907.32
1753689600,3892.09
1753693200,3890.04
1753696800,3895.61
1753700400,3890.21
1753704000,3874.66
1753707600,3864.21
1753711200,3835.80
1753714800,3788.69
1753718400,3803.40
1753722000,3810.21
1753725600,3765.00
1753729200,3796.62
1753732800,3796.39
1753736400,3794.81
1753740000,3791.90
1753743600,3782.30
1753747200,3799.39
1753750800,3781.18
1753754400,3762.42
1753758000,3769.71
1753761600,3794.39
1753765200,3784.28
1753768800,3807.01
1753772400,3837.30
1753776000,3878.80
1753779600,3874.09
1753783200,3866.60
1753786800,3824.28
1753790400,3838.21
1753794000,3854.80
1753797600,3818.59
1753801200,3773.49
1753804800,3768.40
1753808400,3756.19
1753812000,3765.19
1753815600,3772.12
1753819200,3756.30
1753822800,3759.39
1753826400,3772.22
1753830000,3789.02
1753833600,3787.20
1753837200,3779.38
1753840800,3785.39
1753844400,3812.77
1753848000,3821.42
1753851600,3812.53
1753855200,3815.23
1753858800,3828.44
1753862400,3814.36
1753866000,3812.72
1753869600,3795.20
1753873200,3778.19
1753876800,3760.30
1753880400,3768.83
1753884000,3769.99
1753887600,3807.79
1753891200,3788.35
1753894800,3799.38
1753898400,3799.61
1753902000,3708.39
1753905600,3774.45
1753909200,3768.40
1753912800,3765.34
1753916400,3780.61
1753920000,3804.18
1753923600,3841.40
1753927200,3832.92
1753930800,3857.74
1753934400,3860.50
1753938000,3868.11
1753941600,3859.81
1753945200,3869.31
1753948800,3861.19
1753952400,3861.40
1753956000,3861.51
1753959600,3856.72
1753963200,3841.98
1753966800,3823.01
1753970400,3803.90
1753974000,3774.17
1753977600,3791.08
1753981200,3786.90
1753984800,3769.14
1753988400,3773.52
1753992000,3735.87
1753995600,3744.61
1753999200,3722.51
1754002800,3717.98
1754006400,3689.88
1754010000,3678.92
1754013600,3681.53
1754017200,3709.76
1754020800,3689.78
1754024400,3687.74
1754028000,3672.81
1754031600,3657.43
1754035200,3629.68
1754038800,3633.01
1754042400,3621.61
1754046000,3607.89
1754049600,3645.81
1754053200,3672.50
1754056800,3581.71
1754060400,3619.41
1754064000,3616.40
1754067600,3567.72
1754071200,3549.60
1754074800,3544.35
1754078400,3516.12
1754082000,3550.01
1754085600,3530.52
1754089200,3451.55
1754092800,3485.41
1754096400,3516.50
1754100000,3516.98
1754103600,3526.90
1754107200,3528.01
1754110800,3532.00
1754114400,3507.82
1754118000,3486.79
1754121600,3516.11
1754125200,3496.79
1754128800,3491.40
1754132400,3496.80
1754136000,3500.59
1754139600,3507.19
1754143200,3511.49
1754146800,3482.40
1754150400,3460.79
1754154000,3475.78
1754157600,3424.40
1754161200,3384.40
1754164800,3393.01
1754168400,3432.39
1754172000,3423.06
1754175600,3402.90
1754179200,3403.19
1754182800,3404.40
1754186400,3424.29
1754190000,3443.40
1754193600,3436.74
1754197200,3448.12
1754200800,3445.09
1754204400,3446.01
1754208000,3458.20
1754211600,3459.33
1754215200,3469.81
1754218800,3490.02
1754222400,3484.29
1754226000,3496.89
1754229600,3488.93
1754233200,3468.17
1754236800,3476.64
1754240400,3491.77
1754244000,3487.19
1754247600,3494.71
1754251200,3489.21
1754254800,3491.21
1754258400,3501.50
1754262000,3507.49
1754265600,3496.49
1754269200,3546.48
1754272800,3533.45
1754276400,3566.88
1754280000,3562.91
1754283600,3536.93
1754287200,3531.80
1754290800,3541.71
1754294400,3557.52
1754298000,3558.60
1754301600,3551.26
1754305200,3560.93
1754308800,3552.78
1754312400,3572.80
1754316000,3641.59
1754319600,3645.88
1754323200,3658.29
1754326800,3691.19
1754330400,3686.22
1754334000,3677.49
1754337600,3661.20
1754341200,3702.48
1754344800,3725.99
1754348400,3727.70
1754352000,3711.64
1754355600,3700.78
1754359200,3684.37
1754362800,3675.84
1754366400,3646.71
1754370000,3656.99
1754373600,3673.59
1754377200,3652.59
1754380800,3616.40
1754384400,3639.58
1754388000,3656.53
1754391600,3671.84
1754395200,3668.75
1754398800,3632.04
1754402400,3627.03
1754406000,3581.99
1754409600,3579.40
1754413200,3584.17
1754416800,3599.28
1754420400,3592.19
1754424000,3582.51
1754427600,3585.85
1754431200,3548.48
1754434800,3606.96
1754438400,3612.96
1754442000,3583.27
1754445600,3586.80
1754449200,3585.12
1754452800,3575.39
1754456400,3580.05
1754460000,3624.02
1754463600,3630.96
1754467200,3642.98
1754470800,3621.36
1754474400,3624.86
1754478000,3615.70
1754481600,3623.05
1754485200,3587.19
1754488800,3614.10
1754492400,3627.81
1754496000,3668.30
1754499600,3648.09
1754503200,3693.00
1754506800,3686.92
1754510400,3677.30
1754514000,3681.38
1754517600,3673.30
1754521200,3679.00
1754524800,3677.21
1754528400,3674.99
1754532000,3668.31
1754535600,3661.68
1754539200,3662.37
1754542800,3664.93
1754546400,3693.32
1754550000,3701.41
1754553600,3717.70
1754557200,3729.19
1754560800,3773.16
1754564400,3819.01
1754568000,3828.89
1754571600,3844.80
1754575200,3852.90
1754578800,3821.00
1754582400,3839.58
1754586000,3813.68
1754589600,3827.32
1754593200,3827.59
1754596800,3857.81
1754600400,3875.70
1754604000,3876.89
1754607600,3903.60
1754611200,3897.17
1754614800,3893.40
1754618400,3886.04
1754622000,3903.10
1754625600,3928.30
1754629200,3914.92
1754632800,3904.60
1754636400,3908.81
1754640000,3920.48
1754643600,3894.04
1754647200,3901.49
1754650800,3899.09
1754654400,3918.00
1754658000,3895.05
1754661600,4002.13
1754665200,3961.30
1754668800,3957.78
1754672400,3983.29
1754676000,4041.21
1754679600,4054.91
1754683200,4054.39
1754686800,4053.81
1754690400,4036.50
1754694000,4030.19
1754697600,4011.59
1754701200,4015.40
1754704800,4031.90
1754708400,4029.72
1754712000,4049.80
1754715600,4104.99
1754719200,4163.89
1754722800,4168.11
1754726400,4171.99
1754730000,4180.62
1754733600,4222.32
1754737200,4209.39
1754740800,4184.61
1754744400,4200.18
1754748000,4170.60
1754751600,4213.32
1754755200,4213.98
1754758800,4203.10
1754762400,4232.90
1754766000,4248.69
1754769600,4265.55
1754773200,4284.21
1754776800,4293.19
1754780400,4271.00
1754784000,4264.25
1754787600,4308.16
1754791200,4295.57
1754794800,4257.76
1754798400,4237.40
1754802000,4249.70
1754805600,4223.40
1754809200,4229.63
1754812800,4163.69
1754816400,4211.50
1754820000,4225.91
1754823600,4189.85
1754827200,4178.99
1754830800,4205.67
1754834400,4175.40
1754838000,4216.11
1754841600,4222.97
1754845200,4238.58
1754848800,4224.19
1754852400,4232.80
1754856000,4244.52
1754859600,4189.00
1754863200,4221.23
1754866800,4253.50
1754870400,4249.52
1754874000,4270.10
1754877600,4330.45
1754881200,4302.91
1754884800,4315.70
1754888400,4330.50
1754892000,4310.41
1754895600,4297.60
1754899200,4258.90
1754902800,4276.41
1754906400,4260.00
1754910000,4225.92
1754913600,4189.53
1754917200,4177.84
1754920800,4294.59
1754924400,4276.31
1754928000,4361.59
1754931600,4308.92
1754935200,4268.07
1754938800,4297.38
1754942400,4253.11
1754946000,4252.40
1754949600,4211.27
1754953200,4235.49
1754956800,4236.20
1754960400,4261.20
1754964000,4263.40
1754967600,4289.71
1754971200,4287.78
1754974800,4291.15
1754978400,4293.78
1754982000,4300.33
1754985600,4307.40
1754989200,4318.00
1754992800,4278.00
1754996400,4281.00
1755000000,4295.52
1755003600,4382.97
1755007200,4394.93
1755010800,4428.60
1755014400,4474.75
1755018000,4475.76
1755021600,4500.52
1755025200,4488.06
1755028800,4508.28
1755032400,4608.70
1755036000,4575.20
1755039600,4592.12
1755043200,4600.00
1755046800,4606.56
1755050400,4575.20
1755054000,4631.50
1755057600,4664.77
1755061200,4667.11
1755064800,4626.62
1755068400,4629.00
1755072000,4636.53
1755075600,4630.48
1755079200,4693.90
1755082800,4699.90
1755086400,4690.00
1755090000,4691.39
1755093600,4672.80
1755097200,4650.70
1755100800,4679.60
1755104400,4716.68
1755108000,4744.65
1755111600,4727.89
1755115200,4718.01
1755118800,4728.80
1755122400,4720.63
1755126000,4754.42
1755129600,4736.10
1755133200,4711.50
1755136800,4729.79
1755140400,4754.67
1755144000,4772.30
1755147600,4770.41
1755151200,4726.12
1755154800,4757.30
1755158400,4740.73
1755162000,4726.94
1755165600,4756.31
1755169200,4701.60
1755172800,4731.66
1755176400,4486.46
1755180000,4598.04
1755183600,4658.01
1755187200,4611.50
1755190800,4546.41
1755194400,4541.86
1755198000,4543.80
1755201600,4533.39
1755205200,4521.50
1755208800,4471.00
1755212400,4543.97
1755216000,4556.40
1755219600,4560.76
1755223200,4607.16
1755226800,4625.28
1755230400,4633.52
1755234000,4636.17
1755237600,4643.29
1755241200,4645.20
1755244800,4644.85
1755248400,4652.70
1755252000,4630.60
1755255600,4647.50
1755259200,4633.50
1755262800,4623.00
1755266400,4562.49
1755270000,4479.30
1755273600,4411.00
1755277200,4407.11
1755280800,4437.91
1755284400,4384.09
1755288000,4398.52
1755291600,4421.80
1755295200,4431.87
1755298800,4464.71
1755302400,4449.91
1755306000,4472.75
1755309600,4474.70
1755313200,4456.34
1755316800,4441.99
1755320400,4449.58
1755324000,4428.30
1755327600,4429.11
1755331200,4451.90
1755334800,4449.72
1755338400,4409.87
1755342000,4415.30
1755345600,4396.67
1755349200,4420.58
1755352800,4401.60
1755356400,4412.59
1755360000,4408.99
1755363600,4409.10
1755367200,4402.59
1755370800,4414.91
1755374400,4422.71
1755378000,4428.33
1755381600,4413.88
1755385200,4428.09
1755388800,4428.50
1755392400,4411.99
1755396000,4412.78
1755399600,4443.41
1755403200,4465.50
1755406800,4485.64
1755410400,4479.70
1755414000,4457.24
1755417600,4470.39
1755421200,4547.70
1755424800,4543.30
1755428400,4565.29
1755432000,4548.30
1755435600,4536.93
1755439200,4545.22
1755442800,4557.61
1755446400,4556.08
1755450000,4528.20
1755453600,4520.78
1755457200,4465.09
1755460800,4460.90
1755464400,4475.80
1755468000,4483.62
1755471600,4512.61
1755475200,4476.20
1755478800,4463.61
1755482400,4390.24
1755486000,4328.78
1755489600,4308.10
1755493200,4346.78
1755496800,4301.04
1755500400,4261.43
1755504000,4272.79
1755507600,4246.80
1755511200,4295.40
1755514800,4272.48
1755518400,4288.78
1755522000,4351.80
1755525600,4305.50
1755529200,4324.51
1755532800,4355.02
1755536400,4322.75
1755540000,4339.06
1755543600,4383.44
1755547200,4353.47
1755550800,4344.21
1755554400,4377.35
1755558000,4347.51
1755561600,4319.26
1755565200,4351.10
1755568800,4289.21
1755572400,4283.38
1755576000,4211.78
1755579600,4236.99
1755583200,4226.71
1755586800,4242.20
1755590400,4237.33
1755594000,4260.60
1755597600,4278.21
1755601200,4293.10
1755604800,4303.30
1755608400,4302.20
1755612000,4305.11
1755615600,4191.30
1755619200,4199.21
1755622800,4141.80
1755626400,4179.91
1755630000,4120.19
1755633600,4151.21
1755637200,4154.46
1755640800,4142.60
1755644400,4121.19
1755648000,4095.60
1755651600,4119.45
1755655200,4109.50
1755658800,4147.50
1755662400,4153.30
1755666000,4170.30
1755669600,4184.06
1755673200,4195.40
1755676800,4196.78
1755680400,4227.93
1755684000,4227.33
1755687600,4231.98
1755691200,4212.22
1755694800,4196.90
1755698400,4141.50
1755702000,4238.96
1755705600,4279.61
1755709200,4315.76
1755712800,4304.08
1755716400,4299.52
1755720000,4336.61
1755723600,4350.64
1755727200,4350.50
1755730800,4358.80
1755734400,4327.80
1755738000,4321.19
1755741600,4335.89
1755745200,4304.88
1755748800,4300.60
1755752400,4289.55
1755756000,4303.53
1755759600,4300.00
1755763200,4305.08
1755766800,4265.71
1755770400,4266.74
1755774000,4295.34
1755777600,4282.30
1755781200,4259.99
1755784800,4278.23
1755788400,4259.04
1755792000,4242.70
1755795600,4214.49
1755799200,4241.30
1755802800,4267.87
1755806400,4225.50
1755810000,4213.01
1755813600,4239.14
1755817200,4248.51
1755820800,4229.85
1755824400,4243.05
1755828000,4262.71
1755831600,4286.32
1755835200,4284.42
1755838800,4278.96
1755842400,4286.10
1755846000,4302.43
1755849600,4340.17
1755853200,4322.91
1755856800,4320.60
1755860400,4296.61
1755864000,4267.75
1755867600,4258.05
1755871200,4431.68
1755874800,4647.40
1755878400,4652.41
1755882000,4771.70
1755885600,4804.79
1755889200,4805.49
1755892800,4831.14
1755896400,4863.31
1755900000,4847.89
1755903600,4817.68
1755907200,4822.69
1755910800,4803.84
1755914400,4774.00
1755918000,4695.69
1755921600,4709.00
1755925200,4738.36
1755928800,4757.10
1755932400,4738.77
1755936000,4720.45
1755939600,4711.50
1755943200,4741.79
1755946800,4722.50
1755950400,4692.39
1755954000,4714.85
1755957600,4722.86
1755961200,4725.31
1755964800,4749.30
1755968400,4750.49
1755972000,4752.08
1755975600,4755.84
1755979200,4752.70
1755982800,4750.99
1755986400,4758.00
1755990000,4793.34
1755993600,4785.60
1755997200,4782.94
1756000800,4781.61
1756004400,4773.23
1756008000,4791.12
1756011600,4790.84
1756015200,4782.14
1756018800,4765.41
1756022400,4756.88
1756026000,4778.13
1756029600,4772.50
1756033200,4744.22
1756036800,4744.52
1756040400,4761.30
1756044000,4761.29
1756047600,4802.11
1756051200,4820.26
1756054800,4831.23
1756058400,4909.39
1756062000,4938.99
1756065600,4779.00
1756069200,4759.60
1756072800,4763.75
1756076400,4778.62
1756080000,4789.92
1756083600,4715.88
1756087200,4747.80
1756090800,4764.49
1756094400,4733.44
1756098000,4715.30
1756101600,4691.40
1756105200,4649.43
1756108800,4575.61
1756112400,4593.20
1756116000,4596.00
1756119600,4552.98
1756123200,4598.90
1756126800,4641.97
1756130400,4647.52
1756134000,4649.41
1756137600,4598.01
1756141200,4572.79
1756144800,4577.09
1756148400,4557.62
1756152000,4439.50
1756155600,4348.20
1756159200,4369.40
1756162800,4386.82
1756166400,4373.94
1756170000,4345.00
1756173600,4424.77
1756177200,4386.49
1756180800,4422.83
1756184400,4443.03
1756188000,4420.90
1756191600,4417.28
1756195200,4425.04
1756198800,4427.53
1756202400,4428.21
1756206000,4445.31
1756209600,4414.89
1756213200,4480.43
1756216800,4469.85
1756220400,4576.34
1756224000,4528.47
1756227600,4540.94
1756231200,4531.54
1756234800,4542.58
1756238400,4584.83
1756242000,4586.51
1756245600,4594.62
1756249200,4600.22
1756252800,4587.32
1756256400,4566.00
1756260000,4553.20
1756263600,4582.44
1756267200,4607.40
1756270800,4619.26
1756274400,4606.40
1756278000,4581.31
1756281600,4577.82
1756285200,4598.16
1756288800,4598.51
1756292400,4595.00
1756296000,4617.13
1756299600,4611.56
1756303200,4590.25
1756306800,4617.50
1756310400,4643.68
1756314000,4623.76
1756317600,4634.59
1756321200,4598.32
1756324800,4556.70
1756328400,4579.42
1756332000,4501.65
1756335600,4534.20
1756339200,4513.38
1756342800,4505.91
1756346400,4518.41
1756350000,4515.24
1756353600,4536.40
1756357200,4586.71
1756360800,4568.48
1756364400,4584.71
1756368000,4608.36
1756371600,4601.09
1756375200,4585.57
1756378800,4600.46
1756382400,4588.50
1756386000,4605.95
1756389600,4574.41
1756393200,4568.27
1756396800,4509.77
1756400400,4477.10
1756404000,4487.60
1756407600,4485.01
1756411200,4454.96
1756414800,4462.52
1756418400,4500.23
1756422000,4508.60
1756425600,4505.01
1756429200,4480.12
1756432800,4464.77
1756436400,4474.70
1756440000,4493.31
1756443600,4472.36
1756447200,4474.69
1756450800,4434.97
1756454400,4388.89
1756458000,4325.05
1756461600,4343.05
1756465200,4343.22
1756468800,4350.40
1756472400,4401.32
1756476000,4314.56
1756479600,4296.28
1756483200,4302.08
1756486800,4329.76
1756490400,4328.10
1756494000,4322.21
1756497600,4339.86
1756501200,4324.76
1756504800,4356.85
1756508400,4363.72
1756512000,4349.94
1756515600,4341.55
1756519200,4286.20
1756522800,4314.34
1756526400,4357.20
1756530000,4350.68
1756533600,4386.89
1756537200,4401.51
1756540800,4395.81
1756544400,4392.49
1756548000,4390.80
1756551600,4388.09
1756555200,4385.20
1756558800,4362.30
1756562400,4357.76
1756566000,4358.50
1756569600,4373.31
1756573200,4365.10
1756576800,4366.14
1756580400,4350.60
1756584000,4349.13
1756587600,4346.86
1756591200,4344.81
1756594800,4366.46
1756598400,4375.54
1756602000,4453.24
1756605600,4453.68
1756609200,4456.00
1756612800,4480.45
1756616400,4456.76
1756620000,4458.30
1756623600,4441.79
1756627200,4457.92
1756630800,4469.28
1756634400,4462.09
1756638000,4449.49
1756641600,4473.52
1756645200,4486.75
1756648800,4463.85
1756652400,4479.56
1756656000,4479.36
1756659600,4476.18
1756663200,4474.80
1756666800,4490.33
1756670400,4452.34
1756674000,4454.23
1756677600,4456.75
1756681200,4432.50
1756684800,4377.60
1756688400,4400.61
1756692000,4410.52
1756695600,4395.97
1756699200,4401.13
1756702800,4388.60
1756706400,4383.80
1756710000,4400.35
1756713600,4488.39
1756717200,4477.20
1756720800,4439.65
1756724400,4413.60
1756728000,4390.50
1756731600,4403.10
1756735200,4394.70
1756738800,4400.71
1756742400,4354.90
1756746000,4353.46
1756749600,4333.71
1756753200,4350.71
1756756800,4364.36
1756760400,4266.37
1756764000,4263.90
1756767600,4296.70
1756771200,4315.93
1756774800,4308.50
1756778400,4327.10
1756782000,4357.81
1756785600,4368.80
1756789200,4380.78
1756792800,4386.91
1756796400,4412.07
1756800000,4377.28
1756803600,4401.38
1756807200,4399.55
1756810800,4385.45
1756814400,4333.50
1756818000,4288.58
1756821600,4364.88
1756825200,4339.40
1756828800,4302.53
1756832400,4309.00
1756836000,4299.88
1756839600,4306.44
1756843200,4281.84
1756846800,4312.19
1756850400,4315.40
1756854000,4325.41
1756857600,4321.33
1756861200,4312.70
1756864800,4325.92
1756868400,4340.17
1756872000,4337.57
1756875600,4335.86
1756879200,4294.10
1756882800,4316.79
1756886400,4318.17
1756890000,4316.30
1756893600,4349.50
1756897200,4377.78
1756900800,4379.10
1756904400,4364.70
1756908000,4428.33
1756911600,4466.12
1756915200,4470.68
1756918800,4473.88
1756922400,4477.80
1756926000,4469.08
1756929600,4480.20
1756933200,4464.24
1756936800,4471.17
1756940400,4472.37
1756944000,4453.65
1756947600,4468.98
1756951200,4465.25
1756954800,4416.00
1756958400,4402.97
1756962000,4379.32
1756965600,4375.35
1756969200,4372.50
1756972800,4383.61
1756976400,4382.20
1756980000,4395.94
1756983600,4417.40
1756987200,4409.69
1756990800,4409.85
1756994400,4356.96
1756998000,4338.36
1757001600,4317.92
1757005200,4310.25
1757008800,4312.93
1757012400,4283.52
1757016000,4294.32
1757019600,4308.06
1757023200,4321.35
1757026800,4338.00
1757030400,4305.34
1757034000,4308.25
1757037600,4330.60
1757041200,4319.00
1757044800,4326.51
1757048400,4331.08
1757052000,4338.89
1757055600,4351.93
1757059200,4407.01
1757062800,4397.20
1757066400,4400.00
1757070000,4408.19
1757073600,4421.34
1757077200,4464.21
1757080800,4439.39
1757084400,4273.36
1757088000,4276.60
1757091600,4292.10
1757095200,4288.30
1757098800,4311.70
1757102400,4333.27
1757106000,4330.29
1757109600,4297.68
1757113200,4314.95
1757116800,4305.32
1757120400,4318.74
1757124000,4317.80
1757127600,4322.36
1757131200,4321.01
1757134800,4307.52
1757138400,4299.61
1757142000,4303.53
1757145600,4314.12
1757149200,4304.22
1757152800,4296.54
1757156400,4296.40
1757160000,4302.03
1757163600,4299.34
1757167200,4299.65
1757170800,4294.57
1757174400,4265.17
1757178000,4284.14
1757181600,4275.47
1757185200,4276.88
1757188800,4260.52
1757192400,4277.67
1757196000,4286.61
1757199600,4274.24
1757203200,4278.31
1757206800,4285.13
1757210400,4292.40
1757214000,4298.11
1757217600,4298.49
1757221200,4302.17
1757224800,4296.01
1757228400,4282.33
1757232000,4299.73
1757235600,4302.21
1757239200,4299.86
1757242800,4309.42
1757246400,4311.58
1757250000,4300.93
1757253600,4306.55
1757257200,4299.16
1757260800,4301.08
1757264400,4285.18
1757268000,4281.59
1757271600,4285.20
1757275200,4291.75
1757278800,4294.57
1757282400,4291.64
1757286000,4316.00
1757289600,4308.18
1757293200,4295.42
1757296800,4290.01
1757300400,4309.49
1757304000,4312.70
1757307600,4300.55
1757311200,4295.17
1757314800,4294.10
1757318400,4292.72
1757322000,4303.98
1757325600,4319.46
1757329200,4320.00
1757332800,4317.45
1757336400,4330.75
1757340000,4330.00
1757343600,4361.30
1757347200,4367.27
1757350800,4330.18
1757354400,4320.01
1757358000,4327.28
1757361600,4287.49
1757365200,4299.23
1757368800,4319.72
1757372400,4315.91
1757376000,4309.04
1757379600,4299.32
1757383200,4284.57
1757386800,4294.63
1757390400,4307.71
1757394000,4312.43
1757397600,4326.33
1757401200,4372.91
1757404800,4358.65
1757408400,4358.43
1757412000,4358.64
1757415600,4354.70
1757419200,4343.36
1757422800,4338.19
1757426400,4320.22
1757430000,4302.55
1757433600,4290.90
1757437200,4294.91
1757440800,4286.53
1757444400,4289.46
1757448000,4286.02
1757451600,4304.80
1757455200,4303.80
1757458800,4314.96
1757462400,4315.15
1757466000,4288.22
1757469600,4313.00
1757473200,4315.00
1757476800,4317.83
1757480400,4306.83
1757484000,4308.38
1757487600,4314.10
1757491200,4325.97
1757494800,4329.60
1757498400,4326.29
1757502000,4330.54
1757505600,4333.01
1757509200,4374.01
1757512800,4427.49
1757516400,4413.76
1757520000,4400.44
1757523600,4383.29
1757527200,4370.04
1757530800,4331.15
1757534400,4322.69
1757538000,4336.02
1757541600,4351.89
1757545200,4350.72
1757548800,4349.49
1757552400,4362.38
1757556000,4365.83
1757559600,4378.58
1757563200,4404.39
1757566800,4406.41
1757570400,4411.69
1757574000,4428.61
1757577600,4436.39
1757581200,4429.49
1757584800,4426.51
1757588400,4426.41
1757592000,4428.93
1757595600,4410.64
1757599200,4430.59
1757602800,4434.20
1757606400,4423.53
1757610000,4417.12
1757613600,4438.00
1757617200,4419.86
1757620800,4422.00
1757624400,4423.31
1757628000,4427.48
1757631600,4456.10
1757635200,4460.16
1757638800,4528.83
1757642400,4509.32
1757646000,4504.80
1757649600,4508.61
1757653200,4524.55
1757656800,4560.33
1757660400,4549.34
1757664000,4525.18
1757667600,4520.95
1757671200,4514.34
1757674800,4516.66
1757678400,4513.08
1757682000,4528.51
1757685600,4553.22
1757689200,4537.93
1757692800,4542.61
1757696400,4570.23
1757700000,4603.22
1757703600,4627.51
1757707200,4653.88
1757710800,4665.04
1757714400,4666.09
1757718000,4691.52
1757721600,4704.69
1757725200,4715.84
1757728800,4699.00
1757732400,4710.49
1757736000,4753.10
1757739600,4734.79
1757743200,4723.16
1757746800,4712.02
1757750400,4719.81
1757754000,4731.44
1757757600,4732.93
1757761200,4721.50
1757764800,4717.95
1757768400,4720.71
1757772000,4682.49
1757775600,4695.51
1757779200,4663.03
1757782800,4622.33
1757786400,4630.67
1757790000,4648.80
1757793600,4652.56
1757797200,4661.75
1757800800,4666.27
1757804400,4666.91
1757808000,4672.91
1757811600,4671.24
1757815200,4678.35
1757818800,4683.68
1757822400,4667.74
1757826000,4667.85
1757829600,4675.90
1757833200,4664.56
1757836800,4653.37
1757840400,4660.29
1757844000,4672.80
1757847600,4667.08
1757851200,4637.65
1757854800,4627.26
1757858400,4619.93
1757862000,4596.45
1757865600,4593.05
1757869200,4594.20
1757872800,4616.04
1757876400,4603.03
1757880000,4616.27
1757883600,4621.62
1757887200,4624.91
1757890800,4629.12
1757894400,4608.00
1757898000,4598.28
1757901600,4629.31
1757905200,4631.42
1757908800,4643.45
1757912400,4642.54
1757916000,4668.29
1757919600,4634.72
1757923200,4567.02
1757926800,4521.40
1757930400,4520.70
1757934000,4535.52
1757937600,4530.41
1757941200,4522.91
1757944800,4505.00
1757948400,4521.23
1757952000,4489.38
1757955600,4495.74
1757959200,4505.96
1757962800,4507.36
1757966400,4489.94
1757970000,4511.22
1757973600,4528.58
1757977200,4514.19
1757980800,4523.74
1757984400,4524.58
1757988000,4523.10
1757991600,4519.19
1757995200,4522.42
1757998800,4520.71
1758002400,4531.99
1758006000,4512.10
1758009600,4521.66
1758013200,4513.55
1758016800,4513.08
1758020400,4499.24
1758024000,4501.33
1758027600,4505.70
1758031200,4462.16
1758034800,4434.22
1758038400,4468.95
1758042000,4474.85
1758045600,4492.19
1758049200,4478.80
1758052800,4491.59
1758056400,4504.10
1758060000,4509.78
1758063600,4519.99
1758067200,4504.08
1758070800,4513.79
1758074400,4512.00
1758078000,4530.61
1758081600,4501.94
1758085200,4483.76
1758088800,4514.63
1758092400,4544.39
1758096000,4535.72
1758099600,4511.52
1758103200,4499.70
1758106800,4483.17
1758110400,4492.75
1758114000,4509.96
1758117600,4503.42
1758121200,4492.13
1758124800,4485.18
1758128400,4494.29
1758132000,4505.74
1758135600,4480.89
1758139200,4525.01
1758142800,4489.57
1758146400,4536.05
1758150000,4611.34
1758153600,4595.16
1758157200,4589.30
1758160800,4617.50
1758164400,4619.02
1758168000,4617.36
1758171600,4608.40
1758175200,4590.61
1758178800,4579.10
1758182400,4579.41
1758186000,4598.03
1758189600,4599.08
1758193200,4585.87
1758196800,4579.18
1758200400,4568.29
1758204000,4599.55
1758207600,4605.07
1758211200,4608.32
1758214800,4614.08
1758218400,4607.74
1758222000,4613.05
1758225600,4595.25
1758229200,4604.26
1758232800,4594.54
1758236400,4585.32
1758240000,4596.97
1758243600,4613.61
1758247200,4614.41
1758250800,4596.22
1758254400,4540.53
1758258000,4556.84
1758261600,4537.89
1758265200,4522.71
1758268800,4542.55
1758272400,4539.54
1758276000,4521.95
1758279600,4526.88
1758283200,4520.01
1758286800,4526.50
1758290400,4541.52
1758294000,4486.75
1758297600,4480.80
1758301200,4475.46
1758304800,4460.04
1758308400,4458.05
1758312000,4457.29
1758315600,4455.44
1758319200,4476.50
1758322800,4469.61
1758326400,4473.39
1758330000,4473.20
1758333600,4464.90
1758337200,4465.55
1758340800,4466.20
1758344400,4471.13
1758348000,4477.82
1758351600,4476.97
1758355200,4483.40
1758358800,4471.91
1758362400,4472.75
1758366000,4471.74
1758369600,4470.40
1758373200,4467.36
1758376800,4468.90
1758380400,4490.55
1758384000,4504.11
1758387600,4501.72
1758391200,4484.08
1758394800,4475.11
1758398400,4487.53
1758402000,4490.34
1758405600,4495.16
1758409200,4494.11
1758412800,4484.53
1758416400,4491.83
1758420000,4484.51
1758423600,4480.91
1758427200,4480.94
1758430800,4473.81
1758434400,4480.97
1758438000,4487.54
1758441600,4482.47
1758445200,4473.76
1758448800,4471.50
1758452400,4464.22
1758456000,4466.23
1758459600,4471.50
1758463200,4479.48
1758466800,4475.93
1758470400,4488.23
1758474000,4472.80
1758477600,4492.59
1758481200,4495.17
1758484800,4493.87
1758488400,4474.53
1758492000,4477.41
1758495600,4459.00
1758499200,4454.87
1758502800,4351.24
1758506400,4339.00
1758510000,4301.89
1758513600,4309.15
1758517200,4290.90
1758520800,4136.78
1758524400,4205.14
1758528000,4194.64
1758531600,4191.51
1758535200,4160.44
1758538800,4182.10
1758542400,4179.49
1758546000,4197.73
1758549600,4208.30
1758553200,4194.28
1758556800,4177.65
1758560400,4163.88
1758564000,4167.18
1758567600,4158.26
1758571200,4147.50
1758574800,4189.90
1758578400,4195.59
1758582000,4199.04
1758585600,4208.01
1758589200,4189.01
1758592800,4168.63
1758596400,4134.66
1758600000,4194.21
1758603600,4175.96
1758607200,4182.57
1758610800,4204.11
1758614400,4203.91
1758618000,4210.28
1758621600,4194.49
1758625200,4189.61
1758628800,4197.82
1758632400,4196.75
1758636000,4188.43
1758639600,4174.26
1758643200,4182.86
1758646800,4181.05
1758650400,4150.81
1758654000,4169.20
1758657600,4158.56
1758661200,4172.32
1758664800,4181.17
1758668400,4178.59
1758672000,4167.11
1758675600,4176.50
1758679200,4191.32
1758682800,4174.74
1758686400,4127.90
1758690000,4149.04
1758693600,4174.00
1758697200,4183.40
1758700800,4176.04
1758704400,4174.98
1758708000,4182.42
1758711600,4179.49
1758715200,4183.97
1758718800,4185.30
1758722400,4167.41
1758726000,4193.21
1758729600,4166.90
1758733200,4174.49
1758736800,4184.58
1758740400,4173.69
1758744000,4161.30
1758747600,4169.44
1758751200,4157.24
1758754800,4164.15
1758758400,4159.80
1758762000,4131.59
1758765600,4114.89
1758769200,4096.20
1758772800,4056.20
1758776400,4005.98
1758780000,4019.25
1758783600,3999.09
1758787200,4029.48
1758790800,4019.51
1758794400,4026.57
1758798000,4020.34
1758801600,4013.30
1758805200,3967.85
1758808800,3983.20
1758812400,4009.10
1758816000,3998.24
1758819600,3936.74
1758823200,3832.90
1758826800,3936.48
1758830400,3911.16
1758834000,3894.43
1758837600,3904.17
1758841200,3905.67
1758844800,3889.75
1758848400,3932.21
1758852000,3963.64
1758855600,3957.30
1758859200,3969.66
1758862800,3957.40
1758866400,3925.25
1758870000,3925.50
1758873600,3941.42
1758877200,3933.45
1758880800,3906.01
1758884400,3889.32
1758888000,3902.31
1758891600,3938.35
1758895200,3961.08
1758898800,3948.82
1758902400,3964.99
1758906000,3990.68
1758909600,4055.11
1758913200,4035.49
1758916800,4019.23
1758920400,4010.41
1758924000,4025.99
1758927600,4022.94
1758931200,4031.96
1758934800,4029.01
1758938400,4018.92
1758942000,4018.08
1758945600,4024.35
1758949200,4020.90
1758952800,4020.70
1758956400,4023.96
1758960000,4008.48
1758963600,3982.88
1758967200,3997.56
1758970800,4013.10
1758974400,4000.93
1758978000,4026.76
1758981600,4019.05
1758985200,4012.45
1758988800,4016.52
1758992400,3992.26
1758996000,3997.05
1758999600,3998.77
1759003200,4008.90
1759006800,4010.16
1759010400,4018.86
1759014000,4028.96
1759017600,4025.30
1759021200,4015.80
1759024800,4003.80
1759028400,4008.60
1759032000,4004.01
1759035600,4011.20
1759039200,4016.63
1759042800,4008.69
1759046400,4014.27
1759050000,4001.81
1759053600,3991.51
1759057200,3998.41
1759060800,3992.16
1759064400,3983.47
1759068000,4010.52
1759071600,4029.40
1759075200,4028.44
1759078800,4035.83
1759082400,4046.64
1759086000,4046.32
1759089600,4042.07
1759093200,4057.79
1759096800,4060.09
1759100400,4138.35
1759104000,4142.12
1759107600,4125.39
1759111200,4119.40
1759114800,4110.26
1759118400,4123.80
1759122000,4115.21
1759125600,4107.34
1759129200,4099.32
1759132800,4115.46
1759136400,4128.18
1759140000,4137.80
1759143600,4114.69
1759147200,4102.20
1759150800,4092.06
1759154400,4179.68
1759158000,4199.39
1759161600,4166.00
1759165200,4138.81
1759168800,4160.65
1759172400,4170.08
1759176000,4192.59
1759179600,4228.20
1759183200,4227.76
1759186800,4231.80
1759190400,4216.67
1759194000,4211.51
1759197600,4211.58
1759201200,4203.35
1759204800,4201.39
1759208400,4191.76
1759212000,4184.84
1759215600,4204.69
1759219200,4179.05
1759222800,4167.79
1759226400,4147.38
1759230000,4158.85
1759233600,4163.74
1759237200,4158.99
1759240800,4146.35
1759244400,4143.71
1759248000,4123.59
1759251600,4102.45
1759255200,4096.35
1759258800,4123.14
1759262400,4156.09
1759266000,4200.42
1759269600,4169.20
1759273200,4124.44
1759276800,4153.61
1759280400,4149.76
1759284000,4168.75
1759287600,4149.36
1759291200,4143.02
1759294800,4144.67
1759298400,4143.97
1759302000,4134.13
1759305600,4151.62
1759309200,4284.03
1759312800,4309.07
1759316400,4294.69
1759320000,4301.64
1759323600,4287.31
1759327200,4319.81
1759330800,4331.74
1759334400,4328.49
1759338000,4333.96
1759341600,4301.81
1759345200,4313.28
1759348800,4331.78
1759352400,4335.89
1759356000,4316.06
1759359600,4317.43
1759363200,4366.09
1759366800,4340.96
1759370400,4382.04
1759374000,4389.34
1759377600,4383.29
1759381200,4376.12
1759384800,4386.33
1759388400,4412.43
1759392000,4378.13
1759395600,4384.94
1759399200,4390.86
1759402800,4381.41
1759406400,4388.62
1759410000,4406.67
1759413600,4420.54
1759417200,4349.08
1759420800,4447.85
1759424400,4450.67
1759428000,4478.97
1759431600,4493.45
1759435200,4494.41
1759438800,4493.66
1759442400,4485.19
1759446000,4471.85
1759449600,4476.20
1759453200,4479.41
1759456800,4480.59
1759460400,4541.85
1759464000,4505.70
1759467600,4492.54
1759471200,4480.19
1759474800,4471.43
1759478400,4463.15
1759482000,4471.29
1759485600,4475.68
1759489200,4490.70
1759492800,4482.98
1759496400,4475.23
1759500000,4471.95
1759503600,4470.80
1759507200,4544.89
1759510800,4490.91
1759514400,4464.83
1759518000,4508.91
1759521600,4509.76
1759525200,4540.60
1759528800,4535.40
1759532400,4526.79
1759536000,4510.73
1759539600,4501.19
1759543200,4490.62
1759546800,4483.05
1759550400,4491.06
1759554000,4502.96
1759557600,4513.76
1759561200,4517.20
1759564800,4504.95
1759568400,4493.96
1759572000,4500.73
1759575600,4498.16
1759579200,4487.70
1759582800,4500.73
1759586400,4501.61
1759590000,4481.26
1759593600,4460.54
1759597200,4475.29
1759600800,4468.90
1759604400,4460.69
1759608000,4472.62
1759611600,4483.74
1759615200,4489.29
1759618800,4490.11
1759622400,4491.76
1759626000,4480.45
1759629600,4484.43
1759633200,4569.29
1759636800,4548.32
1759640400,4587.44
1759644000,4570.74
1759647600,4567.50
1759651200,4609.40
1759654800,4588.10
1759658400,4534.12
1759662000,4551.08
1759665600,4543.28
1759669200,4537.86
1759672800,4549.99
1759676400,4536.44
1759680000,4533.06
1759683600,4535.84
1759687200,4516.78
1759690800,4514.97
1759694400,4491.42
1759698000,4499.17
1759701600,4516.58
1759705200,4520.01
1759708800,4514.26
1759712400,4503.60
1759716000,4525.17
1759719600,4541.15
1759723200,4536.28
1759726800,4526.60
1759730400,4540.90
1759734000,4567.50
1759737600,4546.13
1759741200,4569.26
1759744800,4575.39
1759748400,4572.67
1759752000,4581.12
1759755600,4581.72
1759759200,4647.43
1759762800,4654.29
1759766400,4679.49
1759770000,4683.68
1759773600,4696.24
1759777200,4707.58
1759780800,4724.09
1759784400,4692.23
1759788000,4702.56
1759791600,4699.83
1759795200,4688.91
1759798800,4691.37
1759802400,4680.74
1759806000,4689.03
1759809600,4692.15
1759813200,4714.65
1759816800,4717.81
1759820400,4677.99
1759824000,4673.74
1759827600,4675.49
1759831200,4682.56
1759834800,4696.21
1759838400,4710.07
1759842000,4745.41
1759845600,4682.06
1759849200,4594.71
1759852800,4504.50
1759856400,4506.32
1759860000,4476.34
1759863600,4480.81
1759867200,4499.81
1759870800,4510.66
1759874400,4494.74
1759878000,4492.64
1759881600,4461.87
1759885200,4470.90
1759888800,4488.41
1759892400,4470.33
1759896000,4449.42
1759899600,4453.60
1759903200,4434.33
1759906800,4463.41
1759910400,4469.83
1759914000,4482.24
1759917600,4491.59
1759921200,4498.22
1759924800,4486.49
1759928400,4482.94
1759932000,4513.84
1759935600,4455.14
1759939200,4441.80
1759942800,4498.49
1759946400,4532.99
1759950000,4522.18
1759953600,4510.64
1759957200,4511.10
1759960800,4531.95
1759964400,4520.46
1759968000,4523.14
1759971600,4507.52
1759975200,4466.55
1759978800,4429.28
1759982400,4452.99
1759986000,4457.32
1759989600,4450.69
1759993200,4435.00
1759996800,4427.25
1760000400,4338.59
1760004000,4341.88
1760007600,4362.89
1760011200,4385.36
1760014800,4403.08
1760018400,4359.94
1760022000,4359.88
1760025600,4327.35
1760029200,4293.86
1760032800,4326.79
1760036400,4320.92
1760040000,4344.03
1760043600,4346.33
1760047200,4363.70
1760050800,4377.56
1760054400,4373.16
1760058000,4392.39
1760061600,4366.99
1760065200,4351.50
1760068800,4352.40
1760072400,4335.70
1760076000,4376.85
1760079600,4322.76
1760083200,4325.39
1760086800,4339.79
1760090400,4325.44
1760094000,4346.87
1760097600,4349.76
1760101200,4363.43
1760104800,4370.38
1760108400,4256.86
1760112000,4101.19
1760115600,4102.08
1760119200,4093.92
1760122800,4060.49
1760126400,4020.01
1760130000,3912.25
1760133600,3906.57
1760137200,3869.91
1760140800,3868.49
1760144400,3822.77
1760148000,3753.42
1760151600,3831.98
1760155200,3804.83
1760158800,3822.23
1760162400,3789.78
1760166000,3774.74
1760169600,3761.81
1760173200,3832.32
1760176800,3826.44
1760180400,3824.53
1760184000,3837.41
1760187600,3822.48
1760191200,3837.72
1760194800,3833.24
1760198400,3832.82
1760202000,3819.77
1760205600,3824.67
1760209200,3806.56
1760212800,3754.28
1760216400,3672.69
1760220000,3739.69
1760223600,3747.96
1760227200,3741.15
1760230800,3711.01
1760234400,3723.45
1760238000,3747.79
1760241600,3797.30
1760245200,3807.02
1760248800,3815.71
1760252400,3839.48
1760256000,3833.76
1760259600,3818.15
1760263200,3851.65
1760266800,3821.04
1760270400,3825.10
1760274000,3828.79
1760277600,3823.45
1760281200,4009.21
1760284800,4073.84
1760288400,4117.46
1760292000,4140.57
1760295600,4116.63
1760299200,4142.40
1760302800,4150.72
1760306400,4134.81
1760310000,4130.75
1760313600,4148.82
1760317200,4136.59
1760320800,4179.67
1760324400,4166.65
1760328000,4149.25
1760331600,4134.48
1760335200,4125.86
1760338800,4168.34
1760342400,4178.19
1760346000,4176.98
1760349600,4163.65
1760353200,4143.04
1760356800,4073.44
1760360400,4106.46
1760364000,4163.62
1760367600,4109.63
1760371200,4149.04
1760374800,4177.11
1760378400,4217.94
1760382000,4235.27
1760385600,4268.78
1760389200,4278.10
1760392800,4271.79
1760396400,4271.76
1760400000,4248.50
1760403600,4230.59
1760407200,4205.10
1760410800,4152.96
1760414400,4152.81
1760418000,4117.01
1760421600,4093.60
1760425200,3997.94
1760428800,3960.87
1760432400,4008.07
1760436000,3984.18
1760439600,3958.88
1760443200,3965.79
1760446800,3943.76
1760450400,3960.89
1760454000,3990.16
1760457600,4066.51
1760461200,4091.62
1760464800,4107.35
1760468400,4126.65
1760472000,4101.85
1760475600,4121.69
1760479200,4135.93
1760482800,4130.95
1760486400,4132.44
1760490000,4096.80
1760493600,4114.19
1760497200,4110.08
1760500800,4082.50
1760504400,4120.33
1760508000,4117.62
1760511600,4117.71
1760515200,4133.19
1760518800,4187.52
1760522400,4147.48
1760526000,4122.07
1760529600,4096.99
1760533200,4083.50
1760536800,4069.91
1760540400,4013.45
1760544000,3981.69
1760547600,3971.57
1760551200,3977.83
1760554800,3996.80
1760558400,3995.18
1760562000,3962.39
1760565600,3958.46
1760569200,3961.31
1760572800,3994.53
1760576400,3994.36
1760580000,4010.99
1760583600,4031.40
1760587200,4024.39
1760590800,4000.93
1760594400,4003.49
1760598000,4041.80
1760601600,3996.55
1760605200,3993.48
1760608800,4033.81
1760612400,4052.13
1760616000,4076.56
1760619600,4052.87
1760623200,4013.41
1760626800,4000.53
1760630400,3887.73
1760634000,3937.89
1760637600,3901.68
1760641200,3898.68
1760644800,3864.72
1760648400,3854.92
1760652000,3883.79
1760655600,3873.03
1760659200,3898.75
1760662800,3934.49
1760666400,3924.00
1760670000,3929.80
1760673600,3931.69
1760677200,3914.99
1760680800,3903.24
1760684400,3813.72
1760688000,3741.85
1760691600,3721.90
1760695200,3734.27
1760698800,3731.84
1760702400,3781.53
1760706000,3784.28
1760709600,3773.41
1760713200,3767.12
1760716800,3834.28
1760720400,3793.45
1760724000,3821.95
1760727600,3839.27
1760731200,3822.32
1760734800,3859.09
1760738400,3883.44
1760742000,3848.39
1760745600,3832.26
1760749200,3850.44
1760752800,3876.93
1760756400,3855.66
1760760000,3861.59
1760763600,3853.12
1760767200,3872.94
1760770800,3918.55
1760774400,3895.06
1760778000,3882.10
1760781600,3876.40
1760785200,3874.89
1760788800,3881.91
1760792400,3875.64
1760796000,3865.39
1760799600,3879.84
1760803200,3881.22
1760806800,3865.04
1760810400,3892.72
1760814000,3887.95
1760817600,3894.72
1760821200,3885.51
1760824800,3892.00
1760828400,3891.00
1760832000,3889.06
1760835600,3865.46
1760839200,3874.14
1760842800,3873.40
1760846400,3903.91
1760850000,3904.66
1760853600,3899.56
1760857200,3885.72
1760860800,3894.14
1760864400,3857.00
1760868000,3907.51
1760871600,3945.18
1760875200,3927.69
1760878800,3927.50
1760882400,3961.85
1760886000,3990.69
1760889600,3976.90
1760893200,4001.92
1760896800,3997.32
1760900400,4001.04
1760904000,3987.88
1760907600,4005.17
1760911200,3999.37
1760914800,4012.30
1760918400,3971.60
1760922000,3940.61
1760925600,3935.86
1760929200,3954.89
1760932800,4040.05
1760936400,4047.19
1760940000,4068.16
1760943600,4075.52
1760947200,4051.12
1760950800,4041.56
1760954400,4045.71
1760958000,4021.90
1760961600,4032.45
1760965200,4039.69
1760968800,4036.89
1760972400,4041.57
1760976000,3968.11
1760979600,3963.84
1760983200,3952.75
1760986800,3978.94
1760990400,3977.68
1760994000,3996.63
1760997600,3975.50
1761001200,3994.81
1761004800,3973.21
1761008400,3966.82
1761012000,3937.19
1761015600,3939.18
1761019200,3894.79
1761022800,3848.15
1761026400,3859.89
1761030000,3885.91
1761033600,3888.05
1761037200,3860.34
1761040800,3869.54
1761044400,3877.74
1761048000,3889.56
1761051600,3889.43
1761055200,3876.12
1761058800,4010.34
1761062400,4095.75
1761066000,4029.69
1761069600,4024.40
1761073200,4016.18
1761076800,3995.66
1761080400,3964.02
1761084000,3942.01
1761087600,3906.01
1761091200,3879.62
1761094800,3846.60
1761098400,3871.68
1761102000,3855.58
1761105600,3865.44
1761109200,3883.64
1761112800,3858.11
1761116400,3852.24
1761120000,3865.50
1761123600,3858.24
1761127200,3841.50
1761130800,3790.90
1761134400,3823.55
1761138000,3846.63
1761141600,3852.98
1761145200,3847.31
1761148800,3842.43
1761152400,3830.04
1761156000,3818.21
1761159600,3815.00
1761163200,3795.55
1761166800,3768.70
1761170400,3751.85
1761174000,3770.32
1761177600,3805.20
1761181200,3818.95
1761184800,3819.86
1761188400,3829.41
1761192000,3831.05
1761195600,3837.01
1761199200,3846.08
1761202800,3884.81
1761206400,3890.76
1761210000,3880.59
1761213600,3895.92
1761217200,3879.41
1761220800,3840.90
1761224400,3845.64
1761228000,3848.16
1761231600,3846.71
1761235200,3884.52
1761238800,3893.63
1761242400,3912.94
1761246000,3847.91
1761249600,3850.52
1761253200,3833.04
1761256800,3837.22
1761260400,3851.17
1761264000,3856.29
1761267600,3876.59
1761271200,3880.20
1761274800,3884.88
1761278400,3890.23
1761282000,3960.89
1761285600,3973.29
1761289200,3983.16
1761292800,3936.75
1761296400,3953.58
1761300000,3955.68
1761303600,3960.27
1761307200,3953.69
1761310800,3970.95
1761314400,3928.41
1761318000,3906.84
1761321600,3879.36
1761325200,3902.90
1761328800,3896.94
1761332400,3919.29
1761336000,3932.05
1761339600,3936.85
1761343200,3937.60
1761346800,3931.62
1761350400,3934.33
1761354000,3921.10
1761357600,3936.39
1761361200,3933.60
1761364800,3925.64
1761368400,3923.74
1761372000,3931.85
1761375600,3931.31
1761379200,3930.35
1761382800,3949.01
1761386400,3943.20
1761390000,3943.60
1761393600,3945.45
1761397200,3949.00
1761400800,3944.76
1761404400,3933.76
1761408000,3932.65
1761411600,3934.26
1761415200,3932.19
1761418800,3955.07
1761422400,3958.79
1761426000,3949.00
1761429600,3950.30
1761433200,3964.00
1761436800,3951.60
1761440400,3952.55
1761444000,3925.54
1761447600,3929.66
1761451200,3931.43
1761454800,3940.53
1761458400,3941.99
1761462000,3945.10
1761465600,3952.32
1761469200,3958.95
1761472800,3984.16
1761476400,3981.16
1761480000,4049.05
1761483600,4073.75
1761487200,4084.25
1761490800,4060.20
1761494400,4065.96
1761498000,4057.94
1761501600,4066.50
1761505200,4069.56
1761508800,4064.76
1761512400,4065.12
1761516000,4142.39
1761519600,4166.28
1761523200,4167.00
1761526800,4171.50
1761530400,4193.16
1761534000,4209.91
1761537600,4200.01
1761541200,4217.10
1761544800,4226.95
1761548400,4240.01
1761552000,4195.27
1761555600,4164.28
1761559200,4156.81
1761562800,4169.79
1761566400,4163.03
1761570000,4154.76
1761573600,4164.25
1761577200,4155.24
1761580800,4184.12
1761584400,4213.06
1761588000,4221.00
1761591600,4194.51
1761595200,4165.56
1761598800,4138.91
1761602400,4132.18
1761606000,4117.68
1761609600,4113.96
1761613200,4123.93
1761616800,4140.48
1761620400,4099.92
1761624000,4089.96
1761627600,4102.70
1761631200,4074.36
1761634800,4126.61
1761638400,4115.94
1761642000,4126.70
1761645600,4116.34
1761649200,4114.70
1761652800,4109.56
1761656400,4131.14
1761660000,4156.36
1761663600,4125.09
1761667200,4106.71
1761670800,4131.96
1761674400,4133.62
1761678000,4111.74
1761681600,4032.85
1761685200,3975.60
1761688800,3985.55
1761692400,3988.13
1761696000,3980.21
1761699600,3973.55
1761703200,3986.97
1761706800,3990.00
1761710400,4003.58
1761714000,4019.63
1761717600,4028.69
1761721200,4022.40
1761724800,4022.40
1761728400,4009.81
1761732000,4002.91
1761735600,3994.32
1761739200,4013.74
1761742800,4021.05
1761746400,3979.85
1761750000,3981.10
1761753600,3941.54
1761757200,3973.91
1761760800,3999.58
1761764400,3924.18
1761768000,3915.39
1761771600,3942.75
1761775200,3952.13
1761778800,3934.71
1761782400,3902.40
1761786000,3907.90
1761789600,3924.93
1761793200,3938.36
1761796800,3929.25
1761800400,3870.97
1761804000,3918.98
1761807600,3913.00
1761811200,3934.14
1761814800,3918.41
1761818400,3902.87
1761822000,3889.64
1761825600,3883.23
1761829200,3823.30
1761832800,3775.89
1761836400,3800.15
1761840000,3778.32
1761843600,3765.24
1761847200,3764.02
1761850800,3730.56
1761854400,3687.65
1761858000,3750.86
1761861600,3774.60
1761865200,3777.60
1761868800,3798.30
1761872400,3836.28
1761876000,3845.30
1761879600,3814.36
1761883200,3832.06
1761886800,3852.72
1761890400,3842.38
1761894000,3826.48
1761897600,3836.80
1761901200,3848.89
1761904800,3846.99
1761908400,3832.25
1761912000,3880.79
1761915600,3842.44
1761919200,3846.06
1761922800,3858.06
1761926400,3866.46
1761930000,3819.85
1761933600,3826.22
1761937200,3838.66
1761940800,3876.98
1761944400,3861.23
1761948000,3859.80
1761951600,3857.42
1761955200,3844.82
1761958800,3849.22
1761962400,3838.52
1761966000,3854.36
1761969600,3866.10
1761973200,3860.65
1761976800,3854.48
1761980400,3858.45
1761984000,3864.71
1761987600,3876.65
1761991200,3875.80
1761994800,3877.82
1761998400,3876.85
1762002000,3876.64
1762005600,3870.55
1762009200,3875.95
1762012800,3894.50
1762016400,3883.34
1762020000,3867.10
1762023600,3875.30
1762027200,3880.74
1762030800,3880.67
1762034400,3868.40
1762038000,3872.33
1762041600,3868.96
1762045200,3864.00
1762048800,3871.10
1762052400,3882.05
1762056000,3876.07
1762059600,3904.39
1762063200,3901.59
1762066800,3893.35
1762070400,3902.94
1762074000,3896.16
1762077600,3862.54
1762081200,3867.10
1762084800,3890.44
1762088400,3874.56
1762092000,3869.52
1762095600,3851.35
1762099200,3849.17
1762102800,3859.20
1762106400,3857.49
1762110000,3861.06
1762113600,3857.81
1762117200,3860.76
1762120800,3859.77
1762124400,3866.52
1762128000,3904.87
1762131600,3857.23
1762135200,3834.15
1762138800,3806.40
1762142400,3725.23
1762146000,3752.68
1762149600,3736.03
1762153200,3708.52
1762156800,3716.35
1762160400,3724.80
1762164000,3704.28
1762167600,3699.69
1762171200,3714.29
1762174800,3708.08
1762178400,3726.60
1762182000,3713.72
1762185600,3567.66
1762189200,3619.84
1762192800,3665.32
1762196400,3624.66
1762200000,3634.95
1762203600,3607.22
1762207200,3591.69
1762210800,3568.33
1762214400,3597.20
1762218000,3610.95
1762221600,3633.75
1762225200,3634.07
1762228800,3645.88
1762232400,3620.65
1762236000,3507.84
1762239600,3491.11
1762243200,3483.87
1762246800,3496.71
1762250400,3485.62
1762254000,3494.90
1762257600,3525.40
1762261200,3508.35
1762264800,3500.50
1762268400,3573.00
1762272000,3511.05
1762275600,3408.99
1762279200,3338.84
1762282800,3307.20
1762286400,3218.81
1762290000,3211.79
1762293600,3231.13
1762297200,3280.61
1762300800,3282.78
1762304400,3217.24
1762308000,3269.21
1762311600,3332.38
1762315200,3337.20
1762318800,3334.09
1762322400,3322.60
1762326000,3329.43
1762329600,3316.00
1762333200,3306.42
1762336800,3301.57
1762340400,3282.80
1762344000,3315.80
1762347600,3344.76
1762351200,3365.89
1762354800,3339.69
1762358400,3398.47
1762362000,3423.42
1762365600,3439.42
1762369200,3454.80
1762372800,3460.70
1762376400,3445.60
1762380000,3431.01
1762383600,3418.43
1762387200,3407.40
1762390800,3397.91
1762394400,3403.21
1762398000,3432.61
1762401600,3432.48
1762405200,3447.48
1762408800,3389.63
1762412400,3381.72
1762416000,3374.64
1762419600,3375.59
1762423200,3377.00
1762426800,3385.97
1762430400,3391.23
1762434000,3351.75
1762437600,3391.07
1762441200,3330.49
1762444800,3312.11
1762448400,3285.67
1762452000,3315.27
1762455600,3333.42
1762459200,3331.40
1762462800,3299.92
1762466400,3327.80
1762470000,3308.70
1762473600,3321.00
1762477200,3329.51
1762480800,3318.80
1762484400,3353.69
1762488000,3340.20
1762491600,3347.10
1762495200,3361.16
1762498800,3352.01
1762502400,3355.20
1762506000,3331.67
1762509600,3307.19
1762513200,3268.45
1762516800,3262.19
1762520400,3214.96
1762524000,3236.28
1762527600,3274.34
1762531200,3293.76
1762534800,3301.64
1762538400,3385.30
1762542000,3420.24
1762545600,3450.60
1762549200,3453.05
1762552800,3467.84
1762556400,3440.40
1762560000,3425.83
1762563600,3434.16
1762567200,3438.60
1762570800,3451.51
1762574400,3462.67
1762578000,3463.57
1762581600,3426.07
1762585200,3440.73
1762588800,3443.50
1762592400,3451.14
1762596000,3436.68
1762599600,3443.03
1762603200,3410.25
1762606800,3405.36
1762610400,3395.52
1762614000,3399.82
1762617600,3371.21
1762621200,3369.12
1762624800,3394.01
1762628400,3403.31
1762632000,3393.47
1762635600,3398.51
1762639200,3400.79
1762642800,3408.96
1762646400,3399.37
1762650000,3389.20
1762653600,3397.32
1762657200,3369.83
1762660800,3375.55
1762664400,3375.36
1762668000,3401.44
1762671600,3413.72
1762675200,3418.93
1762678800,3421.20
1762682400,3397.20
1762686000,3418.40
1762689600,3428.40
1762693200,3447.52
1762696800,3458.49
1762700400,3523.89
1762704000,3516.57
1762707600,3523.69
1762711200,3521.28
1762714800,3541.21
1762718400,3589.55
1762722000,3583.88
1762725600,3576.44
1762729200,3600.38
1762732800,3561.83
1762736400,3635.11
1762740000,3633.38
1762743600,3642.97
1762747200,3623.74
1762750800,3624.79
1762754400,3609.05
1762758000,3610.51
1762761600,3611.44
1762765200,3589.41
1762768800,3623.02
1762772400,3609.22
1762776000,3593.07
1762779600,3600.78
1762783200,3603.55
1762786800,3548.82
1762790400,3512.91
1762794000,3532.32
1762797600,3545.51
1762801200,3539.26
1762804800,3558.91
1762808400,3560.02
1762812000,3549.35
1762815600,3567.83
1762819200,3570.71
1762822800,3578.66
1762826400,3567.75
1762830000,3621.52
1762833600,3607.42
1762837200,3564.11
1762840800,3549.75
1762844400,3561.22
1762848000,3552.58
1762851600,3570.36
1762855200,3555.84
1762858800,3571.04
1762862400,3579.16
1762866000,3548.04
1762869600,3531.80
1762873200,3510.72
1762876800,3481.20
1762880400,3483.42
1762884000,3474.96
1762887600,3465.46
1762891200,3451.44
1762894800,3440.33
1762898400,3406.80
1762902000,3417.27
1762905600,3431.09
1762909200,3415.88
1762912800,3445.30
1762916400,3430.44
1762920000,3436.80
1762923600,3450.15
1762927200,3449.39
1762930800,3439.41
1762934400,3433.24
1762938000,3472.58
1762941600,3494.00
1762945200,3544.67
1762948800,3542.22
1762952400,3549.30
1762956000,3568.00
1762959600,3514.72
1762963200,3424.60
1762966800,3403.40
1762970400,3446.95
1762974000,3411.19
1762977600,3416.61
1762981200,3412.77
1762984800,3419.00
1762988400,3409.28
1762992000,3421.02
1762995600,3417.14
1762999200,3430.79
1763002800,3432.60
1763006400,3445.90
1763010000,3478.28
1763013600,3523.00
1763017200,3539.15
1763020800,3545.40
1763024400,3528.43
1763028000,3492.35
1763031600,3511.80
1763035200,3499.24
1763038800,3497.46
1763042400,3431.14
1763046000,3413.13
1763049600,3376.07
1763053200,3314.30
1763056800,3241.69
1763060400,3221.75
1763064000,3179.47
1763067600,3178.27
1763071200,3185.00
1763074800,3223.68
1763078400,3224.16
1763082000,3188.91
1763085600,3222.77
1763089200,3230.39
1763092800,3218.60
1763096400,3181.75
1763100000,3179.72
1763103600,3204.81
1763107200,3209.07
1763110800,3207.11
1763114400,3158.53
1763118000,3177.35
1763121600,3128.00
1763125200,3136.76
1763128800,3132.05
1763132400,3179.03
1763136000,3185.91
1763139600,3234.26
1763143200,3179.36
1763146800,3158.56
1763150400,3209.04
1763154000,3146.04
1763157600,3178.39
1763161200,3115.88
1763164800,3129.00
1763168400,3128.21
1763172000,3166.81
1763175600,3184.38
1763179200,3178.61
1763182800,3168.51
1763186400,3174.70
1763190000,3169.53
1763193600,3165.09
1763197200,3144.00
1763200800,3147.00
1763204400,3167.40
1763208000,3148.80
1763211600,3161.15
1763215200,3185.68
1763218800,3172.93
1763222400,3184.40
1763226000,3189.52
1763229600,3217.10
1763233200,3207.87
1763236800,3196.55
1763240400,3175.22
1763244000,3161.88
1763247600,3169.14
1763251200,3169.92
1763254800,3141.60
1763258400,3146.88
1763262000,3200.40
1763265600,3198.48
1763269200,3198.56
1763272800,3206.06
1763276400,3199.43
1763280000,3215.50
1763283600,3208.40
1763287200,3236.25
1763290800,3231.28
1763294400,3174.23
1763298000,3165.89
1763301600,3157.95
1763305200,3167.52
1763308800,3113.78
1763312400,3059.13
1763316000,3091.90
1763319600,3068.17
1763323200,3103.14
1763326800,3078.75
1763330400,3051.87
1763334000,3017.49
1763337600,3090.96
1763341200,3130.61
1763344800,3123.84
1763348400,3147.71
1763352000,3175.07
1763355600,3184.45
1763359200,3185.52
1763362800,3187.31
1763366400,3198.42
1763370000,3180.91
1763373600,3195.94
1763377200,3192.34
1763380800,3196.11
1763384400,3180.47
1763388000,3124.10
1763391600,3148.28
1763395200,3092.08
1763398800,3125.45
1763402400,3058.00
1763406000,3024.19
1763409600,2974.50
1763413200,3012.30
1763416800,3004.21
1763420400,3020.96
1763424000,3025.86
1763427600,3028.86
1763431200,3000.65
1763434800,2958.52
1763438400,3011.67
1763442000,2995.76
1763445600,2999.41
1763449200,2976.81
1763452800,3035.00
1763456400,3052.40
1763460000,3063.71
1763463600,3060.20
1763467200,3047.47
1763470800,3045.95
1763474400,3037.00
1763478000,3036.41
1763481600,3102.60
1763485200,3154.64
1763488800,3143.80
1763492400,3155.84
1763496000,3146.59
1763499600,3117.21
1763503200,3101.99
1763506800,3120.23
1763510400,3109.90
1763514000,3094.50
1763517600,3101.15
1763521200,3115.30
1763524800,3068.40
1763528400,3045.00
1763532000,3016.08
1763535600,3046.42
1763539200,3081.90
1763542800,3061.52
1763546400,3088.08
1763550000,3087.54
1763553600,3089.59
1763557200,3091.10
1763560800,3053.35
1763564400,3078.66
1763568000,2973.67
1763571600,2929.49
1763575200,2910.29
1763578800,2893.60
1763582400,2873.05
1763586000,2947.91
1763589600,2975.89
1763593200,2991.64
1763596800,3014.64
1763600400,3024.49
1763604000,3047.04
1763607600,3045.80
1763611200,3033.80
1763614800,3048.90
1763618400,3034.09
1763622000,3018.19
1763625600,3033.79
1763629200,3023.79
1763632800,3004.09
1763636400,3011.26
1763640000,3019.80
1763643600,3021.59
1763647200,2980.29
1763650800,2983.58
1763654400,2938.60
1763658000,2842.49
1763661600,2821.19
1763665200,2797.17
1763668800,2833.53
1763672400,2844.41
1763676000,2884.09
1763679600,2881.03
1763683200,2834.65
1763686800,2863.15
1763690400,2852.98
1763694000,2796.47
1763697600,2807.60
1763701200,2815.22
1763704800,2797.82
1763708400,2794.98
1763712000,2708.00
1763715600,2743.45
1763719200,2672.00
1763722800,2701.50
1763726400,2685.40
1763730000,2714.74
1763733600,2732.82
1763737200,2751.12
1763740800,2682.33
1763744400,2771.50
1763748000,2756.41
1763751600,2784.25
1763755200,2743.39
1763758800,2736.60
1763762400,2770.50
1763766000,2722.45
1763769600,2770.60
1763773200,2772.61
1763776800,2771.69
1763780400,2748.20
1763784000,2747.04
1763787600,2744.40
1763791200,2741.00
1763794800,2758.11
1763798400,2747.59
1763802000,2730.47
1763805600,2726.57
1763809200,2706.14
1763812800,2728.34
1763816400,2713.66
1763820000,2731.00
1763823600,2740.27
1763827200,2734.62
1763830800,2746.25
1763834400,2747.36
1763838000,2749.26
1763841600,2754.02
1763845200,2741.84
1763848800,2742.58
1763852400,2789.43
1763856000,2772.55
1763859600,2778.81
1763863200,2814.60
1763866800,2810.44
1763870400,2822.87
1763874000,2826.28
1763877600,2827.06
1763881200,2799.28
1763884800,2799.10
1763888400,2809.30
1763892000,2811.16
1763895600,2806.40
1763899200,2818.65
1763902800,2835.14
1763906400,2856.33
1763910000,2812.54
1763913600,2839.19
1763917200,2797.08
1763920800,2797.15
1763924400,2812.77
1763928000,2830.94
1763931600,2824.80
1763935200,2829.30
1763938800,2824.36
1763942400,2788.55
1763946000,2783.99
1763949600,2834.72
1763953200,2846.65
1763956800,2855.50
1763960400,2829.50
1763964000,2860.49
1763967600,2829.99
1763971200,2822.60
1763974800,2835.57
1763978400,2803.23
1763982000,2800.60
1763985600,2798.90
1763989200,2804.99
1763992800,2808.70
1763996400,2830.71
1764000000,2861.40
1764003600,2862.22
1764007200,2942.18
1764010800,2970.43
1764014400,2956.12
1764018000,2969.65
1764021600,2965.20
1764025200,2958.70
1764028800,2945.40
1764032400,2940.40
1764036000,2922.10
1764039600,2927.29
1764043200,2913.08
1764046800,2934.80
1764050400,2925.76
1764054000,2918.60
1764057600,2899.98
1764061200,2875.08
1764064800,2886.15
1764068400,2890.32
1764072000,2895.75
1764075600,2925.51
1764079200,2910.05
1764082800,2860.19
1764086400,2899.44
1764090000,2919.92
1764093600,2938.44
1764097200,2906.80
1764100800,2922.41
1764104400,2928.15
1764108000,2911.32
1764111600,2961.84
1764115200,2960.10
1764118800,2950.05
1764122400,2968.56
1764126000,2955.89
1764129600,2931.87
1764133200,2931.83
1764136800,2946.96
1764140400,2941.99
1764144000,2940.02
1764147600,2915.11
1764151200,2916.42
1764154800,2910.20
1764158400,2896.90
1764162000,2902.26
1764165600,2928.24
1764169200,2919.00
1764172800,2940.98
1764176400,2943.15
1764180000,3031.21
1764183600,3023.85
1764187200,3020.00
1764190800,3024.44
1764194400,3020.24
1764198000,3031.25
1764201600,3021.00
1764205200,3046.60
1764208800,3043.68
1764212400,3039.64
1764216000,3034.44
1764219600,3041.90
1764223200,3025.45
1764226800,3026.88
1764230400,3030.89
1764234000,3026.82
1764237600,3029.70
1764241200,3035.14
1764244800,3028.46
1764248400,2996.67
1764252000,2996.00
1764255600,3009.59
1764259200,3011.31
1764262800,3019.73
1764266400,3018.10
1764270000,3033.70
1764273600,3031.80
1764277200,3034.63
1764280800,3034.00
1764284400,3016.99
1764288000,3013.39
1764291600,3011.10
1764295200,2998.00
1764298800,3009.56
1764302400,3008.85
1764306000,3016.90
1764309600,3021.00
1764313200,3013.36
1764316800,3005.40
1764320400,3058.89
1764324000,3052.76
1764327600,3054.92
1764331200,3038.95
1764334800,3035.98
1764338400,3075.09
1764342000,3063.32
1764345600,3065.48
1764349200,3023.27
1764352800,3031.40
1764356400,3042.63
1764360000,3041.13
1764363600,3057.80
1764367200,3033.09
1764370800,3046.05
1764374400,3037.50
1764378000,3038.31
1764381600,3036.60
1764385200,3035.68
1764388800,3025.29
1764392400,3037.41
1764396000,3033.27
1764399600,3010.27
1764403200,3003.20
1764406800,3010.73
1764410400,3003.00
1764414000,3000.96
1764417600,3002.60
1764421200,2999.00
1764424800,2997.43
1764428400,2992.07
1764432000,3006.30
1764435600,3002.85
1764439200,2973.05
1764442800,2993.56
1764446400,2987.27
1764450000,2994.48
1764453600,2994.41
1764457200,2990.74
1764460800,2990.30
1764464400,3001.15
1764468000,3011.22
1764471600,2992.59
1764475200,3003.24
1764478800,2996.07
1764482400,2994.02
1764486000,3000.90
1764489600,3004.85
1764493200,3007.89
1764496800,3008.36
1764500400,3011.10
1764504000,3002.40
1764507600,3026.71
1764511200,3046.41
1764514800,3031.52
1764518400,3032.10
1764522000,3037.23
1764525600,3036.87
1764529200,3037.69
1764532800,3038.57
1764536400,3027.78
1764540000,3026.60
1764543600,3024.20
1764547200,2988.40
1764550800,2856.77
1764554400,2869.75
1764558000,2838.88
1764561600,2823.31
1764565200,2824.60
1764568800,2828.69
1764572400,2824.85
1764576000,2836.21
1764579600,2841.40
1764583200,2843.92
1764586800,2839.24
1764590400,2833.01
1764594000,2831.01
1764597600,2821.20
1764601200,2810.41
1764604800,2738.78
1764608400,2740.46
1764612000,2741.84
1764615600,2748.81
1764619200,2754.70
1764622800,2760.88
1764626400,2809.05
1764630000,2806.85
1764633600,2795.28
1764637200,2801.93
1764640800,2795.44
1764644400,2799.45
1764648000,2805.11
1764651600,2803.86
1764655200,2800.96
1764658800,2810.99
1764662400,2804.85
1764666000,2800.51
1764669600,2801.07
1764673200,2823.85
1764676800,2828.60
1764680400,2823.68
1764684000,2845.12
1764687600,2925.18
1764691200,3018.65
1764694800,3003.49
1764698400,3020.94
1764702000,3023.93
1764705600,3011.49
1764709200,2984.57
1764712800,3008.70
1764716400,3012.49
1764720000,2996.64
1764723600,3000.79
1764727200,3026.74
1764730800,3026.46
1764734400,3034.58
1764738000,3061.16
1764741600,3071.41
1764745200,3066.67
1764748800,3059.40
1764752400,3054.00
1764756000,3063.00
1764759600,3058.33
1764763200,3079.80
1764766800,3088.79
1764770400,3033.61
1764774000,3107.29
1764777600,3087.60
1764781200,3099.92
1764784800,3137.23
1764788400,3116.99
1764792000,3124.11
1764795600,3140.99
1764799200,3154.86
1764802800,3193.20
1764806400,3193.00
1764810000,3203.51
1764813600,3205.91
1764817200,3226.08
1764820800,3211.22
1764824400,3193.25
1764828000,3181.26
1764831600,3200.67
1764835200,3196.72
1764838800,3186.83
1764842400,3203.67
1764846000,3188.80
1764849600,3190.02
1764853200,3163.19
1764856800,3170.19
1764860400,3156.65
1764864000,3192.40
1764867600,3166.59
1764871200,3156.22
1764874800,3128.38
1764878400,3118.80
1764882000,3142.94
1764885600,3129.72
1764889200,3142.48
1764892800,3140.53
1764896400,3150.10
1764900000,3161.70
1764903600,3185.40
1764907200,3178.59
1764910800,3172.69
1764914400,3164.26
1764918000,3171.16
1764921600,3165.79
1764925200,3152.60
1764928800,3132.59
1764932400,3138.95
1764936000,3128.78
1764939600,3117.19
1764943200,3103.45
1764946800,3145.47
1764950400,3093.54
1764954000,3033.36
1764957600,3037.49
1764961200,2991.89
1764964800,3039.45
1764968400,3032.36
1764972000,3018.61
1764975600,3016.31
1764979200,3021.10
1764982800,3024.94
1764986400,3023.95
1764990000,3035.93
1764993600,3041.70
1764997200,3037.32
1765000800,3036.77
1765004400,3039.41
1765008000,3025.84
1765011600,3017.38
1765015200,3027.89
1765018800,3030.20
1765022400,3040.29
1765026000,3034.20
1765029600,3037.42
1765033200,3052.16
1765036800,3047.88
1765040400,3053.70
1765044000,3052.89
1765047600,3048.42
1765051200,3036.14
1765054800,3044.08
1765058400,3042.50
1765062000,3037.54
1765065600,3040.18
1765069200,3045.24
1765072800,3045.02
1765076400,3051.74
1765080000,3055.45
1765083600,3048.25
1765087200,3045.28
1765090800,3048.93
1765094400,3034.35
1765098000,3037.13
1765101600,3031.51
1765105200,3039.66
1765108800,3037.87
1765112400,3048.11
1765116000,3024.69
1765119600,2941.73
1765123200,3009.93
1765126800,3036.11
1765130400,3126.51
1765134000,3130.21
1765137600,3135.00
1765141200,3134.34
1765144800,3064.87
1765148400,3039.72
1765152000,3060.00
1765155600,3065.92
1765159200,3101.31
1765162800,3109.30
1765166400,3110.15
1765170000,3126.64
1765173600,3128.11
1765177200,3132.36
1765180800,3131.60
1765184400,3155.85
1765188000,3157.00
1765191600,3157.06
1765195200,3137.19
1765198800,3131.20
1765202400,3145.19
1765206000,3139.40
1765209600,3095.34
1765213200,3113.00
1765216800,3118.54
1765220400,3102.13
1765224000,3127.35
1765227600,3135.40
1765231200,3144.60
1765234800,3135.11
1765238400,3126.14
1765242000,3113.30
1765245600,3115.53
1765249200,3104.40
1765252800,3125.10
1765256400,3108.06
1765260000,3112.10
1765263600,3113.50
1765267200,3122.96
1765270800,3120.20
1765274400,3110.22
1765278000,3109.07
1765281600,3119.30
1765285200,3136.20
1765288800,3118.40
1765292400,3143.92
1765296000,3271.51
1765299600,3387.04
1765303200,3375.65
1765306800,3367.34
1765310400,3350.35
1765314000,3321.80
1765317600,3303.75
1765321200,3329.00
1765324800,3322.60
1765328400,3314.80
1765332000,3295.46
1765335600,3312.11
1765339200,3311.46
1765342800,3323.55
1765346400,3318.33
1765350000,3324.48
1765353600,3328.66
1765357200,3322.13
1765360800,3371.41
1765364400,3316.85
1765368000,3314.41
1765371600,3325.06
1765375200,3330.28
1765378800,3332.19
1765382400,3333.97
1765386000,3353.34
1765389600,3369.03
1765393200,3364.37
1765396800,3380.28
1765400400,3348.41
1765404000,3342.27
1765407600,3348.34
1765411200,3325.20
1765414800,3271.58
1765418400,3248.80
1765422000,3193.63
1765425600,3186.12
1765429200,3207.47
1765432800,3210.90
1765436400,3202.04
1765440000,3200.08
1765443600,3200.87
1765447200,3200.99
1765450800,3198.32
1765454400,3196.26
1765458000,3202.56
1765461600,3192.72
1765465200,3166.44
1765468800,3179.45
1765472400,3176.19
1765476000,3196.31
1765479600,3207.84
1765483200,3204.74
1765486800,3227.23
1765490400,3252.39
1765494000,3236.07
1765497600,3234.23
1765501200,3200.38
1765504800,3232.80
1765508400,3261.30
1765512000,3247.92
1765515600,3251.52
1765519200,3257.94
1765522800,3252.48
1765526400,3246.65
1765530000,3244.80
1765533600,3252.75
1765537200,3244.40
1765540800,3237.34
1765544400,3246.24
1765548000,3240.87
1765551600,3215.29
1765555200,3062.74
1765558800,3073.65
1765562400,3074.10
1765566000,3080.43
1765569600,3076.00
1765573200,3085.25
1765576800,3084.12
1765580400,3095.79
1765584000,3091.94
1765587600,3088.68
1765591200,3085.36
1765594800,3088.60
1765598400,3089.50
1765602000,3091.79
1765605600,3089.15
1765609200,3094.74
1765612800,3096.14
1765616400,3118.68
1765620000,3121.32
1765623600,3127.61
1765627200,3123.35
1765630800,3116.81
1765634400,3108.29
1765638000,3120.61
1765641600,3117.52
1765645200,3102.80
1765648800,3103.71
1765652400,3102.49
1765656000,3110.40
1765659600,3104.92
1765663200,3117.58
1765666800,3112.05
1765670400,3108.83
1765674000,3118.30
1765677600,3122.69
1765681200,3124.94
1765684800,3120.60
1765688400,3113.20
1765692000,3111.97
1765695600,3113.24
1765699200,3118.28
1765702800,3111.90
1765706400,3109.90
1765710000,3100.71
1765713600,3076.48
1765717200,3085.70
1765720800,3101.52
1765724400,3081.81
1765728000,3083.30
1765731600,3095.20
1765735200,3089.10
1765738800,3097.50
1765742400,3090.51
1765746000,3083.35
1765749600,3085.40
1765753200,3074.40
1765756800,3070.33
1765760400,3072.34
1765764000,3116.09
1765767600,3121.07
1765771200,3115.60
1765774800,3120.68
1765778400,3120.25
1765782000,3130.80
1765785600,3126.96
1765789200,3146.40
1765792800,3157.28
1765796400,3158.62
1765800000,3151.41
1765803600,3144.74
1765807200,3137.05
1765810800,3020.11
1765814400,3012.60
1765818000,2977.55
1765821600,2928.15
1765825200,2963.15
1765828800,2940.96
1765832400,2926.13
1765836000,2944.80
1765839600,2960.45
1765843200,2966.55
1765846800,2948.69
1765850400,2944.42
1765854000,2946.84
1765857600,2932.82
1765861200,2919.80
1765864800,2928.81
1765868400,2947.98
1765872000,2927.55
1765875600,2930.10
1765879200,2927.43
1765882800,2944.32
1765886400,2958.85
1765890000,2953.30
1765893600,2901.29
1765897200,2930.28
1765900800,2954.61
1765904400,2943.16
1765908000,2926.45
1765911600,2938.94
1765915200,2948.61
1765918800,2943.26
1765922400,2955.20
1765926000,2950.61
1765929600,2955.41
1765933200,2956.28
1765936800,2950.54
1765940400,2961.39
1765944000,2948.16
1765947600,2923.80
1765951200,2938.75
1765954800,2938.05
1765958400,2943.10
1765962000,2923.05
1765965600,2916.84
1765969200,2919.69
1765972800,2934.94
1765976400,2930.95
1765980000,2943.50
1765983600,2996.32
1765987200,2921.26
1765990800,2846.39
1765994400,2855.60
1765998000,2803.55
1766001600,2811.81
1766005200,2827.40
1766008800,2816.60
1766012400,2828.40
1766016000,2830.40
1766019600,2828.50
1766023200,2823.65
1766026800,2835.22
1766030400,2839.71
1766034000,2836.34
1766037600,2827.30
1766041200,2830.04
1766044800,2835.30
1766048400,2838.02
1766052000,2854.30
1766055600,2853.44
1766059200,2858.76
1766062800,2885.74
1766066400,2979.35
1766070000,2945.00
1766073600,2960.26
1766077200,2927.45
1766080800,2836.57
1766084400,2806.67
1766088000,2806.80
1766091600,2802.70
1766095200,2831.29
1766098800,2830.02
1766102400,2827.74
1766106000,2824.56
1766109600,2813.43
1766113200,2856.28
1766116800,2913.52
1766120400,2917.20
1766124000,2915.65
1766127600,2957.04
1766131200,2953.35
1766134800,2947.55
1766138400,2961.27
1766142000,2951.24
1766145600,2955.40
1766149200,2959.60
1766152800,2963.20
1766156400,2971.99
1766160000,2976.05
1766163600,2972.17
1766167200,2946.11
1766170800,2969.66
1766174400,2981.70
1766178000,2988.60
1766181600,2981.39
1766185200,2984.53
1766188800,2974.60
1766192400,2975.30
1766196000,2974.31
1766199600,2983.28
1766203200,2988.25
1766206800,2983.41
1766210400,2982.34
1766214000,2978.76
1766217600,2985.75
1766221200,2983.86
1766224800,2981.69
1766228400,2976.84
1766232000,2986.21
1766235600,2990.09
1766239200,2973.24
1766242800,2975.43
1766246400,2977.74
1766250000,2978.55
1766253600,2976.03
1766257200,2975.56
1766260800,2976.86
1766264400,2983.33
1766268000,2979.09
1766271600,2975.39
1766275200,2976.35
1766278800,2978.04
1766282400,2972.16
1766286000,2969.67
1766289600,2972.97
1766293200,2974.08
1766296800,2973.60
1766300400,2975.04
1766304000,2980.07
1766307600,2995.19
1766311200,3005.25
1766314800,2992.74
1766318400,2997.57
1766322000,2970.34
1766325600,2960.09
1766329200,2965.87
1766332800,2976.50
1766336400,2985.30
1766340000,2978.90
1766343600,2990.90
1766347200,2992.99
1766350800,2986.78
1766354400,2976.10
1766358000,3003.88
1766361600,3005.60
1766365200,3028.31
1766368800,3009.55
1766372400,3006.47
1766376000,3021.19
1766379600,3037.50
1766383200,3028.76
1766386800,3029.65
1766390400,3032.05
1766394000,3029.78
1766397600,3032.35
1766401200,3042.24
1766404800,3051.08
1766408400,3058.63
1766412000,3060.53
1766415600,3058.81
1766419200,3050.36
1766422800,3036.72
1766426400,3032.41
1766430000,3005.40
1766433600,2984.45
1766437200,2983.00
1766440800,2984.30
1766444400,3005.26
1766448000,3004.89
1766451600,3030.58
1766455200,3009.81
1766458800,2983.09
1766462400,2985.78
1766466000,2978.85
1766469600,2972.04
1766473200,2963.75
1766476800,2961.50
1766480400,2963.50
1766484000,2968.71
1766487600,2964.30
1766491200,2966.54
1766494800,2957.55
1766498400,2945.75
1766502000,2916.15
1766505600,2944.37
1766509200,2957.55
1766512800,2918.07
1766516400,2950.00
1766520000,2946.24
1766523600,2965.25
1766527200,2974.14
1766530800,2958.20
1766534400,2964.96
1766538000,2970.40
1766541600,2955.74
1766545200,2922.60
1766548800,2948.59
1766552400,2937.43
1766556000,2924.99
1766559600,2934.40
1766563200,2933.50
1766566800,2926.86
1766570400,2920.50
1766574000,2931.25
1766577600,2925.65
1766581200,2934.78
1766584800,2933.09
1766588400,2914.30
1766592000,2932.43
1766595600,2940.30
1766599200,2935.66
1766602800,2941.30
1766606400,2945.33
1766610000,2944.70
1766613600,2949.91
1766617200,2952.40
1766620800,2942.10
1766624400,2939.25
1766628000,2943.63
1766631600,2951.30
1766635200,2944.79
1766638800,2939.95
1766642400,2938.90
1766646000,2940.67
1766649600,2940.21
1766653200,2927.63
1766656800,2926.00
1766660400,2923.28
1766664000,2925.32
1766667600,2924.81
1766671200,2930.88
1766674800,2931.16
1766678400,2955.68
1766682000,2945.45
1766685600,2955.55
1766689200,2955.36
1766692800,2953.05
1766696400,2948.00
1766700000,2946.67
1766703600,2920.11
1766707200,2905.18
1766710800,2904.94
1766714400,2920.71
1766718000,2968.69
1766721600,2952.40
1766725200,2969.70
1766728800,2973.40
1766732400,2976.94
1766736000,2959.92
1766739600,2963.80
1766743200,2969.90
1766746800,2968.41
1766750400,2964.92
1766754000,2973.53
1766757600,2983.38
1766761200,2913.15
1766764800,2925.80
1766768400,2914.46
1766772000,2920.98
1766775600,2922.77
1766779200,2921.90
1766782800,2932.05
1766786400,2925.30
1766790000,2930.80
1766793600,2928.36
1766797200,2925.37
1766800800,2923.91
1766804400,2926.04
1766808000,2928.63
1766811600,2929.24
1766815200,2928.21
1766818800,2930.13
1766822400,2933.30
1766826000,2933.80
1766829600,2932.14
1766833200,2925.15
1766836800,2929.81
1766840400,2928.64
1766844000,2927.70
1766847600,2928.01
1766851200,2926.33
1766854800,2920.74
1766858400,2926.59
1766862000,2924.48
1766865600,2929.75
1766869200,2927.52
1766872800,2932.25
1766876400,2932.16
1766880000,2946.58
1766883600,2947.70
1766887200,2941.90
1766890800,2945.03
1766894400,2940.78
1766898000,2935.33
1766901600,2934.79
1766905200,2940.33
1766908800,2937.83
1766912400,2938.11
1766916000,2937.79
1766919600,2943.20
1766923200,2941.90
1766926800,2938.74
1766930400,2942.85
1766934000,2948.95
1766937600,2948.44
1766941200,2942.67
1766944800,2940.83
1766948400,2926.68
1766952000,2932.84
1766955600,2929.02
1766959200,2935.06
1766962800,2943.89
1766966400,2945.70
1766970000,2956.80
1766973600,2985.91
1766977200,3002.55
1766980800,3039.49
1766984400,3031.72
1766988000,3030.86
1766991600,3031.30
1766995200,3011.23
1766998800,3012.10
1767002400,2972.18
1767006000,2958.55
1767009600,2956.03
1767013200,2933.19
1767016800,2920.99
1767020400,2922.84
1767024000,2933.51
1767027600,2936.48
1767031200,2942.38
1767034800,2919.75
1767038400,2930.04
1767042000,2930.52
1767045600,2932.05
1767049200,2935.96
1767052800,2936.05
1767056400,2930.99
1767060000,2931.46
1767063600,2923.57
1767067200,2950.62
1767070800,2943.84
1767074400,2940.27
1767078000,2945.02
1767081600,2972.27
1767085200,2977.10
1767088800,2979.03
1767092400,2973.76
1767096000,2979.43
1767099600,2980.26
1767103200,2965.58
1767106800,2973.84
1767110400,2978.36
1767114000,2981.84
1767117600,2975.21
1767121200,2964.27
1767124800,2969.35
1767128400,2957.89
1767132000,2967.48
1767135600,2967.00
1767139200,2966.64
1767142800,2962.78
1767146400,2978.16
1767150000,2978.38
1767153600,2969.30
1767157200,2971.22
1767160800,2973.07
1767164400,2970.97
1767168000,2975.39
1767171600,2969.90
1767175200,2973.81
1767178800,2978.49
1767182400,2993.63
1767186000,2987.34
1767189600,2999.29
1767193200,2990.78
1767196800,2979.80
1767200400,2970.49
1767204000,2973.84
1767207600,2974.85
1767211200,2967.30
1767214800,2973.99
1767218400,2976.57
1767222000,2970.61
1767225600,2971.08
1767229200,2977.59
1767232800,2981.52
1767236400,2979.70
1767240000,2976.45
1767243600,2974.10
1767247200,2976.77
1767250800,2974.05
1767254400,2974.40
1767258000,2979.80
1767261600,2981.53
1767265200,2982.26
1767268800,2985.41
1767272400,2982.75
1767276000,2976.60
1767279600,2980.90
1767283200,2983.91
1767286800,2981.22
1767290400,2986.20
1767294000,2986.53
1767297600,2989.95
1767301200,2985.71
1767304800,2988.21
1767308400,2990.79
1767312000,2996.50
1767315600,3001.54
1767319200,2997.69
1767322800,2998.29
1767326400,3017.32
1767330000,3009.99
1767333600,3014.00
1767337200,3025.72
1767340800,3013.95
1767344400,3028.20
1767348000,3044.70
1767351600,3047.58
1767355200,3043.50
1767358800,3048.49
1767362400,3051.91
1767366000,3074.47
1767369600,3080.30
1767373200,3137.79
1767376800,3126.77
1767380400,3107.69
1767384000,3121.38
1767387600,3120.12
1767391200,3134.98
1767394800,3134.22
1767398400,3127.96
1767402000,3129.97
1767405600,3124.62
1767409200,3124.37
1767412800,3124.97
1767416400,3117.62
1767420000,3110.32
1767423600,3100.95
1767427200,3091.69
1767430800,3097.43
1767434400,3100.10
1767438000,3096.93
1767441600,3094.13
1767445200,3105.67
1767448800,3102.66
1767452400,3101.76
1767456000,3102.81
1767459600,3107.18
1767463200,3105.93
1767466800,3113.71
1767470400,3109.34
1767474000,3113.08
1767477600,3118.08
1767481200,3122.67
1767484800,3132.98
1767488400,3160.75
1767492000,3147.15
1767495600,3140.88
1767499200,3147.45
1767502800,3146.49
1767506400,3150.98
1767510000,3143.11
1767513600,3128.49
1767517200,3137.21
1767520800,3144.07
1767524400,3140.97
1767528000,3137.96
1767531600,3135.18
1767535200,3137.46
1767538800,3136.21
1767542400,3136.38
1767546000,3139.18
1767549600,3134.02
1767553200,3128.37
1767556800,3131.55
1767560400,3142.27
1767564000,3148.76
1767567600,3149.08
1767571200,3149.11
1767574800,3167.47
1767578400,3195.45
1767582000,3194.20
1767585600,3183.83
1767589200,3164.48
1767592800,3151.84
1767596400,3158.51
1767600000,3160.07
1767603600,3159.15
1767607200,3167.10
1767610800,3169.14
1767614400,3177.14
1767618000,3170.10
1767621600,3159.06
1767625200,3162.64
1767628800,3198.26
1767632400,3184.96
1767636000,3208.21
1767639600,3220.00
1767643200,3237.95
1767646800,3246.14
1767650400,3235.72
1767654000,3235.07
1767657600,3230.78
1767661200,3221.96
1767664800,3220.09
1767668400,3219.23
1767672000,3226.24
1767675600,3225.40
1767679200,3223.36
1767682800,3236.23
1767686400,3222.90
1767690000,3223.20
1767693600,3225.70
1767697200,3234.80
1767700800,3236.17
1767704400,3233.31
1767708000,3242.51
1767711600,3280.09
1767715200,3275.36
1767718800,3251.40
1767722400,3206.00
1767726000,3219.95
1767729600,3232.43
1767733200,3239.49
1767736800,3284.03
1767740400,3280.80
1767744000,3290.45
1767747600,3265.50
1767751200,3243.50
1767754800,3273.00
1767758400,3269.31
1767762000,3252.01
1767765600,3249.10
1767769200,3254.54
1767772800,3254.26
1767776400,3252.46
1767780000,3203.89
1767783600,3218.88
1767787200,3219.03
1767790800,3214.58
1767794400,3195.20
1767798000,3167.69
1767801600,3166.43
1767805200,3154.90
1767808800,3146.80
1767812400,3152.91
1767816000,3145.90
1767819600,3138.72
1767823200,3144.30
1767826800,3141.91
1767830400,3164.90
1767834000,3169.19
1767837600,3170.79
1767841200,3161.62
1767844800,3140.57
1767848400,3157.14
1767852000,3136.07
1767855600,3098.51
1767859200,3126.52
1767862800,3114.55
1767866400,3099.36
1767870000,3126.70
1767873600,3114.30
1767877200,3094.19
1767880800,3080.24
1767884400,3068.64
1767888000,3097.44
1767891600,3123.07
1767895200,3129.33
1767898800,3120.52
1767902400,3096.60
1767906000,3109.46
1767909600,3118.70
1767913200,3115.59
1767916800,3105.75
1767920400,3115.27
1767924000,3108.42
1767927600,3107.79
1767931200,3119.40
1767934800,3117.77
1767938400,3116.16
1767942000,3118.48
1767945600,3101.52
1767949200,3090.38
1767952800,3085.56
1767956400,3096.77
1767960000,3090.69
1767963600,3081.76
1767967200,3093.77
1767970800,3068.53
1767974400,3118.15
1767978000,3127.47
1767981600,3114.11
1767985200,3087.30
1767988800,3083.89
1767992400,3069.71
1767996000,3084.02
1767999600,3085.76
1768003200,3086.05
1768006800,3080.79
1768010400,3088.07
1768014000,3082.28
1768017600,3080.85
1768021200,3077.00
1768024800,3083.64
1768028400,3086.30
1768032000,3089.44
1768035600,3087.06
1768039200,3094.05
1768042800,3096.70
1768046400,3095.18
1768050000,3094.61
1768053600,3091.06
1768057200,3091.21
1768060800,3092.55
1768064400,3093.54
1768068000,3089.17
1768071600,3090.02
1768075200,3088.20
1768078800,3086.79
1768082400,3080.48
1768086000,3079.61
1768089600,3081.84
1768093200,3088.80
1768096800,3091.32
1768100400,3089.46
1768104000,3093.45
1768107600,3094.50
1768111200,3097.15
1768114800,3094.42
1768118400,3090.41
1768122000,3101.13
1768125600,3099.69
1768129200,3102.90
1768132800,3104.01
1768136400,3109.75
1768140000,3109.01
1768143600,3120.07
1768147200,3116.20
1768150800,3125.00
1768154400,3119.99
1768158000,3127.30
1768161600,3115.89
1768165200,3105.79
1768168800,3108.25
1768172400,3092.54
1768176000,3112.09
1768179600,3130.92
1768183200,3125.59
1768186800,3153.26
1768190400,3146.65
1768194000,3154.45
1768197600,3154.40
1768201200,3153.81
1768204800,3130.61
1768208400,3115.31
1768212000,3115.19
1768215600,3105.77
1768219200,3115.45
1768222800,3114.18
1768226400,3103.52
1768230000,3094.08
1768233600,3129.24
1768237200,3134.47
1768240800,3097.80
1768244400,3096.27
1768248000,3121.70
1768251600,3091.84
1768255200,3097.71
1768258800,3087.60
1768262400,3095.37
1768266000,3106.00
1768269600,3103.36
1768273200,3101.10
1768276800,3113.37
1768280400,3123.27
1768284000,3127.73
1768287600,3128.67
1768291200,3123.45
1768294800,3138.86
1768298400,3137.54
1768302000,3131.12
1768305600,3131.66
1768309200,3128.96
1768312800,3133.44
1768316400,3139.25
1768320000,3187.72
1768323600,3183.88
1768327200,3181.34
1768330800,3195.34
1768334400,3214.57
1768338000,3211.26
1768341600,3214.57
1768345200,3341.15
1768348800,3328.23
1768352400,3323.73
1768356000,3331.82
1768359600,3326.50
1768363200,3351.96
1768366800,3336.86
1768370400,3328.53
1768374000,3338.19
1768377600,3337.50
1768381200,3328.06
1768384800,3327.13
1768388400,3306.67
1768392000,3288.72
1768395600,3291.77
1768399200,3307.68
1768402800,3333.35
1768406400,3352.76
1768410000,3369.49
1768413600,3343.06
1768417200,3344.88
1768420800,3365.47
1768424400,3379.71
1768428000,3368.64
1768431600,3358.89
1768435200,3347.16
1768438800,3341.20
1768442400,3328.17
1768446000,3313.22
1768449600,3293.39
1768453200,3308.02
1768456800,3316.05
1768460400,3318.54
1768464000,3331.60
1768467600,3333.81
1768471200,3359.29
1768474800,3361.51
1768478400,3353.84
1768482000,3365.38
1768485600,3376.20
1768489200,3341.40
1768492800,3322.35
1768496400,3331.40
1768500000,3304.66
1768503600,3285.41
1768507200,3305.20
1768510800,3296.59
1768514400,3304.45
1768518000,3306.01
1768521600,3321.71
1768525200,3313.99
1768528800,3303.81
1768532400,3303.60
1768536000,3297.10
1768539600,3287.40
1768543200,3309.08
1768546800,3313.43
1768550400,3310.51
1768554000,3313.75
1768557600,3305.68
1768561200,3295.56
1768564800,3302.08
1768568400,3306.72
1768572000,3310.40
1768575600,3295.86
1768579200,3264.59
1768582800,3275.76
1768586400,3282.20
1768590000,3277.91
1768593600,3268.24
1768597200,3294.70
1768600800,3291.53
1768604400,3294.01
1768608000,3292.56
1768611600,3292.56
1768615200,3287.56
1768618800,3289.73
1768622400,3288.50
1768626000,3291.70
1768629600,3289.14
1768633200,3287.93
1768636800,3292.68
1768640400,3295.87
1768644000,3298.35
1768647600,3295.84
1768651200,3301.55
1768654800,3299.51
1768658400,3302.78
1768662000,3311.23
1768665600,3324.66
1768669200,3317.04
1768672800,3316.55
1768676400,3317.55
1768680000,3315.97
1768683600,3316.34
1768687200,3310.77
1768690800,3304.16
1768694400,3306.26
1768698000,3303.76
1768701600,3303.85
1768705200,3304.44
1768708800,3315.04
1768712400,3310.81
1768716000,3314.39
1768719600,3314.56
1768723200,3304.25
1768726800,3315.91
1768730400,3318.21
1768734000,3321.40
1768737600,3321.30
1768741200,3321.52
1768744800,3324.56
1768748400,3326.46
1768752000,3332.46
1768755600,3335.00
1768759200,3340.17
1768762800,3365.11
1768766400,3344.69
1768770000,3338.12
1768773600,3342.96
1768777200,3327.60
1768780800,3258.31
1768784400,3213.90
1768788000,3202.37
1768791600,3205.80
1768795200,3208.38
1768798800,3213.19
1768802400,3203.24
1768806000,3197.48
1768809600,3202.68
1768813200,3210.96
1768816800,3206.14
1768820400,3212.83
1768824000,3218.86
1768827600,3221.39
1768831200,3215.68
1768834800,3216.37
1768838400,3217.50
1768842000,3217.90
1768845600,3212.23
1768849200,3214.72
1768852800,3220.60
1768856400,3217.79
1768860000,3212.44
1768863600,3181.52
1768867200,3194.10
1768870800,3185.17
1768874400,3187.25
1768878000,3189.80
1768881600,3184.68
1768885200,3163.40
1768888800,3165.42
1768892400,3110.95
1768896000,3115.65
1768899600,3095.62
1768903200,3090.24
1768906800,3105.76
1768910400,3109.17
1768914000,3103.16
1768917600,3085.00
1768921200,3024.50
1768924800,3027.56
1768928400,3013.30
1768932000,3000.17
1768935600,2991.34
1768939200,2988.01
1768942800,2998.60
1768946400,2992.27
1768950000,2936.30
1768953600,2943.83
1768957200,2958.45
1768960800,2967.63
1768964400,2964.69
1768968000,2981.94
1768971600,2977.93
1768975200,2989.70
1768978800,2981.31
1768982400,2966.07
1768986000,2965.95
1768989600,2958.97
1768993200,2958.76
1768996800,2940.92
1769000400,2937.59
1769004000,2931.45
1769007600,2973.49
1769011200,2992.62
1769014800,2911.64
1769018400,2890.20
1769022000,2920.95
1769025600,3039.66
1769029200,3025.15
1769032800,3032.16
1769036400,3014.51
1769040000,2989.92
1769043600,3015.89
1769047200,3026.20
1769050800,3022.93
1769054400,3011.41
1769058000,3022.73
1769061600,3024.83
1769065200,3012.76
1769068800,3004.90
1769072400,3002.25
1769076000,3009.89
1769079600,2997.29
1769083200,2983.47
1769086800,2990.25
1769090400,2970.49
1769094000,2949.42
1769097600,2945.62
1769101200,2946.50
1769104800,2952.29
1769108400,2935.12
1769112000,2949.45
1769115600,2932.19
1769119200,2944.98
1769122800,2941.15
1769126400,2948.58
1769130000,2956.03
1769133600,2960.31
1769137200,2952.45
1769140800,2961.49
1769144400,2972.44
1769148000,2968.73
1769151600,2938.56
1769155200,2946.21
1769158800,2929.26
1769162400,2919.54
1769166000,2933.27
1769169600,2934.00
1769173200,2933.40
1769176800,2929.68
1769180400,2914.78
1769184000,2960.13
1769187600,2964.48
1769191200,2987.42
1769194800,2977.66
1769198400,2955.09
1769202000,2943.00
1769205600,2950.96
1769209200,2955.89
1769212800,2953.78
1769216400,2949.76
1769220000,2952.70
1769223600,2961.10
1769227200,2960.71
1769230800,2958.46
1769234400,2956.50
1769238000,2956.91
1769241600,2953.61
1769245200,2959.40
1769248800,2957.46
1769252400,2958.02
1769256000,2956.64
1769259600,2959.83
1769263200,2949.44
1769266800,2958.88
1769270400,2952.92
1769274000,2954.55
1769277600,2960.51
1769281200,2958.95
1769284800,2952.90
1769288400,2950.96
1769292000,2955.52
1769295600,2954.49
1769299200,2950.20
1769302800,2954.53
1769306400,2952.76
1769310000,2949.38
1769313600,2941.66
1769317200,2941.40
1769320800,2941.13
1769324400,2939.25
1769328000,2937.38
1769331600,2925.92
1769335200,2932.97
1769338800,2938.36
1769342400,2931.52
1769346000,2939.15
1769349600,2934.67
1769353200,2929.39
1769356800,2911.80
1769360400,2891.27
1769364000,2879.81
1769367600,2842.97
1769371200,2813.08
1769374800,2814.69
1769378400,2812.65
1769382000,2803.20
1769385600,2818.40
1769389200,2852.23
1769392800,2870.22
1769396400,2867.63
1769400000,2847.11
1769403600,2862.45
1769407200,2866.29
1769410800,2884.41
1769414400,2901.78
1769418000,2898.80
1769421600,2887.21
1769425200,2896.02
1769428800,2896.63
1769432400,2896.66
1769436000,2909.04
1769439600,2918.61
1769443200,2901.74
1769446800,2906.09
1769450400,2918.03
1769454000,2927.40
1769457600,2926.30
1769461200,2899.08
1769464800,2932.57
1769468400,2918.21
1769472000,2925.00
1769475600,2911.93
1769479200,2937.55
1769482800,2943.80
1769486400,2936.52
1769490000,2937.74
1769493600,2936.88
1769497200,2929.88
1769500800,2927.60
1769504400,2916.11
1769508000,2907.22
1769511600,2902.36
1769515200,2915.13
1769518800,2915.12
1769522400,2916.79
1769526000,2921.00
1769529600,2942.87
1769533200,2986.86
1769536800,2941.81
1769540400,2969.00
1769544000,2981.65
1769547600,3021.32
1769551200,3014.57
1769554800,3009.80
1769558400,3017.80
1769562000,3022.20
1769565600,3012.98
1769569200,3005.40
1769572800,3001.62
1769576400,3002.49
1769580000,3010.64
1769583600,3008.87
1769587200,3001.85
1769590800,2986.89
1769594400,3015.96
1769598000,3019.71
1769601600,3028.80
1769605200,3026.40
1769608800,3030.76
1769612400,3013.65
1769616000,2998.94
1769619600,3002.26
1769623200,3005.60
1769626800,3016.06
1769630400,3015.56
1769634000,3002.40
1769637600,3018.65
1769641200,3016.84
1769644800,3002.80
1769648400,3006.78
1769652000,2991.80
1769655600,2960.13
1769659200,2947.86
1769662800,2961.32
1769666400,2953.49
1769670000,2955.67
1769673600,2953.81
1769677200,2950.37
1769680800,2939.18
1769684400,2934.20
1769688000,2925.66
1769691600,2934.49
1769695200,2928.37
1769698800,2848.44
1769702400,2812.65
1769706000,2832.71
1769709600,2828.60
1769713200,2765.02
1769716800,2789.06
1769720400,2808.65
1769724000,2820.88
1769727600,2813.40
1769731200,2824.66
1769734800,2800.99
1769738400,2737.22
1769742000,2734.76
1769745600,2741.36
1769749200,2747.35
1769752800,2740.25
1769756400,2718.14
1769760000,2739.18
1769763600,2738.87
1769767200,2714.32
1769770800,2734.33
1769774400,2755.75
1769778000,2729.57
1769781600,2732.89
1769785200,2737.21
1769788800,2717.11
1769792400,2709.74
1769796000,2714.20
1769799600,2747.10
1769803200,2735.03
1769806800,2682.25
1769810400,2698.79
1769814000,2703.24
1769817600,2701.50
1769821200,2705.59
1769824800,2693.31
1769828400,2699.08
1769832000,2696.26
1769835600,2690.89
1769839200,2692.38
1769842800,2688.79
1769846400,2674.80
1769850000,2643.31
1769853600,2640.50
1769857200,2642.21
1769860800,2637.99
1769864400,2629.70
1769868000,2630.49
1769871600,2528.86
1769875200,2529.65
1769878800,2480.12
1769882400,2401.00
1769886000,2378.09
1769889600,2378.80
1769893200,2372.38
1769896800,2421.34
1769900400,2419.09
1769904000,2452.25
1769907600,2442.80
1769911200,2438.99
1769914800,2446.84
1769918400,2440.96
1769922000,2439.00
1769925600,2429.58
1769929200,2409.14
1769932800,2409.98
1769936400,2413.60
1769940000,2426.80
1769943600,2386.25
1769947200,2406.83
1769950800,2402.38
1769954400,2377.26
1769958000,2355.57
1769961600,2303.48
1769965200,2313.34
1769968800,2338.05
1769972400,2337.44
1769976000,2318.62
1769979600,2304.94
1769983200,2300.96
1769986800,2294.51
1769990400,2259.00
1769994000,2303.07
1769997600,2287.60
1770001200,2256.96
1770004800,2214.44
1770008400,2235.52
1770012000,2192.21
1770015600,2229.20
1770019200,2239.39
1770022800,2245.89
1770026400,2289.92
1770030000,2278.39
1770033600,2290.09
1770037200,2304.74
1770040800,2321.11
1770044400,2332.92
1770048000,2368.16
1770051600,2370.99
1770055200,2349.26
1770058800,2341.50
1770062400,2332.96
1770066000,2336.57
1770069600,2346.58
1770073200,2348.30
1770076800,2333.72
1770080400,2349.66
1770084000,2344.36
1770087600,2286.21
1770091200,2338.70
1770094800,2336.74
1770098400,2316.39
1770102000,2313.01
1770105600,2321.59
1770109200,2313.37
1770112800,2295.26
1770116400,2284.03
1770120000,2273.31
1770123600,2297.57
1770127200,2310.10
1770130800,2266.69
1770134400,2290.95
1770138000,2241.27
1770141600,2180.24
1770145200,2125.65
1770148800,2194.33
1770152400,2325.45
1770156000,2275.05
1770159600,2218.19
1770163200,2225.64
1770166800,2263.55
1770170400,2263.78
1770174000,2253.33
1770177600,2277.75
1770181200,2271.01
1770184800,2262.38
1770188400,2267.14
1770192000,2272.49
1770195600,2272.55
1770199200,2253.58
1770202800,2241.42
1770206400,2254.25
1770210000,2236.28
1770213600,2198.05
1770217200,2168.19
1770220800,2148.01
1770224400,2140.05
1770228000,2104.84
1770231600,2156.57
1770235200,2178.93
1770238800,2166.58
1770242400,2100.44
1770246000,2118.18
1770249600,2138.80
1770253200,2151.30
1770256800,2130.65
1770260400,2122.69
1770264000,2096.74
1770267600,2106.75
1770271200,2088.66
1770274800,2114.66
1770278400,2092.93
1770282000,2112.98
1770285600,2123.35
1770289200,2098.12
1770292800,2085.22
1770296400,2058.83
1770300000,2070.60
1770303600,2025.25
1770307200,1948.07
1770310800,1980.83
1770314400,1955.28
1770318000,1936.69
1770321600,1923.50
1770325200,1897.24
1770328800,1850.39
1770332400,1895.07
1770336000,1810.68
1770339600,1893.29
1770343200,1935.73
1770346800,1907.71
1770350400,1889.86
1770354000,1914.50
1770357600,1961.09
1770361200,1898.47
1770364800,1888.93
1770368400,1872.35
1770372000,1915.39
1770375600,1923.25
1770379200,1925.00
1770382800,1932.13
1770386400,1943.65
1770390000,1977.52
1770393600,1991.57
1770397200,2034.47
1770400800,2054.57
1770404400,2048.27
1770408000,2061.40
1770411600,2056.70
1770415200,2061.97
1770418800,2083.12
1770422400,2055.80
1770426000,2043.36
1770429600,2058.95
1770433200,2064.18
1770436800,2089.37
1770440400,2087.82
1770444000,2084.12
1770447600,2042.75
1770451200,2025.35
1770454800,2021.39
1770458400,2014.91
1770462000,2012.63
1770465600,2031.34
1770469200,2042.53
1770472800,2041.69
1770476400,2029.21
1770480000,2053.10
1770483600,2044.03
1770487200,2064.22
1770490800,2093.74
1770494400,2095.84
1770498000,2101.18
1770501600,2099.00
1770505200,2085.40
1770508800,2091.00
1770512400,2085.39
1770516000,2093.12
1770519600,2082.53
1770523200,2079.65
1770526800,2081.05
1770530400,2079.54
1770534000,2077.88
1770537600,2086.21
1770541200,2111.04
1770544800,2104.67
1770548400,2102.18
1770552000,2129.77
1770555600,2128.34
1770559200,2123.96
1770562800,2125.30
1770566400,2113.66
1770570000,2088.84
1770573600,2095.40
1770577200,2108.19
1770580800,2115.59
1770584400,2105.71
1770588000,2097.53
1770591600,2121.95
1770595200,2091.36
1770598800,2084.78
1770602400,2070.30
1770606000,2083.90
1770609600,2095.11
1770613200,2084.77
1770616800,2086.13
1770620400,2076.35
1770624000,2066.79
1770627600,2050.09
1770631200,2035.84
1770634800,2033.26
1770638400,2031.05
1770642000,2030.35
1770645600,2023.30
1770649200,2062.80
1770652800,2056.88
1770656400,2094.26
1770660000,2134.37
1770663600,2128.00
1770667200,2131.09
1770670800,2119.59
1770674400,2118.52
1770678000,2117.76
1770681600,2103.67
1770685200,2101.77
1770688800,2113.25
1770692400,2104.34
1770696000,2067.37
1770699600,2069.91
1770703200,2053.98
1770706800,2013.62
1770710400,2003.45
1770714000,2028.06
1770717600,2012.51
1770721200,2013.32
1770724800,2009.07
1770728400,2005.97
1770732000,2013.42
1770735600,2005.23
1770739200,2016.60
1770742800,2020.34
1770746400,2032.48
1770750000,2004.87
1770753600,2014.76
1770757200,2014.44
1770760800,2010.94
1770764400,2014.70
1770768000,2020.71
1770771600,2027.39
1770775200,2027.57
1770778800,2014.03
1770782400,2008.39
1770786000,1975.64
1770789600,1974.82
1770793200,1950.55
1770796800,1949.33
1770800400,1949.53
1770804000,1939.41
1770807600,1942.46
1770811200,1951.14
1770814800,1948.85
1770818400,1978.24
1770822000,1938.79
1770825600,1932.68
1770829200,1910.15
1770832800,1922.81
1770836400,1946.09
1770840000,1950.20
1770843600,1952.79
1770847200,1965.09
1770850800,1952.32
1770854400,1945.58
1770858000,1963.70
1770861600,1961.38
1770865200,1962.18
1770868800,1968.63
1770872400,1967.70
1770876000,1964.91
1770879600,1972.55
1770883200,1969.80
1770886800,1965.08
1770890400,1984.07
1770894000,1992.47
1770897600,1983.01
1770901200,1977.93
1770904800,1983.03
1770908400,1968.04
1770912000,1947.60
1770915600,1912.61
1770919200,1914.36
1770922800,1915.98
1770926400,1929.58
1770930000,1920.03
1770933600,1923.32
1770937200,1945.28
1770940800,1949.09
1770944400,1936.28
1770948000,1943.69
1770951600,1948.41
1770955200,1951.12
1770958800,1943.90
1770962400,1934.95
1770966000,1937.90
1770969600,1937.82
1770973200,1956.63
1770976800,1959.58
1770980400,1956.82
1770984000,1954.83
1770987600,1961.89
1770991200,1965.85
1770994800,1990.66
1770998400,2037.48
1771002000,2055.76
1771005600,2056.53
1771009200,2054.43
1771012800,2057.34
1771016400,2054.77
1771020000,2053.91
1771023600,2053.26
1771027200,2048.60
1771030800,2050.86
1771034400,2052.89
1771038000,2048.97
1771041600,2052.75
1771045200,2052.48
1771048800,2051.26
1771052400,2053.57
1771056000,2062.30
1771059600,2086.64
1771063200,2073.68
1771066800,2078.45
1771070400,2098.02
1771074000,2065.29
1771077600,2073.61
1771081200,2086.03
1771084800,2087.06
1771088400,2078.59
1771092000,2082.26
1771095600,2085.51
1771099200,2090.91
1771102800,2094.27
1771106400,2086.92
1771110000,2088.66
1771113600,2084.65
1771117200,2080.69
1771120800,2065.08
1771124400,2059.72
1771128000,2061.11
1771131600,2076.33
1771135200,2087.11
1771138800,2086.73
1771142400,2090.96
1771146000,2069.50
1771149600,2067.02
1771153200,2062.17
1771156800,2061.91
1771160400,2020.69
1771164000,2000.74
1771167600,2010.17
1771171200,2005.17
1771174800,2005.64
1771178400,1964.41
1771182000,1945.68
1771185600,1935.50
1771189200,1954.48
1771192800,1959.88
1771196400,1956.96
1771200000,1964.04
1771203600,1972.49
1771207200,1964.80
1771210800,1956.54
1771214400,1963.85
1771218000,1966.75
1771221600,1960.06
1771225200,1965.47
1771228800,1972.46
1771232400,1987.69
1771236000,1983.43
1771239600,1979.88
1771243200,1976.08
1771246800,2018.17
1771250400,1968.07
1771254000,1979.65
1771257600,1961.24
1771261200,1972.67
1771264800,1982.30
1771268400,1966.58
1771272000,1975.07
1771275600,1988.95
1771279200,1998.43
1771282800,1993.26
1771286400,1996.27
1771290000,1995.05
1771293600,1986.54
1771297200,1991.72
1771300800,1985.84
1771304400,1988.69
1771308000,1975.33
1771311600,1979.39
1771315200,1988.88
1771318800,1979.13
1771322400,1974.38
1771326000,1966.93
1771329600,1969.47
1771333200,1966.09
1771336800,1993.19
1771340400,1951.43
1771344000,1987.07
1771347600,1978.02
1771351200,1962.91
1771354800,2000.59
1771358400,1997.22
1771362000,1994.68
1771365600,1998.77
1771369200,1992.79
1771372800,1992.40
1771376400,1975.50
1771380000,1981.13
1771383600,1990.06
1771387200,1994.00
1771390800,1996.88
1771394400,1996.32
1771398000,2003.67
1771401600,2017.65
1771405200,2017.60
1771408800,2014.70
1771412400,1995.19
1771416000,1984.40
1771419600,1979.72
1771423200,1972.47
1771426800,1987.72
1771430400,1975.69
1771434000,1976.47
1771437600,1972.69
1771441200,1956.19
1771444800,1940.45
1771448400,1938.49
1771452000,1943.51
1771455600,1946.56
1771459200,1954.06
1771462800,1960.42
1771466400,1965.44
1771470000,1968.69
1771473600,1976.48
1771477200,1968.35
1771480800,1972.81
1771484400,1981.47
1771488000,1978.40
1771491600,1968.87
1771495200,1959.64
1771498800,1959.82
1771502400,1946.67
1771506000,1943.18
1771509600,1921.69
1771513200,1942.17
1771516800,1916.96
1771520400,1922.80
1771524000,1920.91
1771527600,1940.25
1771531200,1942.56
1771534800,1950.87
1771538400,1943.69
1771542000,1943.36
1771545600,1947.17
1771549200,1958.56
1771552800,1955.20
1771556400,1952.14
1771560000,1948.26
1771563600,1940.04
1771567200,1956.09
1771570800,1957.26
1771574400,1961.21
1771578000,1966.66
1771581600,1966.52
1771585200,1953.17
1771588800,1945.79
1771592400,1944.56
1771596000,1937.24
1771599600,1964.11
1771603200,1966.87
1771606800,1965.18
1771610400,1967.35
1771614000,1970.81
1771617600,1965.53
1771621200,1968.20
1771624800,1970.07
1771628400,1969.94
1771632000,1966.51
1771635600,1964.44
1771639200,1965.05
1771642800,1960.76
1771646400,1957.36
1771650000,1962.45
1771653600,1962.91
1771657200,1960.55
1771660800,1963.08
1771664400,1967.79
1771668000,1971.95
1771671600,1973.44
1771675200,1977.70
1771678800,1973.79
1771682400,1978.77
1771686000,1986.76
1771689600,1979.64
1771693200,1986.81
1771696800,1989.26
1771700400,1990.44
1771704000,1987.09
1771707600,1975.23
1771711200,1980.70
1771714800,1972.13
1771718400,1973.44
1771722000,1973.74
1771725600,1978.30
1771729200,1971.58
1771732800,1975.50
1771736400,1973.28
1771740000,1975.98
1771743600,1975.75
1771747200,1976.04
1771750800,1972.79
1771754400,1976.05
1771758000,1980.37
1771761600,1977.54
1771765200,1967.49
1771768800,1947.00
1771772400,1950.27
1771776000,1952.64
1771779600,1951.02
1771783200,1940.13
1771786800,1944.05
1771790400,1943.13
1771794000,1941.62
1771797600,1949.42
1771801200,1958.45
1771804800,1954.30
1771808400,1909.60
1771812000,1858.82
1771815600,1865.22
1771819200,1862.18
1771822800,1861.09
1771826400,1866.40
1771830000,1884.13
1771833600,1883.94
1771837200,1885.08
1771840800,1922.18
1771844400,1912.33
1771848000,1914.06
1771851600,1920.39
1771855200,1922.00
1771858800,1900.64
1771862400,1886.58
1771866000,1886.00
1771869600,1865.03
1771873200,1856.89
1771876800,1859.50
1771880400,1866.47
1771884000,1866.83
1771887600,1863.60
1771891200,1855.78
1771894800,1863.68
1771898400,1837.55
1771902000,1836.69
1771905600,1831.64
1771909200,1831.84
1771912800,1820.02
1771916400,1815.02
1771920000,1821.35
1771923600,1829.35
1771927200,1824.65
1771930800,1824.84
1771934400,1824.00
1771938000,1824.82
1771941600,1813.10
1771945200,1832.06
1771948800,1859.64
1771952400,1859.20
1771956000,1854.56
1771959600,1857.55
1771963200,1853.00
1771966800,1851.22
1771970400,1859.95
1771974000,1856.02
1771977600,1850.60
1771981200,1854.16
1771984800,1919.56
1771988400,1918.79
1771992000,1900.66
1771995600,1907.08
1771999200,1889.96
1772002800,1886.42
1772006400,1892.01
1772010000,1912.20
1772013600,1914.01
1772017200,1912.16
1772020800,1924.72
1772024400,1955.28
1772028000,1967.30
1772031600,1999.00
1772035200,2016.14
1772038800,2058.24
1772042400,2058.41
1772046000,2071.17
1772049600,2069.63
1772053200,2073.11
1772056800,2110.07
1772060400,2079.86
1772064000,2051.45
1772067600,2064.12
1772071200,2049.12
1772074800,2052.54
1772078400,2055.17
1772082000,2074.62
1772085600,2062.17
1772089200,2066.40
1772092800,2054.13
1772096400,2054.95
1772100000,2077.44
1772103600,2064.90
1772107200,2062.45
1772110800,2067.24
1772114400,2063.82
1772118000,2049.60
1772121600,2029.19
1772125200,1991.64
1772128800,1989.85
1772132400,2025.66
1772136000,2040.76
1772139600,2028.45
1772143200,2031.41
1772146800,2028.33
1772150400,2024.25
1772154000,2010.06
1772157600,2024.75
1772161200,2025.89
1772164800,2053.38
1772168400,2045.46
1772172000,2042.28
1772175600,2034.45
1772179200,2033.59
1772182800,2034.55
1772186400,2007.00
1772190000,1982.60
1772193600,1960.00
1772197200,1967.71
1772200800,1958.40
1772204400,1948.10
1772208000,1945.75
1772211600,1930.79
1772215200,1930.01
1772218800,1920.30
1772222400,1922.96
1772226000,1929.35
1772229600,1918.94
1772233200,1924.15
1772236800,1930.80
1772240400,1934.97
1772244000,1924.56
1772247600,1927.45
1772251200,1925.32
1772254800,1925.98
1772258400,1919.23
1772262000,1853.71
1772265600,1865.76
1772269200,1852.76
1772272800,1849.36
1772276400,1872.11
1772280000,1865.05
1772283600,1867.30
1772287200,1893.60
1772290800,1893.63
1772294400,1894.95
1772298000,1902.96
1772301600,1905.86
1772305200,1931.66
1772308800,1941.33
1772312400,1953.55
1772316000,1963.28
1772319600,1966.33
1772323200,1967.46
1772326800,1955.85
1772330400,2043.04
1772334000,2036.61
1772337600,2026.98
1772341200,2016.17
1772344800,2006.30
1772348400,1994.96
1772352000,2000.44
1772355600,1989.49
1772359200,1979.31
1772362800,1986.66
1772366400,1983.29
1772370000,1977.28
1772373600,2011.88
1772377200,2004.88
1772380800,2002.24
1772384400,1970.27
1772388000,1984.26
1772391600,1972.09
1772395200,1953.79
1772398800,1913.22
1772402400,1931.51
1772406000,1936.00
1772409600,1941.70
1772413200,1966.85
1772416800,1964.00
1772420400,1950.33
1772424000,1971.45
1772427600,1967.68
1772431200,1966.60
1772434800,1934.56
1772438400,1934.19
1772442000,1950.00
1772445600,1952.88
1772449200,1951.43
1772452800,1948.56
1772456400,1934.83
1772460000,1925.76
1772463600,1984.73
1772467200,2054.09
1772470800,2063.27
1772474400,2032.93
1772478000,2033.01
1772481600,2053.26
1772485200,2032.03
1772488800,2044.55
1772492400,2048.50
1772496000,2031.28
1772499600,2034.70
1772503200,2010.75
1772506800,2008.99
1772510400,2010.74
1772514000,2000.42
1772517600,1992.25
1772521200,1999.22
1772524800,1993.60
1772528400,1957.40
1772532000,1952.48
1772535600,1960.55
1772539200,1965.96
1772542800,1955.32
1772546400,1960.84
1772550000,1944.70
1772553600,1975.53
1772557200,1975.53
1772560800,1980.08
1772564400,1988.64
1772568000,1988.16
1772571600,1968.73
1772575200,1977.11
1772578800,1986.66
1772582400,1981.52
1772586000,1982.88
1772589600,1979.20
1772593200,1971.55
1772596800,1958.08
1772600400,1960.24
1772604000,1970.39
1772607600,1977.11
1772611200,2006.19
1772614800,2059.01
1772618400,2079.45
1772622000,2072.08
1772625600,2052.85
1772629200,2055.74
1772632800,2065.20
1772636400,2084.01
1772640000,2148.63
1772643600,2150.24
1772647200,2150.35
1772650800,2170.41
1772654400,2178.97
1772658000,2154.24
1772661600,2159.09
1772665200,2132.52
1772668800,2126.32
1772672400,2128.03
1772676000,2120.85
1772679600,2124.04
1772683200,2122.26
1772686800,2136.14
1772690400,2123.20
1772694000,2125.69
1772697600,2099.24
1772701200,2124.64
1772704800,2122.87
1772708400,2152.46
1772712000,2131.66
1772715600,2128.91
1772719200,2120.69
1772722800,2107.02
1772726400,2076.35
1772730000,2091.93
1772733600,2064.62
1772737200,2080.87
1772740800,2079.56
1772744400,2096.32
1772748000,2077.69
1772751600,2079.51
1772755200,2074.63
1772758800,2074.86
1772762400,2085.81
1772766000,2085.65
1772769600,2084.75
1772773200,2071.08
1772776800,2069.36
1772780400,2078.57
1772784000,2079.66
1772787600,2075.67
1772791200,2063.43
1772794800,2060.39
1772798400,2049.50
1772802000,2048.85
1772805600,2021.24
1772809200,1985.89
1772812800,1984.41
1772816400,1975.23
1772820000,1971.22
1772823600,1977.14
1772827200,1985.50
1772830800,1980.44
1772834400,1984.11
1772838000,1985.86
1772841600,1977.14
1772845200,1982.81
1772848800,1979.74
1772852400,1982.87
1772856000,1967.28
1772859600,1977.08
1772863200,1978.14
1772866800,1970.04
1772870400,1982.32
1772874000,1977.45
1772877600,1988.41
1772881200,1982.84
1772884800,1990.74
1772888400,1984.09
1772892000,1978.72
1772895600,1985.15
1772899200,1978.41
1772902800,1980.26
1772906400,1970.22
1772910000,1969.18
1772913600,1960.19
1772917200,1965.95
1772920800,1969.38
1772924400,1968.65
1772928000,1972.80
1772931600,1966.58
1772935200,1968.92
1772938800,1946.43
1772942400,1950.19
1772946000,1940.44
1772949600,1951.33
1772953200,1951.11
1772956800,1952.98
1772960400,1958.02
1772964000,1965.19
1772967600,1967.87
1772971200,1953.96
1772974800,1942.32
1772978400,1944.23
1772982000,1945.18
1772985600,1943.08
1772989200,1945.16
1772992800,1935.21
1772996400,1935.53
1773000000,1959.99
1773003600,1959.04
1773007200,1920.30
1773010800,1950.38
1773014400,1940.67
1773018000,1947.96
1773021600,1944.67
1773025200,1970.61
1773028800,1979.18
1773032400,1980.33
1773036000,2006.02
1773039600,1979.88
1773043200,1980.75
1773046800,1993.65
1773050400,2004.07
1773054000,1997.48
1773057600,1997.07
1773061200,2004.21
1773064800,2021.44
1773068400,2021.40
1773072000,2026.95
1773075600,2027.94
1773079200,2012.33
1773082800,2013.76
1773086400,2034.21
1773090000,2033.67
1773093600,2024.09
1773097200,2000.69
1773100800,1993.75
1773104400,2015.00
1773108000,2017.15
1773111600,2039.52
1773115200,2030.04
1773118800,2049.16
1773122400,2042.78
1773126000,2041.94
1773129600,2055.42
1773133200,2060.07
1773136800,2066.85
1773140400,2064.81
1773144000,2057.60
1773147600,2052.08
1773151200,2034.03
1773154800,2086.47
1773158400,2076.22
1773162000,2079.44
1773165600,2072.12
1773169200,2038.49
1773172800,2040.24
1773176400,2043.42
1773180000,2026.75
1773183600,2032.16
1773187200,2030.56
1773190800,2037.63
1773194400,2036.20
1773198000,2024.85
1773201600,2020.44
1773205200,2039.70
1773208800,2018.21
1773212400,2023.52
1773216000,2014.37
1773219600,2020.63
1773223200,2020.37
1773226800,2029.10
1773230400,2015.37
1773234000,2022.80
1773237600,2059.12
1773241200,2058.50
1773244800,2048.30
1773248400,2075.92
1773252000,2070.32
1773255600,2075.39
1773259200,2072.15
1773262800,2070.51
1773266400,2072.92
1773270000,2063.45
1773273600,2050.68
1773277200,2046.57
1773280800,2046.25
1773284400,2027.19
1773288000,2026.47
1773291600,2025.15
1773295200,2028.24
1773298800,2030.44
1773302400,2044.18
1773306000,2048.88
1773309600,2056.02
1773313200,2070.70
1773316800,2060.53
1773320400,2067.11
1773324000,2078.33
1773327600,2050.85
1773331200,2074.48
1773334800,2071.41
1773338400,2056.92
1773342000,2051.20
1773345600,2072.05
1773349200,2065.93
1773352800,2065.29
1773356400,2080.84
1773360000,2073.40
1773363600,2120.46
1773367200,2123.23
1773370800,2104.61
1773374400,2117.28
1773378000,2105.95
1773381600,2107.52
1773385200,2100.50
1773388800,2098.46
1773392400,2103.09
1773396000,2123.27
1773399600,2127.68
1773403200,2128.03
1773406800,2145.44
1773410400,2188.00
1773414000,2152.77
1773417600,2127.01
1773421200,2135.71
1773424800,2107.77
1773428400,2098.25
1773432000,2102.68
1773435600,2114.54
1773439200,2090.91
1773442800,2089.04
1773446400,2089.60
1773450000,2088.83
1773453600,2093.04
1773457200,2094.38
1773460800,2103.20
1773464400,2091.14
1773468000,2089.05
1773471600,2078.70
1773475200,2077.81
1773478800,2076.85
1773482400,2068.22
1773486000,2069.60
1773489600,2076.53
1773493200,2075.16
1773496800,2080.50
1773500400,2073.41
1773504000,2073.18
1773507600,2077.10
1773511200,2074.59
1773514800,2076.40
1773518400,2076.83
1773522000,2085.63
1773525600,2087.76
1773529200,2093.23
1773532800,2094.16
1773536400,2088.44
1773540000,2093.76
1773543600,2102.85
1773547200,2099.93
1773550800,2102.82
1773554400,2110.62
1773558000,2110.67
1773561600,2107.20
1773565200,2116.87
1773568800,2116.23
1773572400,2119.36
1773576000,2119.23
1773579600,2111.15
1773583200,2097.24
1773586800,2094.85
1773590400,2096.05
1773594000,2095.54
1773597600,2110.08
1773601200,2105.20
1773604800,2113.47
1773608400,2129.26
1773612000,2147.40
1773615600,2191.29
1773619200,2182.81
1773622800,2168.24
1773626400,2189.32
1773630000,2183.07
1773633600,2239.97
1773637200,2260.69
1773640800,2267.85
1773644400,2267.43
1773648000,2255.25
1773651600,2242.37
1773655200,2266.12
1773658800,2274.98
1773662400,2279.25
1773666000,2279.29
1773669600,2295.30
1773673200,2284.02
1773676800,2273.97
1773680400,2300.04
1773684000,2318.09
1773687600,2321.99
1773691200,2325.31
1773694800,2355.03
1773698400,2372.37
1773702000,2344.08
1773705600,2342.80
1773709200,2349.30
1773712800,2358.63
1773716400,2354.17
1773720000,2323.72
1773723600,2311.99
1773727200,2302.30
1773730800,2319.98
1773734400,2331.30
1773738000,2316.30
1773741600,2314.07
1773745200,2316.72
1773748800,2329.05
1773752400,2319.54
1773756000,2323.40
1773759600,2351.81
1773763200,2317.60
1773766800,2331.75
1773770400,2339.70
1773774000,2333.91
1773777600,2321.90
1773781200,2330.40
1773784800,2341.97
1773788400,2329.70
1773792000,2319.75
1773795600,2328.54
1773799200,2327.21
1773802800,2333.00
1773806400,2342.10
1773810000,2328.96
1773813600,2321.30
1773817200,2321.66
1773820800,2322.30
1773824400,2324.31
1773828000,2326.50
1773831600,2307.68
1773835200,2266.93
1773838800,2234.90
1773842400,2230.80
1773846000,2188.24
1773849600,2185.14
1773853200,2183.99
1773856800,2217.98
1773860400,2193.44
1773864000,2184.80
1773867600,2191.81
1773871200,2196.85
1773874800,2192.19
1773878400,2205.80
1773882000,2191.90
1773885600,2194.54
1773889200,2201.10
1773892800,2210.64
1773896400,2194.45
1773900000,2185.40
1773903600,2179.94
1773907200,2162.89
1773910800,2165.33
1773914400,2185.70
1773918000,2173.04
1773921600,2161.99
1773925200,2134.91
1773928800,2135.10
1773932400,2130.65
1773936000,2114.83
1773939600,2111.47
1773943200,2123.08
1773946800,2136.40
1773950400,2142.20
1773954000,2147.55
1773957600,2146.72
1773961200,2146.09
1773964800,2136.00
1773968400,2150.50
1773972000,2149.07
1773975600,2144.60
1773979200,2152.92
1773982800,2147.52
1773986400,2140.00
1773990000,2127.57
1773993600,2146.70
1773997200,2159.89
1774000800,2137.05
1774004400,2149.30
1774008000,2141.66
1774011600,2140.63
1774015200,2128.71
1774018800,2126.22
1774022400,2139.16
1774026000,2139.83
1774029600,2132.98
1774033200,2125.13
1774036800,2132.32
1774040400,2133.71
1774044000,2165.06
1774047600,2152.15
1774051200,2147.91
1774054800,2151.54
1774058400,2146.92
1774062000,2152.44
1774065600,2155.54
1774069200,2152.81
1774072800,2153.03
1774076400,2155.56
1774080000,2154.89
1774083600,2156.59
1774087200,2157.05
1774090800,2153.91
1774094400,2158.99
1774098000,2156.51
1774101600,2155.80
1774105200,2153.48
1774108800,2153.80
1774112400,2148.42
1774116000,2148.21
1774119600,2152.26
1774123200,2151.61
1774126800,2154.91
1774130400,2150.70
1774134000,2147.77
1774137600,2058.56
1774141200,2088.70
1774144800,2090.86
1774148400,2098.75
1774152000,2117.23
1774155600,2118.93
1774159200,2111.28
1774162800,2110.20
1774166400,2088.63
1774170000,2085.26
1774173600,2085.95
1774177200,2081.84
1774180800,2069.84
1774184400,2088.01
1774188000,2074.61
1774191600,2080.23
1774195200,2082.66
1774198800,2082.08
1774202400,2076.95
1774206000,2063.96
1774209600,2067.15
1774213200,2054.42
1774216800,2045.10
1774220400,2065.25
1774224000,2053.76
1774227600,2044.50
1774231200,2047.87
1774234800,2068.72
1774238400,2052.72
1774242000,2066.47
1774245600,2062.19
1774249200,2029.20
1774252800,2048.13
1774256400,2040.51
1774260000,2046.36
1774263600,2049.59
1774267200,2119.82
1774270800,2143.66
1774274400,2184.67
1774278000,2183.84
1774281600,2132.12
1774285200,2136.38
1774288800,2155.35
1774292400,2171.11
1774296000,2152.96
1774299600,2157.80
1774303200,2148.62
1774306800,2150.35
1774310400,2149.45
1774314000,2139.53
1774317600,2140.96
1774321200,2135.30
1774324800,2143.44
1774328400,2130.17
1774332000,2134.80
1774335600,2148.53
1774339200,2163.89
1774342800,2157.73
1774346400,2162.46
1774350000,2153.39
1774353600,2163.40
1774357200,2161.46
1774360800,2142.70
1774364400,2136.38
1774368000,2134.80
1774371600,2120.34
1774375200,2107.25
1774378800,2122.45
1774382400,2116.30
1774386000,2149.31
1774389600,2147.20
1774393200,2145.65
1774396800,2156.68
1774400400,2161.78
1774404000,2155.80
1774407600,2155.42
1774411200,2158.50
1774414800,2164.85
1774418400,2166.57
1774422000,2165.13
1774425600,2168.07
1774429200,2178.18
1774432800,2184.23
1774436400,2184.58
1774440000,2191.21
1774443600,2184.86
1774447200,2181.48
1774450800,2174.76
1774454400,2159.97
1774458000,2173.13
1774461600,2165.56
1774465200,2168.60
1774468800,2166.70
1774472400,2166.26
1774476000,2166.56
1774479600,2176.04
1774483200,2167.15
1774486800,2166.77
1774490400,2164.59
1774494000,2145.66
1774497600,2150.50
1774501200,2148.48
1774504800,2116.57
1774508400,2122.22
1774512000,2123.19
1774515600,2117.51
1774519200,2077.65
1774522800,2079.35
1774526400,2069.75
1774530000,2072.50
1774533600,2080.21
1774537200,2071.80
1774540800,2067.65
1774544400,2063.45
1774548000,2047.05
1774551600,2044.89
1774555200,2047.28
1774558800,2061.33
1774562400,2067.71
1774566000,2068.04
1774569600,2060.31
1774573200,2065.26
1774576800,2074.45
1774580400,2067.21
1774584000,2049.12
1774587600,2051.99
1774591200,2059.20
1774594800,2062.46
1774598400,2064.72
1774602000,2046.31
1774605600,2040.30
1774609200,1990.19
1774612800,1989.96
1774616400,1991.67
1774620000,1984.00
1774623600,1991.44
1774627200,1985.16
1774630800,1987.38
1774634400,1977.96
1774638000,1980.08
1774641600,1993.00
1774645200,1989.33
1774648800,1983.52
1774652400,1983.66
1774656000,1992.51
1774659600,1990.65
1774663200,1992.41
1774666800,1986.22
1774670400,1988.93
1774674000,1988.41
1774677600,1992.83
1774681200,2000.60
1774684800,2006.72
1774688400,1997.09
1774692000,2002.60
1774695600,1996.32
1774699200,1996.77
1774702800,1999.23
1774706400,2019.66
1774710000,2018.01
1774713600,2026.37
1774717200,2025.85
1774720800,2021.28
1774724400,2021.06
1774728000,2022.56
1774731600,2024.16
1774735200,2009.74
1774738800,2006.90
1774742400,1996.35
1774746000,1998.53
1774749600,2003.34
1774753200,2008.13
1774756800,2009.73
1774760400,2004.06
1774764000,2005.95
1774767600,2000.32
1774771200,2005.12
1774774800,2003.14
1774778400,1996.48
1774782000,2000.56
1774785600,2001.85
1774789200,1999.34
1774792800,1985.97
1774796400,1993.11
1774800000,1991.64
1774803600,1996.33
1774807200,1991.15
1774810800,1995.93
1774814400,1996.94
1774818000,2002.01
1774821600,1993.88
1774825200,1983.54
1774828800,1980.44
1774832400,2002.34
1774836000,2009.85
1774839600,2028.00
1774843200,2035.76
1774846800,2048.64
1774850400,2050.16
1774854000,2041.82
1774857600,2060.72
1774861200,2059.44
1774864800,2053.59
1774868400,2057.40
1774872000,2071.95
1774875600,2073.60
1774879200,2062.26
1774882800,2073.43
1774886400,2067.05
1774890000,2062.99
1774893600,2039.40
1774897200,2028.00
1774900800,2023.46
1774904400,2020.77
1774908000,2043.17
1774911600,2017.70
1774915200,2025.10
1774918800,2033.91
1774922400,2071.00
1774926000,2069.28
1774929600,2064.04
1774933200,2061.96
1774936800,2062.55
1774940400,2060.55
1774944000,2057.16
1774947600,2039.90
1774951200,2019.88
1774954800,2027.70
1774958400,2043.84
1774962000,2050.30
1774965600,2072.42
1774969200,2050.96
1774972800,2057.46
1774976400,2094.00
1774980000,2097.20
1774983600,2100.00
1774987200,2097.07
1774990800,2098.04
1774994400,2097.81
1774998000,2093.23
1775001600,2103.60
1775005200,2109.68
1775008800,2094.48
1775012400,2091.06
1775016000,2100.88
1775019600,2105.94
1775023200,2124.72
1775026800,2151.50
1775030400,2133.10
1775034000,2137.82
1775037600,2131.73
1775041200,2133.34
1775044800,2131.28
1775048400,2120.06
1775052000,2119.78
1775055600,2126.85
1775059200,2129.62
1775062800,2164.76
1775066400,2129.16
1775070000,2131.00
1775073600,2133.30
1775077200,2148.17
1775080800,2152.28
1775084400,2143.40
1775088000,2138.92
1775091600,2135.28
1775095200,2091.77
1775098800,2072.54
1775102400,2054.37
1775106000,2046.44
1775109600,2049.01
1775113200,2050.10
1775116800,2052.11
1775120400,2044.17
1775124000,2042.50
1775127600,2039.63
1775131200,2029.40
1775134800,2023.90
1775138400,2034.35
1775142000,2064.23
1775145600,2056.27
1775149200,2057.20
1775152800,2047.50
1775156400,2057.30
1775160000,2062.73
1775163600,2066.28
1775167200,2064.60
1775170800,2059.95
1775174400,2058.85
1775178000,2053.72
1775181600,2048.04
1775185200,2051.11
1775188800,2055.65
1775192400,2055.80
1775196000,2056.38
1775199600,2063.49
1775203200,2067.23
1775206800,2061.99
1775210400,2059.06
1775214000,2060.59
1775217600,2063.15
1775221200,2047.59
1775224800,2049.69
1775228400,2055.27
1775232000,2052.45
1775235600,2053.37
1775239200,2050.69
1775242800,2047.76
1775246400,2052.58
1775250000,2053.19
1775253600,2057.57
1775257200,2051.45
1775260800,2051.98
1775264400,2052.74
1775268000,2053.25
1775271600,2050.65
1775275200,2049.69
1775278800,2051.25
1775282400,2053.33
1775286000,2055.67
1775289600,2053.82
1775293200,2050.15
1775296800,2050.34
1775300400,2053.61
1775304000,2052.07
1775307600,2050.01
1775311200,2053.82
1775314800,2054.84
1775318400,2054.81
1775322000,2053.87
1775325600,2056.48
1775329200,2059.58
1775332800,2059.94
1775336400,2063.06
1775340000,2069.96
1775343600,2067.30
1775347200,2064.12
1775350800,2059.96
1775354400,2055.82
1775358000,2059.55
1775361600,2056.03
1775365200,2055.25
1775368800,2047.80
1775372400,2039.63
1775376000,2036.75
1775379600,2040.82
1775383200,2043.88
1775386800,2043.72
1775390400,2038.30
1775394000,2030.40
1775397600,2041.20
1775401200,2038.01
1775404800,2055.43
1775408400,2050.26
1775412000,2060.85
1775415600,2061.51
1775419200,2062.09
1775422800,2067.19
1775426400,2065.90
1775430000,2083.50
1775433600,2120.13
1775437200,2117.65
1775440800,2118.61
1775444400,2133.00
1775448000,2133.53
1775451600,2130.59
1775455200,2128.40
1775458800,2123.37
1775462400,2135.98
1775466000,2140.22
1775469600,2154.32
1775473200,2150.44
1775476800,2151.84
1775480400,2144.54
1775484000,2138.51
1775487600,2159.02
1775491200,2164.81
1775494800,2133.25
1775498400,2131.82
1775502000,2142.52
1775505600,2143.55
1775509200,2148.24
1775512800,2138.32
1775516400,2099.65
1775520000,2110.36
1775523600,2111.28
1775527200,2099.80
1775530800,2107.40
1775534400,2106.56
1775538000,2112.08
1775541600,2104.56
1775545200,2102.45
1775548800,2106.40
1775552400,2117.91
1775556000,2124.23
1775559600,2085.51
1775563200,2088.64
1775566800,2087.11
1775570400,2071.63
1775574000,2068.60
1775577600,2083.49
1775581200,2086.46
1775584800,2097.60
1775588400,2086.66
1775592000,2119.85
1775595600,2117.82
1775599200,2151.91
1775602800,2221.38
1775606400,2241.29
1775610000,2232.50
1775613600,2236.07
1775617200,2237.20
1775620800,2238.42
1775624400,2243.15
1775628000,2237.00
1775631600,2245.00
1775635200,2256.82
1775638800,2259.18
1775642400,2249.44
1775646000,2244.05
1775649600,2250.42
1775653200,2258.29
1775656800,2235.84
1775660400,2199.52
1775664000,2215.60
1775667600,2221.89
1775671200,2229.10
1775674800,2200.49
1775678400,2213.51
1775682000,2208.50
1775685600,2210.82
1775689200,2185.75
1775692800,2190.56
1775696400,2184.19
1775700000,2178.01
1775703600,2182.89
1775707200,2181.80
1775710800,2178.80
1775714400,2184.80
1775718000,2185.62
1775721600,2183.98
1775725200,2181.45
1775728800,2191.98
1775732400,2191.80
1775736000,2181.92
1775739600,2180.30
1775743200,2166.88
1775746800,2175.03
1775750400,2226.42
1775754000,2219.73
1775757600,2207.52
1775761200,2209.45
1775764800,2217.86
1775768400,2217.15
1775772000,2215.43
1775775600,2197.33
1775779200,2189.00
1775782800,2192.50
1775786400,2193.22
1775790000,2191.26
1775793600,2187.95
1775797200,2196.30
1775800800,2197.82
1775804400,2186.85
1775808000,2178.37
1775811600,2188.82
1775815200,2195.63
1775818800,2201.68
1775822400,2220.78
1775826000,2217.88
1775829600,2223.51
1775833200,2241.77
1775836800,2226.88
1775840400,2244.10
1775844000,2242.07
1775847600,2250.15
1775851200,2255.14
1775854800,2256.75
1775858400,2255.36
1775862000,2241.92
1775865600,2241.36
1775869200,2238.20
1775872800,2244.48
1775876400,2248.96
1775880000,2240.11
1775883600,2240.72
1775887200,2233.39
1775890800,2236.45
1775894400,2234.18
1775898000,2234.57
1775901600,2243.86
1775905200,2241.85
1775908800,2245.67
1775912400,2243.20
1775916000,2241.25
1775919600,2243.64
1775923200,2250.00
1775926800,2260.81
1775930400,2258.77
1775934000,2310.09
1775937600,2309.52
1775941200,2299.42
1775944800,2302.00
1775948400,2286.72
1775952000,2280.78
1775955600,2286.11
1775959200,2209.72
1775962800,2225.77
1775966400,2215.74
1775970000,2212.05
1775973600,2219.72
1775977200,2214.64
1775980800,2217.64
1775984400,2213.62
1775988000,2214.91
1775991600,2199.99
1775995200,2203.14
1775998800,2195.21
1776002400,2189.27
1776006000,2182.90
1776009600,2189.54
1776013200,2191.26
1776016800,2205.37
1776020400,2202.26
1776024000,2200.05
1776027600,2215.07
1776031200,2189.47
1776034800,2193.23
1776038400,2191.43
1776042000,2206.20
1776045600,2202.71
1776049200,2194.92
1776052800,2194.74
1776056400,2190.32
1776060000,2195.84
1776063600,2198.48
1776067200,2189.52
1776070800,2192.94
1776074400,2187.51
1776078000,2185.57
1776081600,2184.45
1776085200,2197.84
1776088800,2208.40
1776092400,2225.19
1776096000,2207.59
1776099600,2227.52
1776103200,2228.45
1776106800,2232.20
1776110400,2258.31
1776114000,2251.85
1776117600,2263.92
1776121200,2351.88
1776124800,2371.84
1776128400,2361.56
1776132000,2373.44
1776135600,2368.97
1776139200,2366.40
1776142800,2363.96
1776146400,2360.98
1776150000,2378.35
1776153600,2379.11
1776157200,2387.98
1776160800,2385.83
1776164400,2377.08
1776168000,2376.75
1776171600,2380.49
1776175200,2387.73
1776178800,2352.36
1776182400,2369.36
1776186000,2333.39
1776189600,2342.76
1776193200,2319.70
1776196800,2319.63
1776200400,2326.48
1776204000,2323.60
1776207600,2320.79
1776211200,2334.13
1776214800,2337.37
1776218400,2336.88
1776222000,2323.83
1776225600,2334.22
1776229200,2336.10
1776232800,2316.95
1776236400,2320.53
1776240000,2318.66
1776243600,2325.90
1776247200,2320.08
1776250800,2320.20
1776254400,2337.08
1776258000,2330.34
1776261600,2325.30
1776265200,2340.28
1776268800,2339.31
1776272400,2346.57
1776276000,2356.24
1776279600,2363.34
1776283200,2370.26
1776286800,2359.60
1776290400,2372.05
1776294000,2361.44
1776297600,2353.24
1776301200,2356.00
1776304800,2356.45
1776308400,2361.31
1776312000,2357.42
1776315600,2356.00
1776319200,2357.61
1776322800,2356.96
1776326400,2339.21
1776330000,2342.91
1776333600,2333.65
1776337200,2334.68
1776340800,2341.30
1776344400,2339.16
1776348000,2302.01
1776351600,2314.32
1776355200,2341.20
1776358800,2317.81
1776362400,2327.04
1776366000,2342.06
1776369600,2358.20
1776373200,2350.49
1776376800,2348.75
1776380400,2345.64
1776384000,2348.28
1776387600,2345.57
1776391200,2338.99
1776394800,2329.29
1776398400,2327.51
1776402000,2324.94
1776405600,2321.55
1776409200,2336.05
1776412800,2335.90
1776416400,2351.47
1776420000,2360.08
1776423600,2347.73
1776427200,2352.50
1776430800,2372.44
1776434400,2438.85
1776438000,2439.86
1776441600,2447.49
1776445200,2452.13
1776448800,2433.37
1776452400,2422.36
1776456000,2435.89
1776459600,2430.59
1776463200,2431.21
1776466800,2433.11
1776470400,2421.70
1776474000,2421.57
1776477600,2419.70
1776481200,2419.50
1776484800,2409.39
1776488400,2411.39
1776492000,2410.57
1776495600,2412.03
1776499200,2405.00
1776502800,2379.90
1776506400,2368.96
1776510000,2360.88
1776513600,2359.61
1776517200,2357.72
1776520800,2355.43
1776524400,2365.73
1776528000,2360.13
1776531600,2361.67
1776535200,2362.95
1776538800,2354.96
1776542400,2346.13
1776546000,2354.85
1776549600,2351.99
1776553200,2359.35
1776556800,2353.88
1776560400,2351.50
1776564000,2347.74
1776567600,2339.91
1776571200,2343.44
1776574800,2331.38
1776578400,2331.09
1776582000,2326.85
1776585600,2314.69
1776589200,2318.61
1776592800,2312.43
1776596400,2320.45
1776600000,2332.79
1776603600,2337.99
1776607200,2334.44
1776610800,2339.65
1776614400,2331.90
1776618000,2305.00
1776621600,2293.38
1776625200,2299.28
1776628800,2294.11
1776632400,2282.64
1776636000,2259.00
1776639600,2263.74
1776643200,2272.83
1776646800,2281.82
1776650400,2285.03
1776654000,2277.69
1776657600,2284.84
1776661200,2280.69
1776664800,2275.86
1776668400,2287.27
1776672000,2293.51
1776675600,2296.12
1776679200,2314.28
1776682800,2304.60
1776686400,2309.55
1776690000,2317.75
1776693600,2307.60
1776697200,2285.47
1776700800,2309.55
1776704400,2306.60
1776708000,2325.36
1776711600,2334.64
1776715200,2335.29
1776718800,2343.47
1776722400,2326.50
1776726000,2314.42
1776729600,2316.29
1776733200,2322.11
1776736800,2312.04
1776740400,2307.07
1776744000,2312.71
1776747600,2317.47
1776751200,2311.98
1776754800,2314.86
1776758400,2320.78
1776762000,2323.26
1776765600,2328.48
1776769200,2331.10
1776772800,2320.76
1776776400,2305.39
1776780000,2310.18
1776783600,2300.12
1776787200,2311.00
1776790800,2308.90
1776794400,2305.87
1776798000,2320.30
1776801600,2302.33
1776805200,2316.63
1776808800,2312.07
1776812400,2318.58
1776816000,2326.18
1776819600,2325.79
1776823200,2322.73
1776826800,2375.31
1776830400,2366.89
1776834000,2364.77
1776837600,2394.75
1776841200,2394.00
1776844800,2390.19
1776848400,2388.80
1776852000,2387.07
1776855600,2391.32
1776859200,2401.31
1776862800,2408.99
1776866400,2420.08
1776870000,2398.39
1776873600,2413.12
1776877200,2392.50
1776880800,2402.81
1776884400,2392.48
1776888000,2402.39
1776891600,2395.63
1776895200,2402.94
1776898800,2396.29
1776902400,2377.16
1776906000,2369.31
1776909600,2364.04
1776913200,2351.93
1776916800,2340.10
1776920400,2353.31
1776924000,2353.25
1776927600,2356.20
1776931200,2340.68
1776934800,2330.20
1776938400,2318.20
1776942000,2318.67
1776945600,2331.31
1776949200,2331.50
1776952800,2324.90
1776956400,2326.95
1776960000,2329.74
1776963600,2320.58
1776967200,2311.40
1776970800,2303.61
1776974400,2324.27
1776978000,2325.90
1776981600,2326.52
1776985200,2331.91
1776988800,2328.81
1776992400,2328.64
1776996000,2333.40
1776999600,2320.06
1777003200,2308.03
1777006800,2306.32
1777010400,2314.81
1777014000,2312.80
1777017600,2309.63
1777021200,2313.74
1777024800,2309.95
1777028400,2322.80
1777032000,2329.20
1777035600,2329.60
1777039200,2312.71
1777042800,2310.66
1777046400,2323.17
1777050000,2316.10
1777053600,2319.99
1777057200,2322.56
1777060800,2322.19
1777064400,2326.21
1777068000,2314.83
1777071600,2314.06
1777075200,2315.04
1777078800,2317.35
1777082400,2316.19
1777086000,2319.90
1777089600,2318.93
1777093200,2314.31
1777096800,2317.95
1777100400,2315.53
1777104000,2317.86
1777107600,2319.61
1777111200,2319.89
1777114800,2319.84
1777118400,2314.31
1777122000,2315.77
1777125600,2316.26
1777129200,2316.94
1777132800,2309.19
1777136400,2310.10
1777140000,2312.37
1777143600,2312.57
1777147200,2309.90
1777150800,2315.66
1777154400,2317.52
1777158000,2319.30
1777161600,2320.14
1777165200,2315.00
1777168800,2316.28
1777172400,2315.49
1777176000,2309.73
1777179600,2318.73
1777183200,2332.04
1777186800,2329.58
1777190400,2333.25
1777194000,2331.55
1777197600,2333.71
1777201200,2333.98
1777204800,2335.59
1777208400,2330.09
1777212000,2335.43
1777215600,2347.82
1777219200,2348.43
1777222800,2344.40
1777226400,2349.60
1777230000,2361.65
1777233600,2368.81
1777237200,2367.25
1777240800,2366.30
1777244400,2360.20
1777248000,2373.61
1777251600,2397.41
1777255200,2391.56
1777258800,2393.30
1777262400,2395.01
1777266000,2376.84
1777269600,2320.90
1777273200,2322.60
1777276800,2320.30
1777280400,2320.41
1777284000,2322.84
1777287600,2319.25
1777291200,2317.58
1777294800,2314.49
1777298400,2311.47
1777302000,2296.86
1777305600,2274.55
1777309200,2283.53
1777312800,2288.37
1777316400,2287.17
1777320000,2293.98
1777323600,2289.54
1777327200,2286.75
1777330800,2293.64
1777334400,2301.98
1777338000,2307.85
1777341600,2300.13
1777345200,2286.00
1777348800,2289.25
1777352400,2292.70
1777356000,2290.18
1777359600,2278.09
1777363200,2285.93
1777366800,2285.90
1777370400,2285.02
1777374000,2280.41
1777377600,2275.41
1777381200,2275.26
1777384800,2272.81
1777388400,2275.61
1777392000,2279.38
1777395600,2284.47
1777399200,2293.34
1777402800,2293.72
1777406400,2305.11
1777410000,2296.58
1777413600,2291.77
1777417200,2286.66
1777420800,2290.00
1777424400,2291.04
1777428000,2291.77
1777431600,2287.89
1777435200,2309.65
1777438800,2326.73
1777442400,2330.00
1777446000,2325.19
1777449600,2323.68
1777453200,2324.77
1777456800,2341.28
1777460400,2335.26
1777464000,2326.32
1777467600,2314.36
1777471200,2298.81
1777474800,2295.00
1777478400,2277.54
1777482000,2270.95
1777485600,2270.50
1777489200,2236.48
1777492800,2237.23
1777496400,2242.59
1777500000,2251.46
1777503600,2252.68
1777507200,2253.65
1777510800,2270.25
1777514400,2270.23
1777518000,2246.57
1777521600,2250.83
1777525200,2239.88
1777528800,2242.71
1777532400,2247.89
1777536000,2259.50
1777539600,2257.53
1777543200,2263.82
1777546800,2264.57
1777550400,2259.90
1777554000,2267.00
1777557600,2267.72
1777561200,2261.01
1777564800,2266.08
1777568400,2257.27
1777572000,2260.43
1777575600,2258.85
1777579200,2260.55
1777582800,2263.85
1777586400,2256.54
1777590000,2254.86
1777593600,2263.33
1777597200,2261.40
1777600800,2267.00
1777604400,2266.02
1777608000,2282.41
1777611600,2283.66
1777615200,2284.70
1777618800,2276.01
1777622400,2278.75
1777626000,2284.14
1777629600,2280.91
1777633200,2282.84
1777636800,2287.54
1777640400,2308.45
1777644000,2320.43
1777647600,2306.08
1777651200,2312.88
1777654800,2299.36
1777658400,2310.84
1777662000,2305.35
1777665600,2304.50
1777669200,2285.46
1777672800,2293.76
1777676400,2293.60
1777680000,2295.46
1777683600,2296.26
1777687200,2298.55
1777690800,2304.89
1777694400,2303.90
1777698000,2300.02
1777701600,2301.69
1777705200,2304.84
1777708800,2300.18
1777712400,2303.70
1777716000,2304.63
1777719600,2301.84
1777723200,2302.01
1777726800,2306.31
1777730400,2308.39
1777734000,2307.00
1777737600,2308.72
1777741200,2309.08
1777744800,2305.16
1777748400,2309.73
1777752000,2310.35
1777755600,2311.81
1777759200,2325.12
1777762800,2323.96
1777766400,2315.57
1777770000,2309.45
1777773600,2306.03
1777777200,2300.78
1777780800,2300.67
1777784400,2303.60
1777788000,2302.95
1777791600,2307.90
1777795200,2310.71
1777798800,2307.91
1777802400,2313.86
1777806000,2311.67
1777809600,2322.67
1777813200,2326.20
1777816800,2325.02
1777820400,2329.41
1777824000,2329.65
1777827600,2325.47
1777831200,2330.60
1777834800,2330.61
1777838400,2333.87
1777842000,2327.20
1777845600,2340.36
1777849200,2346.90
1777852800,2318.14
1777856400,2313.65
1777860000,2353.87
1777863600,2376.29
1777867200,2387.99
1777870800,2389.61
1777874400,2374.04
1777878000,2369.98
1777881600,2360.10
1777885200,2360.62
1777888800,2346.10
1777892400,2337.98
1777896000,2337.26
1777899600,2331.40
1777903200,2331.56
1777906800,2367.52
1777910400,2349.16
1777914000,2361.19
1777917600,2371.86
1777921200,2358.38
1777924800,2354.52
1777928400,2354.23
1777932000,2364.09
1777935600,2351.36
1777939200,2351.29
1777942800,2356.68
1777946400,2372.17
1777950000,2365.80
1777953600,2383.32
1777957200,2378.30
1777960800,2378.72
1777964400,2377.98
1777968000,2380.69
1777971600,2373.15
1777975200,2369.81
1777978800,2376.94
1777982400,2378.78
1777986000,2392.72
1777989600,2391.55
1777993200,2381.24
1777996800,2381.65
1778000400,2367.91
1778004000,2365.19
1778007600,2372.04
1778011200,2376.00
1778014800,2385.49
1778018400,2378.99
1778022000,2367.00
1778025600,2363.83
1778029200,2366.70
1778032800,2370.05
1778036400,2371.55
1778040000,2375.72
1778043600,2366.75
1778047200,2366.03
1778050800,2369.64
1778054400,2375.86
1778058000,2391.30
1778061600,2410.22
1778065200,2410.99
1778068800,2407.87
1778072400,2396.19
1778076000,2360.77
1778079600,2361.96
1778083200,2360.49
1778086800,2358.33
1778090400,2348.58
1778094000,2345.61
1778097600,2354.19
1778101200,2351.77
1778104800,2352.01
1778108400,2339.39
1778112000,2350.70
1778115600,2321.68
1778119200,2324.05
1778122800,2320.23
1778126400,2321.14
1778130000,2331.85
1778133600,2331.01
1778137200,2338.16
1778140800,2344.97
1778144400,2333.48
1778148000,2330.55
1778151600,2329.98
1778155200,2333.32
1778158800,2330.75
1778162400,2310.39
1778166000,2299.55
1778169600,2291.38
1778173200,2292.48
1778176800,2301.98
1778180400,2292.27
1778184000,2299.36
1778187600,2290.08
1778191200,2285.71
1778194800,2288.65
1778198400,2292.51
1778202000,2287.47
1778205600,2278.75
1778209200,2270.80
1778212800,2280.63
1778216400,2281.32
1778220000,2274.66
1778223600,2272.02
1778227200,2280.29
1778230800,2281.23
1778234400,2287.47
1778238000,2290.78
1778241600,2293.32
1778245200,2284.68
1778248800,2280.96
1778252400,2282.54
1778256000,2289.84
1778259600,2295.08
1778263200,2311.87
1778266800,2313.40
1778270400,2313.90
1778274000,2308.70
1778277600,2317.17
1778281200,2310.19
1778284800,2305.32
1778288400,2309.74
1778292000,2317.12
1778295600,2317.46
1778299200,2318.58
1778302800,2312.49
1778306400,2317.73
1778310000,2314.42
1778313600,2318.91
1778317200,2317.17
1778320800,2312.59
1778324400,2313.92
1778328000,2316.48
1778331600,2315.50
1778335200,2313.39
1778338800,2308.26
1778342400,2317.32
1778346000,2323.31
1778349600,2331.41
1778353200,2328.92
1778356800,2330.46
1778360400,2329.79
1778364000,2331.20
1778367600,2330.24
1778371200,2324.78
1778374800,2322.90
1778378400,2322.15
1778382000,2329.54
1778385600,2327.24
1778389200,2328.03
1778392800,2328.68
1778396400,2329.70
1778400000,2326.42
1778403600,2333.20
1778407200,2325.18
1778410800,2326.41
1778414400,2321.73
1778418000,2325.63
1778421600,2329.93
1778425200,2335.76
1778428800,2347.50
1778432400,2350.54
1778436000,2365.45
1778439600,2353.75
1778443200,2367.86
1778446800,2329.71
1778450400,2338.82
1778454000,2375.34
1778457600,2370.56
1778461200,2347.49
1778464800,2358.17
1778468400,2341.80
1778472000,2329.43
1778475600,2334.66
1778479200,2334.90
1778482800,2330.62
1778486400,2329.48
1778490000,2333.57
1778493600,2334.83
1778497200,2331.53
1778500800,2333.59
1778504400,2330.31
1778508000,2325.49
1778511600,2315.40
1778515200,2331.09
1778518800,2327.63
1778522400,2339.90
1778526000,2333.75
1778529600,2343.30
1778533200,2339.05
1778536800,2344.53
1778540400,2339.23
1778544000,2338.12
1778547600,2329.39
1778551200,2314.66
1778554800,2315.01
1778558400,2307.91
1778562000,2312.50
1778565600,2310.74
1778569200,2297.58
1778572800,2290.32
1778576400,2288.28
1778580000,2291.06
1778583600,2286.32
1778587200,2283.89
1778590800,2290.99
1778594400,2275.89
1778598000,2269.35
1778601600,2264.67
1778605200,2269.06
1778608800,2277.84
1778612400,2280.92
1778616000,2286.89
1778619600,2285.38
1778623200,2289.66
1778626800,2283.07
1778630400,2275.97
1778634000,2282.74
1778637600,2288.40
1778641200,2294.64
1778644800,2303.68
1778648400,2307.22
1778652000,2299.95
1778655600,2301.82
1778659200,2303.05
1778662800,2320.03
1778666400,2318.47
1778670000,2304.44
1778673600,2306.70
1778677200,2286.51
1778680800,2259.73
1778684400,2267.49
1778688000,2242.97
1778691600,2254.42
1778695200,2258.65
1778698800,2255.72
1778702400,2256.73
1778706000,2260.60
1778709600,2254.22
1778713200,2257.89
1778716800,2261.15
1778720400,2267.78
1778724000,2263.28
1778727600,2253.36
1778731200,2242.63
1778734800,2257.56
1778738400,2270.08
1778742000,2265.51
1778745600,2262.31
1778749200,2264.48
1778752800,2259.51
1778756400,2261.90
1778760000,2254.96
1778763600,2261.47
1778767200,2253.82
1778770800,2284.89
1778774400,2299.20
1778778000,2317.95
1778781600,2303.51
1778785200,2308.59
1778788800,2300.96
1778792400,2295.98
1778796000,2297.35
1778799600,2294.42
1778803200,2285.59
1778806800,2294.31
1778810400,2277.95
1778814000,2274.92
1778817600,2270.19
1778821200,2265.67
1778824800,2249.47
1778828400,2255.08
1778832000,2260.70
1778835600,2258.03
1778839200,2253.43
1778842800,2259.50
1778846400,2255.11
1778850000,2247.20
1778853600,2211.57
1778857200,2210.93
1778860800,2222.67
1778864400,2226.12
1778868000,2230.47
1778871600,2223.52
1778875200,2224.04
1778878800,2220.83
1778882400,2218.50
1778886000,2222.52
1778889600,2224.82
1778893200,2226.36
1778896800,2230.48
1778900400,2229.39
1778904000,2228.04
1778907600,2225.02
1778911200,2225.75
1778914800,2212.84
1778918400,2195.79
1778922000,2192.31
1778925600,2170.77
1778929200,2177.19
1778932800,2177.57
1778936400,2175.26
1778940000,2173.70
1778943600,2181.74
1778947200,2181.77
1778950800,2176.46
1778954400,2178.15
1778958000,2180.93
1778961600,2182.05
1778965200,2182.03
1778968800,2179.69
1778972400,2178.73
1778976000,2183.31
1778979600,2178.00
1778983200,2172.48
1778986800,2177.45
1778990400,2182.65
1778994000,2188.05
1778997600,2186.81
1779001200,2184.52
1779004800,2185.48
1779008400,2185.90
1779012000,2193.58
1779015600,2191.98
1779019200,2191.20
1779022800,2193.57
1779026400,2189.69
1779030000,2186.24
1779033600,2187.15
1779037200,2182.96
1779040800,2185.60
1779044400,2188.06
1779048000,2190.30
1779051600,2187.54
1779055200,2186.54
1779058800,2175.52
1779062400,2123.70
1779066000,2114.55
1779069600,2120.59
1779073200,2120.39
1779076800,2119.00
1779080400,2124.14
1779084000,2117.46
1779087600,2119.29
1779091200,2122.66
1779094800,2117.71
1779098400,2114.74
1779102000,2113.48
1779105600,2137.44
1779109200,2146.32
1779112800,2128.55
1779116400,2099.20
1779120000,2101.83
1779123600,2100.76
1779127200,2103.48
1779130800,2107.02
1779134400,2123.22
1779138000,2116.93
1779141600,2134.75
1779145200,2137.68
1779148800,2127.97
1779152400,2132.82
1779156000,2120.30
1779159600,2123.22
1779163200,2132.37
1779166800,2132.86
1779170400,2134.51
1779174000,2134.75
1779177600,2138.67
1779181200,2132.57
1779184800,2111.38
1779188400,2117.70
1779192000,2110.30
1779195600,2116.65
1779199200,2122.29
1779202800,2109.50
1779206400,2109.13
1779210000,2122.33
1779213600,2113.20
1779217200,2115.92
1779220800,2111.91
1779224400,2116.77
1779228000,2110.90
1779231600,2106.08
1779235200,2111.22
1779238800,2110.75
1779242400,2112.84
1779246000,2105.11
1779249600,2111.68
1779253200,2115.16
1779256800,2125.19
1779260400,2130.07
1779264000,2129.40
1779267600,2129.89
1779271200,2129.71
1779274800,2129.04
1779278400,2129.65
1779282000,2133.02
1779285600,2118.87
1779289200,2130.55
1779292800,2136.44
1779296400,2131.51
1779300000,2138.48
1779303600,2128.24
1779307200,2135.90
1779310800,2135.90
1779314400,2125.23
1779318000,2123.87
1779321600,2130.47
1779325200,2144.58
1779328800,2140.60
1779332400,2140.33
1779336000,2146.65
1779339600,2146.27
1779343200,2135.70
1779346800,2125.86
1779350400,2137.36
1779354000,2136.10
1779357600,2126.74
1779361200,2113.04
1779364800,2115.11
1779368400,2116.73
1779372000,2121.59
1779375600,2123.17
1779379200,2133.41
1779382800,2126.57
1779386400,2140.00
1779390000,2126.60
1779393600,2139.80
1779397200,2137.29
1779400800,2134.77
1779404400,2131.67
1779408000,2130.89
1779411600,2126.70
1779415200,2137.40
1779418800,2138.80
1779422400,2138.02
1779426000,2130.85
1779429600,2128.92
1779433200,2122.80
1779436800,2127.89
1779440400,2122.11
1779444000,2120.28
1779447600,2121.84
1779451200,2129.07
1779454800,2131.20
1779458400,2123.67
1779462000,2118.65
1779465600,2119.21
1779469200,2124.08
1779472800,2115.41
1779476400,2093.59
1779480000,2068.40
1779483600,2071.28
1779487200,2075.96
1779490800,2074.50
1779494400,2065.22
1779498000,2066.99
1779501600,2064.32
1779505200,2067.85
1779508800,2068.92
1779512400,2065.59
1779516000,2062.41
1779519600,2058.21
1779523200,2024.64
1779526800,2028.60
1779530400,2025.92
1779534000,2029.55
1779537600,2029.60
1779541200,2035.89
1779544800,2040.25
1779548400,2061.41
1779552000,2060.49
1779555600,2057.42
1779559200,2063.72
1779562800,2070.70
1779566400,2074.96
1779570000,2130.43
1779573600,2117.66
1779577200,2113.53
1779580800,2115.01
1779584400,2119.34
1779588000,2121.36
1779591600,2124.86
1779595200,2119.80
1779598800,2118.55
1779602400,2119.48
1779606000,2126.34
1779609600,2118.97
1779613200,2117.83
1779616800,2118.93
1779620400,2122.11
1779624000,2122.05
1779627600,2117.50
1779631200,2107.58
1779634800,2098.13
1779638400,2097.19
1779642000,2102.22
1779645600,2100.22
1779649200,2098.06
1779652800,2094.20
1779656400,2093.91
1779660000,2085.24
1779663600,2092.39
1779667200,2099.81
1779670800,2102.74
1779674400,2097.18
1779678000,2095.01
1779681600,2093.12
1779685200,2104.74
1779688800,2104.44
1779692400,2114.42
1779696000,2112.97
1779699600,2115.20
1779703200,2114.19
1779706800,2114.55
1779710400,2112.05
1779714000,2118.30
1779717600,2118.30
1779721200,2127.27
1779724800,2125.59
1779728400,2136.52
1779732000,2130.16
1779735600,2121.96
1779739200,2120.67
1779742800,2110.80
1779746400,2108.11
1779750000,2104.57
1779753600,2110.40
1779757200,2090.29
1779760800,2090.94
1779764400,2086.61
1779768000,2090.76
1779771600,2091.88
1779775200,2098.45
1779778800,2098.52
1779782400,2094.09
1779786000,2095.22
1779789600,2093.47
1779793200,2127.65
1779796800,2120.88
1779800400,2122.43
1779804000,2125.20
1779807600,2102.07
1779811200,2084.08
1779814800,2080.02
1779818400,2071.91
1779822000,2066.22
1779825600,2073.94
1779829200,2073.44
1779832800,2071.60
1779836400,2071.11
1779840000,2074.53
1779843600,2079.53
1779847200,2072.33
1779850800,2076.04
1779854400,2067.23
1779858000,2071.05
1779861600,2075.62
1779865200,2076.74
1779868800,2083.80
1779872400,2077.88
1779876000,2081.00
1779879600,2080.50
1779883200,2077.34
1779886800,2075.07
1779890400,2067.77
1779894000,2061.25
1779897600,2066.69
1779901200,2065.72
1779904800,2048.65
1779908400,2055.20
1779912000,2055.60
1779915600,2056.67
1779919200,2029.20
1779922800,2024.30
1779926400,2022.82
1779930000,2025.12
1779933600,2015.00
1779937200,2015.95
1779940800,1977.12
1779944400,1978.93
1779948000,1976.59
1779951600,1981.63
1779955200,1988.75
1779958800,1987.53
1779962400,1992.60
1779966000,1987.22
1779969600,1986.34
1779973200,1989.52
1779976800,1974.34
1779980400,1992.16
1779984000,1982.78
1779987600,2007.48
1779991200,2020.52
1779994800,2019.89
1779998400,2008.86
1780002000,2011.88
1780005600,2016.66
1780009200,2005.38
1780012800,2009.56
1780016400,2012.44
1780020000,2007.72
1780023600,1999.19
1780027200,2002.64
1780030800,2010.90
1780034400,2011.73
1780038000,2015.94
1780041600,2007.20
1780045200,2005.74
1780048800,2011.43
1780052400,2009.72
1780056000,2000.78
1780059600,1996.19
1780063200,1997.55
1780066800,2005.12
1780070400,2030.66
1780074000,2032.56
1780077600,2025.36
1780081200,2012.34
1780084800,2015.39
1780088400,2017.06
1780092000,2007.49
1780095600,2011.80
1780099200,2011.19
1780102800,2013.61
1780106400,2019.00
1780110000,2019.99
1780113600,2013.94
1780117200,2008.44
1780120800,2012.60
1780124400,2013.38
1780128000,2013.53
1780131600,2013.03
1780135200,2014.92
1780138800,2015.45
1780142400,2015.48
1780146000,2018.11
1780149600,2021.83
1780153200,2022.93
1780156800,2022.92
1780160400,2024.77
1780164000,2025.44
1780167600,2024.92
1780171200,2025.19
1780174800,2025.60
1780178400,2021.41
1780182000,2024.07
1780185600,2019.01
1780189200,2026.73
1780192800,2028.29
1780196400,2031.10
1780200000,2031.38
1780203600,2030.71
1780207200,2026.64
1780210800,2025.00
1780214400,2025.65
1780218000,2022.86
1780221600,2017.80
1780225200,2020.92
1780228800,2018.15
1780232400,2019.18
1780236000,2017.90
1780239600,2006.00
1780243200,2008.83
1780246800,1999.06
1780250400,2000.71
1780254000,1998.11
1780257600,2000.17
1780261200,2004.11
1780264800,2004.12
1780268400,2016.10
1780272000,2012.08
1780275600,2009.64
1780279200,1995.26
1780282800,2014.45
1780286400,2006.95
1780290000,1998.95
1780293600,1991.08
1780297200,1985.79
1780300800,1976.39
1780304400,1982.58
1780308000,1985.03
1780311600,1981.88
1780315200,1979.81
1780318800,1982.02
1780322400,1974.68
1780326000,1969.66
1780329600,1968.32
1780333200,1980.50
1780336800,1987.54
1780340400,1990.68
1780344000,2000.60
1780347600,2005.64
1780351200,1986.07
1780354800,2001.97
1780358400,2002.97
1780362000,1991.52
1780365600,1973.72
1780369200,1996.84
1780372800,2000.05
1780376400,1988.51
1780380000,1984.25
1780383600,1972.77
1780387200,1977.33
1780390800,1973.04
1780394400,1972.85
1780398000,1979.06
1780401600,1978.54
1780405200,1975.20
1780408800,1968.06
1780412400,1931.64
1780416000,1914.96
1780419600,1923.50
1780423200,1923.41
1780426800,1908.94
1780430400,1911.27
1780434000,1903.26
1780437600,1892.97
1780441200,1861.20
1780444800,1857.95
1780448400,1865.26
1780452000,1860.64
1780455600,1852.50
1780459200,1841.75
1780462800,1862.34
1780466400,1870.51
1780470000,1870.01
1780473600,1877.28
1780477200,1878.79
1780480800,1875.90
1780484400,1882.56
1780488000,1876.98
1780491600,1872.00
1780495200,1861.00
1780498800,1853.77
1780502400,1837.80
1780506000,1823.76
1780509600,1828.52
1780513200,1830.55
1780516800,1797.52
1780520400,1788.30
1780524000,1841.18
1780527600,1820.22
1780531200,1814.71
1780534800,1796.00
1780538400,1720.31
1780542000,1784.45
1780545600,1811.16
1780549200,1794.10
1780552800,1787.99
1780556400,1782.81
1780560000,1781.44
1780563600,1764.93
1780567200,1757.79
1780570800,1741.24
1780574400,1754.91
1780578000,1775.07
1780581600,1779.39
1780585200,1774.67
1780588800,1771.30
1780592400,1769.96
1780596000,1762.26
1780599600,1772.60
1780603200,1768.80
1780606800,1775.89
1780610400,1758.50
1780614000,1773.21
1780617600,1763.89
1780621200,1746.98
1780624800,1750.69
1780628400,1727.97
1780632000,1722.17
1780635600,1737.00
1780639200,1675.17
1780642800,1644.17
1780646400,1672.30
1780650000,1667.63
1780653600,1679.94
1780657200,1672.19
1780660800,1651.48
1780664400,1666.50
1780668000,1606.13
1780671600,1599.67
1780675200,1575.23
1780678800,1609.74
1780682400,1591.54
1780686000,1551.34
1780689600,1560.68
1780693200,1611.48
1780696800,1598.37
1780700400,1598.33
1780704000,1598.33
1780707600,1595.96
1780711200,1580.29
1780714800,1569.36
1780718400,1560.60
1780722000,1513.29
1780725600,1572.32
1780729200,1558.08
1780732800,1571.21
1780736400,1581.17
1780740000,1562.24
1780743600,1555.60
1780747200,1560.00
1780750800,1572.56
1780754400,1561.80
1780758000,1554.87
1780761600,1563.85
1780765200,1563.57
1780768800,1553.99
1780772400,1555.07
1780776000,1551.85
1780779600,1558.02
1780783200,1555.60
1780786800,1561.88
1780790400,1570.65
1780794000,1575.55
1780797600,1588.30
1780801200,1590.46
1780804800,1592.50
1780808400,1594.74
1780812000,1598.49
1780815600,1611.70
1780819200,1612.11
1780822800,1638.20
1780826400,1630.69
1780830000,1623.90
1780833600,1629.72
1780837200,1613.71
1780840800,1618.90
1780844400,1624.68
1780848000,1626.84
1780851600,1632.13
1780855200,1630.59
1780858800,1623.60
1780862400,1616.90
1780866000,1624.10
1780869600,1632.41
1780873200,1673.69
1780876800,1687.08
1780880400,1692.29
1780884000,1683.91
1780887600,1681.34
1780891200,1673.80
1780894800,1657.61
1780898400,1661.16
1780902000,1662.90
1780905600,1667.17
1780909200,1664.37
1780912800,1669.52
1780916400,1667.29
1780920000,1670.15
1780923600,1690.48
1780927200,1678.49
1780930800,1692.79
1780934400,1693.20
1780938000,1681.40
1780941600,1690.53
1780945200,1687.17
1780948800,1686.60
1780952400,1697.90
1780956000,1698.10
1780959600,1705.16
1780963200,1688.92
1780966800,1664.28
1780970400,1670.15
1780974000,1666.66
1780977600,1665.40
1780981200,1687.20
1780984800,1688.15
1780988400,1689.40
1780992000,1676.78
1780995600,1674.79
1780999200,1672.36
1781002800,1669.67
1781006400,1679.63
1781010000,1676.30
1781013600,1664.75
1781017200,1642.61
1781020800,1632.60
1781024400,1640.02
1781028000,1642.08
1781031600,1652.72
1781035200,1659.11
1781038800,1657.83
1781042400,1645.93
1781046000,1639.81
1781049600,1642.73
1781053200,1645.80
1781056800,1638.53
1781060400,1626.19
1781064000,1628.15
1781067600,1625.67
1781071200,1628.64
1781074800,1632.16
1781078400,1636.42
1781082000,1618.98
1781085600,1621.51
1781089200,1614.58
1781092800,1620.88
1781096400,1634.04
1781100000,1654.16
1781103600,1646.00
1781107200,1651.42
1781110800,1646.11
1781114400,1634.39
1781118000,1628.00
1781121600,1626.45
1781125200,1626.99
1781128800,1605.73
1781132400,1615.44
1781136000,1621.09
1781139600,1632.01
1781143200,1643.02
1781146800,1638.70
1781150400,1651.78
1781154000,1651.03
1781157600,1644.73
1781161200,1652.08
1781164800,1654.32
1781168400,1657.92
1781172000,1656.42
1781175600,1659.28
1781179200,1661.84
1781182800,1649.42
1781186400,1653.37
1781190000,1641.69
1781193600,1642.27
1781197200,1633.97
1781200800,1681.00
1781204400,1682.11
1781208000,1679.81
1781211600,1671.99
1781215200,1678.54
1781218800,1672.59
1781222400,1670.00
1781226000,1667.90
1781229600,1666.14
1781233200,1672.80
1781236800,1670.12
1781240400,1672.61
1781244000,1663.89
1781247600,1658.79
1781251200,1660.70
1781254800,1670.24
1781258400,1676.96
1781262000,1674.50
1781265600,1668.51
1781269200,1664.36
1781272800,1663.16
1781276400,1679.70
1781280000,1664.40
1781283600,1674.86
1781287200,1667.76
1781290800,1669.44
1781294400,1666.99
1781298000,1662.89
1781301600,1664.65
1781305200,1660.64
1781308800,1665.04
1781312400,1667.29
1781316000,1672.45
1781319600,1667.92
1781323200,1663.89
1781326800,1664.63
1781330400,1664.11
1781334000,1667.96
1781337600,1674.39
1781341200,1674.83
1781344800,1673.28
1781348400,1674.01
1781352000,1677.16
1781355600,1678.94
1781359200,1679.06
1781362800,1679.70
1781366400,1676.06
1781370000,1674.29
1781373600,1674.38
1781377200,1678.61
1781380800,1677.00
1781384400,1676.70
1781388000,1684.16
1781391600,1680.80
1781395200,1679.36
1781398800,1681.26
1781402400,1683.68
1781406000,1681.97
1781409600,1681.43
1781413200,1678.09
1781416800,1679.45
1781420400,1675.93
1781424000,1674.17
1781427600,1675.85
1781431200,1676.21
1781434800,1672.41
1781438400,1673.81
1781442000,1666.01
1781445600,1666.15
1781449200,1661.53
1781452800,1662.77
1781456400,1663.41
1781460000,1662.54
1781463600,1661.73
1781467200,1664.18
1781470800,1669.51
1781474400,1720.13
1781478000,1718.26
1781481600,1725.85
1781485200,1712.40
1781488800,1715.94
1781492400,1717.65
1781496000,1717.97
1781499600,1715.82
1781503200,1720.57
1781506800,1719.11
1781510400,1719.06
1781514000,1720.08
1781517600,1719.69
1781521200,1736.26
1781524800,1761.79
1781528400,1776.17
1781532000,1808.62
1781535600,1813.69
1781539200,1840.63
1781542800,1828.67
1781546400,1827.28
1781550000,1831.34
1781553600,1823.14
1781557200,1816.43
1781560800,1811.95
1781564400,1789.10
1781568000,1795.63
1781571600,1793.05
1781575200,1792.55
1781578800,1771.58
1781582400,1779.79
1781586000,1763.90
1781589600,1763.37
1781593200,1769.77
1781596800,1774.12
1781600400,1800.96
1781604000,1789.56
1781607600,1797.80
1781611200,1797.04
1781614800,1813.17
1781618400,1803.24
1781622000,1779.50
1781625600,1781.68
1781629200,1777.53
1781632800,1801.80
1781636400,1792.53
1781640000,1791.77
1781643600,1795.47
1781647200,1793.28
1781650800,1796.01
1781654400,1792.10
1781658000,1794.48
1781661600,1796.61
1781665200,1792.49
1781668800,1793.48
1781672400,1797.44
1781676000,1794.08
1781679600,1785.96
1781683200,1781.89
1781686800,1766.69
1781690400,1769.73
1781694000,1763.50
1781697600,1762.41
1781701200,1757.11
1781704800,1757.50
1781708400,1756.23
1781712000,1775.07
1781715600,1771.25
1781719200,1757.10
1781722800,1768.52
1781726400,1739.82
1781730000,1745.00
1781733600,1728.72
1781737200,1744.65
1781740800,1751.53
1781744400,1756.95
1781748000,1755.78
1781751600,1750.94
1781755200,1738.70
1781758800,1723.49
1781762400,1732.79
1781766000,1734.38
1781769600,1745.28
1781773200,1744.96
1781776800,1746.32
1781780400,1746.57
1781784000,1742.90
1781787600,1747.15
1781791200,1736.03
1781794800,1733.30
1781798400,1686.02
1781802000,1683.50
1781805600,1678.02
1781809200,1682.20
1781812800,1712.64
1781816400,1709.08
1781820000,1704.54
1781823600,1704.80
1781827200,1709.76
1781830800,1716.30
1781834400,1713.21
1781838000,1705.09
1781841600,1690.31
1781845200,1692.83
1781848800,1697.99
1781852400,1696.78
1781856000,1694.59
1781859600,1694.90
1781863200,1688.50
1781866800,1690.80
1781870400,1693.00
1781874000,1694.31
1781877600,1703.09
1781881200,1703.05
1781884800,1705.45
1781888400,1693.94
1781892000,1703.07
1781895600,1703.24
1781899200,1701.62
1781902800,1705.14
1781906400,1700.73
1781910000,1706.44
1781913600,1708.20
1781917200,1706.93
1781920800,1707.60
1781924400,1704.84
1781928000,1706.49
1781931600,1713.06
1781935200,1724.48
1781938800,1723.51
1781942400,1725.11
1781946000,1723.86
1781949600,1726.63
1781953200,1726.12
1781956800,1727.16
1781960400,1724.75
1781964000,1714.51
1781967600,1735.21
1781971200,1735.78
1781974800,1730.35
1781978400,1728.10
1781982000,1724.71
1781985600,1727.31
1781989200,1729.86
1781992800,1733.88
1781996400,1741.33
1782000000,1736.84
1782003600,1735.29
1782007200,1736.33
1782010800,1732.72
1782014400,1735.85
1782018000,1730.35
1782021600,1731.60
1782025200,1732.67
1782028800,1731.02
1782032400,1727.64
1782036000,1730.61
1782039600,1729.63
1782043200,1723.68
1782046800,1722.74
1782050400,1723.14
1782054000,1728.55
1782057600,1728.76
1782061200,1728.39
1782064800,1720.77
1782068400,1733.44
1782072000,1732.04
1782075600,1720.22
1782079200,1717.64
1782082800,1711.45
1782086400,1708.68
1782090000,1725.66
1782093600,1739.78
1782097200,1732.95
1782100800,1730.16
1782104400,1732.85
1782108000,1733.22
1782111600,1739.91
1782115200,1742.70
1782118800,1748.30
1782122400,1746.49
1782126000,1747.44
1782129600,1766.43
1782133200,1764.00
1782136800,1771.32
1782140400,1755.10
1782144000,1737.52
1782147600,1740.26
1782151200,1743.85
1782154800,1731.38
1782158400,1737.67
1782162000,1734.31
1782165600,1733.43
1782169200,1724.10
1782172800,1726.60
1782176400,1731.79
1782180000,1729.16
1782183600,1727.10
1782187200,1728.46
1782190800,1719.98
1782194400,1710.03
1782198000,1691.16
1782201600,1678.69
1782205200,1649.59
1782208800,1656.58
1782212400,1652.00
1782216000,1658.56
1782219600,1651.61
1782223200,1662.97
1782226800,1659.46
1782230400,1656.25
1782234000,1656.93
1782237600,1657.28
1782241200,1658.11
1782244800,1662.41
1782248400,1664.18
1782252000,1666.64
1782255600,1661.04
1782259200,1665.95
1782262800,1666.09
1782266400,1668.46
1782270000,1662.32
1782273600,1663.10
1782277200,1668.05
1782280800,1669.05
1782284400,1674.40
1782288000,1671.93
1782291600,1668.33
1782295200,1664.46
1782298800,1661.17
1782302400,1678.88
1782306000,1663.32
1782309600,1642.05
1782313200,1640.89
1782316800,1617.53
1782320400,1591.69
1782324000,1560.40
1782327600,1572.37
1782331200,1594.89
1782334800,1608.00
1782338400,1620.51
1782342000,1614.48
1782345600,1622.36
1782349200,1615.79
1782352800,1617.37
1782356400,1618.81
1782360000,1617.12
1782363600,1638.53
1782367200,1643.00
1782370800,1651.27
1782374400,1654.47
1782378000,1652.39
1782381600,1647.01
1782385200,1632.52
1782388800,1629.63
1782392400,1635.10
1782396000,1554.26
1782399600,1562.80
1782403200,1570.34
1782406800,1556.51
1782410400,1572.00
1782414000,1560.24
1782417600,1566.65
1782421200,1559.72
1782424800,1578.86
1782428400,1570.09
1782432000,1567.52
1782435600,1559.97
1782439200,1557.20
1782442800,1522.00
1782446400,1552.03
1782450000,1547.60
1782453600,1547.39
1782457200,1571.08
1782460800,1575.87
1782464400,1559.50
1782468000,1550.60
1782471600,1551.98
1782475200,1544.51
1782478800,1533.38
1782482400,1563.22
1782486000,1559.57
1782489600,1582.89
1782493200,1577.54
1782496800,1582.00
1782500400,1568.95
1782504000,1575.42
1782507600,1566.68
1782511200,1568.50
1782514800,1577.51
1782518400,1578.20
1782522000,1572.50
1782525600,1575.56
1782529200,1580.21
1782532800,1580.89
1782536400,1576.66
1782540000,1575.11
1782543600,1580.22
1782547200,1582.56
1782550800,1581.98
1782554400,1580.98
1782558000,1582.84
1782561600,1581.84
1782565200,1585.60
1782568800,1587.90
1782572400,1593.35
1782576000,1602.59
1782579600,1587.52
1782583200,1588.97
1782586800,1593.15
1782590400,1578.40
1782594000,1580.58
1782597600,1572.01
1782601200,1578.04
1782604800,1571.71
1782608400,1569.59
1782612000,1575.99
1782615600,1572.13
1782619200,1572.20
1782622800,1568.08
1782626400,1566.93
1782630000,1569.70
1782633600,1573.94
1782637200,1579.00
1782640800,1576.48
1782644400,1578.01
1782648000,1580.52
1782651600,1574.12
1782655200,1578.42
1782658800,1582.14
1782662400,1578.64
1782666000,1571.77
1782669600,1572.08
1782673200,1567.00
1782676800,1564.66
1782680400,1569.51
1782684000,1575.42
1782687600,1558.13
1782691200,1565.55
1782694800,1564.50
1782698400,1565.35
1782702000,1578.72
1782705600,1581.11
1782709200,1567.83
1782712800,1583.93
1782716400,1578.90
1782720000,1579.60
1782723600,1572.52
1782727200,1577.44
1782730800,1575.04
1782734400,1578.68
1782738000,1580.16
1782741600,1569.39
1782745200,1564.10
1782748800,1578.00
1782752400,1588.04
1782756000,1624.59
1782759600,1615.90
1782763200,1622.10
1782766800,1612.56
1782770400,1618.00
1782774000,1611.76
1782777600,1611.93
1782781200,1593.83
1782784800,1589.52
1782788400,1590.26
1782792000,1583.18
1782795600,1587.96
1782799200,1588.72
1782802800,1592.34
1782806400,1591.99
1782810000,1585.07
1782813600,1583.43
1782817200,1583.74
1782820800,1573.45
1782824400,1554.88
1782828000,1570.02
1782831600,1559.03
1782835200,1565.71
1782838800,1571.70
1782842400,1568.73
1782846000,1577.54
1782849600,1579.10
1782853200,1573.76
1782856800,1572.18
1782860400,1564.48
1782864000,1573.01
1782867600,1568.72
1782871200,1576.18
1782874800,1582.90
1782878400,1590.85
1782882000,1596.71
1782885600,1586.89
1782889200,1573.04
1782892800,1575.06
1782896400,1579.56
1782900000,1579.13
1782903600,1571.88
1782907200,1566.59
1782910800,1570.95
1782914400,1592.40
1782918000,1607.75
1782921600,1616.49
1782925200,1608.40
1782928800,1623.36
1782932400,1619.87
1782936000,1612.80
1782939600,1618.98
1782943200,1628.85
1782946800,1615.47
1782950400,1602.58
1782954000,1603.30
1782957600,1619.11
1782961200,1620.33
1782964800,1636.71
1782968400,1628.72
1782972000,1623.08
1782975600,1616.72
1782979200,1615.67
1782982800,1621.84
1782986400,1641.30
1782990000,1644.78
1782993600,1646.49
1782997200,1661.58
1783000800,1707.62
1783004400,1695.33
1783008000,1695.01
1783011600,1697.40
1783015200,1697.86
1783018800,1699.83
1783022400,1697.99
1783026000,1703.27
1783029600,1696.05
1783033200,1690.73
1783036800,1699.49
1783040400,1700.21
1783044000,1708.28
1783047600,1702.76
1783051200,1705.80
1783054800,1704.64
1783058400,1716.70
1783062000,1712.50
1783065600,1716.40
1783069200,1721.90
1783072800,1728.80
1783076400,1741.10
1783080000,1742.61
1783083600,1735.86
1783087200,1742.97
1783090800,1735.30
1783094400,1730.02
1783098000,1732.67
1783101600,1736.52
1783105200,1738.18
1783108800,1743.79
1783112400,1765.46
1783116000,1758.30
1783119600,1756.70
1783123200,1757.00
1783126800,1752.71
1783130400,1746.27
1783134000,1747.50
1783137600,1752.30
1783141200,1757.74
1783144800,1756.22
1783148400,1752.83
1783152000,1757.42
1783155600,1758.41
1783159200,1756.71
1783162800,1756.13
1783166400,1759.80
1783170000,1761.41
1783173600,1765.91
1783177200,1773.80
1783180800,1789.57
1783184400,1781.39
1783188000,1797.99
1783191600,1793.34
1783195200,1793.89
1783198800,1785.84
1783202400,1785.40
1783206000,1783.18
1783209600,1775.90
1783213200,1771.90
1783216800,1763.71
1783220400,1760.56
1783224000,1760.39
1783227600,1765.21
1783231200,1762.70
1783234800,1763.38
1783238400,1768.46
1783242000,1765.27
1783245600,1757.38
1783249200,1760.70
1783252800,1756.05
1783256400,1763.97
1783260000,1764.78
1783263600,1775.90
1783267200,1773.83
1783270800,1775.26
1783274400,1778.82
1783278000,1782.07
1783281600,1779.08
1783285200,1772.38
1783288800,1786.00
1783292400,1791.83
1783296000,1786.22
1783299600,1791.14
1783303200,1785.90
1783306800,1783.31
1783310400,1780.41
1783314000,1774.60
1783317600,1772.79
1783321200,1766.68
1783324800,1774.14
1783328400,1763.58
1783332000,1761.51
1783335600,1769.65
1783339200,1738.95
1783342800,1732.16
1783346400,1744.53
1783350000,1755.96
1783353600,1785.39
1783357200,1790.32
1783360800,1789.38
1783364400,1790.75
1783368000,1787.54
1783371600,1792.65
1783375200,1813.25
1783378800,1807.70
1783382400,1798.56
1783386000,1789.88
1783389600,1792.95
1783393200,1778.84
1783396800,1769.40
1783400400,1765.20
1783404000,1770.80
1783407600,1778.86
1783411200,1770.00
1783414800,1770.88
1783418400,1782.39
1783422000,1772.52
1783425600,1781.40
1783429200,1777.32
1783432800,1772.51
1783436400,1785.23
1783440000,1794.92
1783443600,1801.56
1783447200,1805.07
1783450800,1784.97
1783454400,1790.53
1783458000,1786.99
1783461600,1772.57
1783465200,1776.96
1783468800,1773.13
1783472400,1777.09
1783476000,1752.60
1783479600,1759.70
1783483200,1751.21
1783486800,1755.42
1783490400,1751.65
1783494000,1746.09
1783497600,1755.20
1783501200,1736.30
1783504800,1733.89
1783508400,1736.75
1783512000,1745.41
1783515600,1738.61
1783519200,1735.63
1783522800,1724.39
1783526400,1723.21
1783530000,1732.94
1783533600,1736.84
1783537200,1735.90
1783540800,1737.73
1783544400,1735.41
1783548000,1739.50
1783551600,1739.94
1783555200,1741.01
1783558800,1738.16
1783562400,1732.53
1783566000,1723.50
1783569600,1730.87
1783573200,1741.46
1783576800,1749.24
1783580400,1755.20
1783584000,1752.10
1783587600,1751.89
1783591200,1754.10
1783594800,1745.67
1783598400,1739.79
1783602000,1745.93
1783605600,1746.20
1783609200,1739.95
1783612800,1741.17
1783616400,1738.89
1783620000,1747.19
1783623600,1750.76
1783627200,1745.31
1783630800,1749.88
1783634400,1747.55
1783638000,1747.86
1783641600,1742.89
1783645200,1737.36
1783648800,1767.89
1783652400,1769.17
1783656000,1776.47
1783659600,1772.83
1783663200,1776.54
1783666800,1769.85
1783670400,1772.64
1783674000,1783.70
1783677600,1789.68
1783681200,1797.39
1783684800,1799.01
1783688400,1794.61
1783692000,1797.80
1783695600,1785.83
1783699200,1788.40
1783702800,1797.48
1783706400,1789.46
1783710000,1785.12
1783713600,1789.65
1783717200,1790.94
1783720800,1793.70
1783724400,1792.14
1783728000,1793.67
1783731600,1791.96
1783735200,1790.15
1783738800,1793.85
1783742400,1795.84
1783746000,1795.16
1783749600,1796.12
1783753200,1797.96
1783756800,1798.64
1783760400,1801.33
1783764000,1795.49
1783767600,1796.75
1783771200,1799.83
1783774800,1798.02
1783778400,1802.52
1783782000,1813.46
1783785600,1813.07
1783789200,1820.34
1783792800,1823.45
1783796400,1823.93
1783800000,1824.47
1783803600,1827.48
1783807200,1821.95
1783810800,1814.26
1783814400,1788.04
1783818000,1792.45
1783821600,1802.87
1783825200,1803.78
1783828800,1809.66
1783832400,1805.73
1783836000,1795.69
1783839600,1795.83
1783843200,1799.88
1783846800,1803.52
1783850400,1800.48
1783854000,1800.02
1783857600,1802.40
1783861200,1807.35
1783864800,1806.30
1783868400,1818.08
1783872000,1818.84
1783875600,1820.16
1783879200,1819.32
1783882800,1820.96
1783886400,1819.40
1783890000,1822.04
1783893600,1801.43
1783897200,1801.98
1783900800,1812.55
1783904400,1825.20
1783908000,1803.03
1783911600,1802.05
1783915200,1776.98
1783918800,1782.75
1783922400,1781.90
1783926000,1776.61
1783929600,1786.67
1783933200,1787.74
1783936800,1783.32
1783940400,1779.93
1783944000,1779.06
1783947600,1770.40
1783951200,1768.25
1783954800,1777.89
1783958400,1777.83
1783962000,1771.05
1783965600,1755.92
1783969200,1764.50
1783972800,1774.52
1783976400,1763.96
1783980000,1762.92
1783983600,1757.06
1783987200,1774.02
1783990800,1783.44
1783994400,1784.14
1783998000,1780.20
1784001600,1784.20
1784005200,1785.05
1784008800,1783.64
1784012400,1781.15
1784016000,1780.31
1784019600,1786.56
1784023200,1786.30
1784026800,1794.47
1784030400,1795.98
1784034000,1858.90
1784037600,1861.10
1784041200,1879.12
1784044800,1870.05
1784048400,1869.63
1784052000,1871.08
1784055600,1874.64
1784059200,1874.98
1784062800,1875.21
1784066400,1873.60
1784070000,1881.29
1784073600,1889.46
1784077200,1876.59
1784080800,1868.20
1784084400,1866.55
1784088000,1874.96
1784091600,1875.11
1784095200,1881.91
1784098800,1875.19
1784102400,1873.76
1784106000,1880.35
1784109600,1882.15
1784113200,1878.72
1784116800,1881.77
1784120400,1936.16
1784124000,1927.95
1784127600,1928.63
1784131200,1925.10
1784134800,1920.57
1784138400,1927.68
1784142000,1927.19
1784145600,1920.69
1784149200,1922.39
1784152800,1921.53
1784156400,1925.02
1784160000,1921.13
1784163600,1914.78
1784167200,1920.54
1784170800,1922.80
1784174400,1917.10
1784178000,1917.53
1784181600,1924.16
1784185200,1920.77
1784188800,1909.47
1784192400,1886.90
1784196000,1884.00
1784199600,1885.53
1784203200,1880.52
1784206800,1870.70
1784210400,1881.48
1784214000,1877.53
1784217600,1877.16
1784221200,1875.38
1784224800,1869.09
1784228400,1875.42
1784232000,1872.91
1784235600,1873.44
1784239200,1879.81
1784242800,1865.95
1784246400,1863.80
1784250000,1866.60
1784253600,1852.60
1784257200,1849.27
1784260800,1849.28
1784264400,1845.97
1784268000,1825.87
1784271600,1830.52
1784275200,1828.36
1784278800,1828.53
1784282400,1836.73
1784286000,1834.51
1784289600,1836.13
1784293200,1825.22
1784296800,1823.92
1784300400,1818.84
1784304000,1828.49
1784307600,1839.43
1784311200,1841.61
1784314800,1845.29
1784318400,1838.65
1784322000,1844.15
1784325600,1840.00
1784329200,1836.72
1784332800,1839.60
1784336400,1840.08
1784340000,1841.60
1784343600,1840.95
1784347200,1844.20
1784350800,1843.64
1784354400,1844.72
1784358000,1843.51
1784361600,1841.63
1784365200,1845.54
1784368800,1844.05
1784372400,1843.90
1784376000,1846.70
1784379600,1842.40
1784383200,1841.16
1784386800,1844.35
1784390400,1841.20
1784394000,1844.39
1784397600,1851.24
1784401200,1857.49
1784404800,1857.00
1784408400,1857.00
1784412000,1862.34
1784415600,1862.47
1784419200,1861.36
1784422800,1859.63
1784426400,1861.39
1784430000,1869.48
1784433600,1865.76
1784437200,1868.21
1784440800,1867.51
1784444400,1867.65
1784448000,1868.23
1784451600,1872.28
1784455200,1866.66
1784458800,1873.33
1784462400,1868.20
1784466000,1867.15
1784469600,1872.84
1784473200,1873.25
1784476800,1871.25
1784480400,1862.86
1784484000,1862.15
1784487600,1856.65
1784491200,1863.12
1784494800,1866.18
1784498400,1861.58
1784502000,1865.53
1784505600,1868.51
1784509200,1872.94
1784512800,1879.20
1784516400,1879.31
1784520000,1876.60
1784523600,1865.56
1784527200,1854.74
1784530800,1851.39
1784534400,1862.87
1784538000,1857.53
1784541600,1864.32
1784545200,1869.30
1784548800,1881.10
1784552400,1871.73
1784556000,1862.61
1784559600,1873.55
1784563200,1896.76
1784566800,1896.24
1784570400,1911.13
1784574000,1894.47
1784577600,1896.81
1784581200,1904.62
1784584800,1899.10
1784588400,1895.69
1784592000,1903.48
1784595600,1914.39
1784599200,1908.84
1784602800,1922.16
1784606400,1929.11
1784610000,1924.79
1784613600,1931.13
1784617200,1934.68
1784620800,1934.36
1784624400,1937.67
1784628000,1942.20
1784631600,1930.81
1784635200,1932.44
1784638800,1941.26
1784642400,1939.61
1784646000,1925.03
1784649600,1933.90
1784653200,1926.01
1784656800,1918.80
1784660400,1921.47
1784664000,1922.05
1784667600,1919.47
1784671200,1921.53
1784674800,1918.18
1784678400,1930.96
1784682000,1937.72
1784685600,1931.45
1784689200,1930.01
1784692800,1931.85
1784696400,1932.00
1784700000,1918.54
1784703600,1916.71
1784707200,1917.12
1784710800,1921.92
1784714400,1923.05
1784718000,1929.20
1784721600,1923.49
1784725200,1917.96
1784728800,1940.76
1784732400,1936.60
1784736000,1939.95
1784739600,1947.24
1784743200,1938.76
1784746800,1928.52
1784750400,1924.81
1784754000,1926.69
1784757600,1935.51
1784761200,1934.22
1784764800,1934.34
1784768400,1933.92
1784772000,1928.67
1784775600,1924.48
1784779200,1919.31
1784782800,1917.72
1784786400,1921.19
1784790000,1922.00
1784793600,1914.84
1784797200,1929.37
1784800800,1923.86
1784804400,1925.95
1784808000,1926.10
1784811600,1900.61
1784815200,1900.10
1784818800,1893.64
1784822400,1888.34
1784826000,1886.07
1784829600,1876.21
1784833200,1880.96
1784836800,1878.69
1784840400,1886.15
1784844000,1880.62
1784847600,1881.95
1784851200,1875.53
1784854800,1872.96
1784858400,1871.64
1784862000,1871.73
1784865600,1878.77
1784869200,1874.18
1784872800,1880.20
1784876400,1889.20
1784880000,1891.98
1784883600,1885.76
1784887200,1886.22
1784890800,1881.72
1784894400,1880.87
1784898000,1870.73
1784901600,1854.36
1784905200,1856.19
1784908800,1862.17
1784912400,1856.97
1784916000,1863.59
1784919600,1858.80
1784923200,1862.20
1784926800,1859.14
1784930400,1857.11
1784934000,1858.68
1784937600,1861.32
1784941200,1860.61
1784944800,1858.98
1784948400,1858.22
1784952000,1858.89
1784955600,1860.32
1784959200,1857.16
1784962800,1856.91
1784966400,1853.35
1784970000,1851.12
1784973600,1857.32
1784977200,1858.06
1784980800,1856.72
1784984400,1860.29
1784988000,1864.13
1784991600,1865.81
1784995200,1866.70
1784998800,1867.36
1785002400,1872.28
1785006000,1873.67
1785009600,1872.66
1785013200,1868.98
1785016800,1871.75
1785020400,1873.92
1785024000,1873.93
1785027600,1877.91
1785031200,1877.31
1785034800,1877.98
1785038400,1880.98
1785042000,1885.06
1785045600,1882.44
1785049200,1883.15
1785052800,1878.47
1785056400,1881.02
1785060000,1882.80
1785063600,1886.02
1785067200,1886.83
1785070800,1882.69
1785074400,1889.05
1785078000,1898.11
1785081600,1911.02
1785085200,1913.02
1785088800,1910.64
1785092400,1913.13
1785096000,1911.69
1785099600,1913.88
1785103200,1936.20
1785106800,1949.99
1785110400,1950.19
1785114000,1943.64
1785117600,1945.74
1785121200,1940.77
1785124800,1953.03
1785128400,1952.61
1785132000,1967.51
1785135600,1968.17
1785139200,1963.97
1785142800,1957.50
1785146400,1963.50
1785150000,1963.53
1785153600,1962.45
1785157200,1956.70
1785160800,1962.33
1785164400,1931.29
1785168000,1929.09
1785171600,1934.56
1785175200,1941.53
1785178800,1937.00
1785182400,1946.20
1785186000,1944.59
1785189600,1934.88
1785193200,1886.03
1785196800,1890.61
1785200400,1876.46
1785204000,1872.10
1785207600,1873.69
1785211200,1879.91
1785214800,1882.19
1785218400,1879.61
1785222000,1885.74
1785225600,1882.07
1785229200,1881.42
1785232800,1875.73
1785236400,1875.61
1785240000,1876.01
1785243600,1889.40
1785247200,1874.43
1785250800,1884.57
1785254400,1915.88
1785258000,1921.08
1785261600,1909.63
1785265200,1912.87
1785268800,1918.89
1785272400,1919.73
1785276000,1924.71
1785279600,1906.39
1785283200,1922.90
1785286800,1915.62
1785290400,1901.46
1785294000,1905.26
1785297600,1885.94
1785301200,1903.32
1785304800,1908.14
1785308400,1916.86
1785312000,1918.92
1785315600,1915.77
1785319200,1919.21
1785322800,1910.57
1785326400,1910.89
1785330000,1903.50
1785333600,1905.75
1785337200,1895.11
1785340800,1888.80
1785344400,1895.90
1785348000,1921.74
1785351600,1915.35
1785355200,1883.88
1785358800,1876.71
1785362400,1902.95
1785366000,1902.82
1785369600,1907.93
1785373200,1901.19
1785376800,1914.02
1785380400,1910.64
1785384000,1906.39
1785387600,1899.71
1785391200,1903.92
1785394800,1904.52
1785398400,1900.22
1785402000,1913.81
1785405600,1916.90
1785409200,1915.43
1785412800,1922.74
1785416400,1924.05
1785420000,1923.87
1785423600,1917.20
1785427200,1921.14
1785430800,1918.41
1785434400,1919.62
1785438000,1918.48
1785441600,1924.31
1785445200,1921.00
1785448800,1921.58
1785452400,1925.30
1785456000,1919.80
1785459600,1923.41
1785463200,1906.11
1785466800,1902.02
1785470400,1907.55
1785474000,1906.98
1785477600,1904.28
1785481200,1895.50
1785484800,1890.63
1785488400,1888.95
1785492000,1880.52
1785495600,1887.97
1785499200,1879.87
1785502800,1883.62
1785506400,1860.02
1785510000,1858.41
1785513600,1861.03
1785517200,1864.40
1785520800,1873.86
1785524400,1868.82
1785528000,1867.46
1785531600,1860.55
1785535200,1860.28
1785538800,1861.89
1785542400,1863.58
1785546000,1865.21
1785549600,1866.05
1785553200,1866.40
1785556800,1867.51
1785560400,1868.98
1785564000,1865.20
1785567600,1868.80
1785571200,1868.51
1785574800,1867.49
1785578400,1862.28
1785582000,1865.58
1785585600,1866.75
1785589200,1867.49
1785592800,1869.49
1785596400,1872.86
1785600000,1869.60
1785603600,1867.95
1785607200,1860.80
1785610800,1837.32
1785614400,1836.10
1785618000,1839.20
1785621600,1845.36
1785625200,1846.50
1785628800,1846.80
1785632400,1847.14
1785636000,1854.85
1785639600,1873.84
1785643200,1878.74
1785646800,1876.36
1785650400,1876.23
1785654000,1875.80
1785657600,1875.20
1785661200,1861.23
1785664800,1868.96
1785668400,1866.68
1785672000,1852.71
1785675600,1855.63
1785679200,1852.91
1785682800,1853.44
1785686400,1855.84
1785690000,1862.92
1785693600,1869.43
1785697200,1874.60
1785700800,1879.00
1785704400,1884.76
1785708000,1893.83
1785711600,1879.07
1785715200,1880.30
1785718800,1873.55
1785722400,1865.90
1785726000,1863.04
1785729600,1858.14
1785733200,1853.66
1785736800,1858.11
1785740400,1845.64
1785744000,1841.74
1785747600,1838.40
1785751200,1850.02
1785754800,1841.68
1785758400,1836.56
1785762000,1841.61
1785765600,1853.50
1785769200,1866.47
1785772800,1864.07
1785776400,1864.87
1785780000,1868.91
1785783600,1868.79
1785787200,1869.52
1785790800,1865.64
1785794400,1858.27
1785798000,1858.00
1785801600,1860.35
1785805200,1848.68
1785808800,1865.02
1785812400,1864.34
1785816000,1862.60
1785819600,1866.41
1785823200,1863.12
1785826800,1857.02
1785830400,1862.80
1785834000,1856.86
1785837600,1854.91
1785841200,1868.08
1785844800,1869.36
1785848400,1874.44
1785852000,1862.44
1785855600,1872.47
1785859200,1870.47
1785862800,1873.85
1785866400,1871.74
1785870000,1874.62
1785873600,1871.62
1785877200,1874.27
1785880800,1869.79
1785884400,1873.64
1785888000,1868.29
1785891600,1862.19
1785895200,1874.26
1785898800,1872.40
1785902400,1865.22
1785906000,1870.65
1785909600,1871.63
1785913200,1867.18
1785916800,1871.33
1785920400,1868.98
1785924000,1871.11
1785927600,1868.10
1785931200,1868.09
1785934800,1873.68
1785938400,1875.73
1785942000,1877.29
1785945600,1874.82
1785949200,1894.72
1785952800,1918.49
1785956400,1917.79
1785960000,1917.85
1785963600,1908.41
1785967200,1906.72
1785970800,1905.41
1785974400,1906.37
1785978000,1908.87
1785981600,1905.80
1785985200,1896.42
1785988800,1894.16
1785992400,1907.24
1785996000,1912.78
1785999600,1910.55
1786003200,1907.68
1786006800,1911.52
1786010400,1903.05
1786014000,1897.20
1786017600,1903.19
1786021200,1897.40
1786024800,1906.44
1786028400,1912.39
1786032000,1909.79
1786035600,1915.11
1786039200,1910.11
1786042800,1905.98
1786046400,1909.05
1786050000,1905.60
1786053600,1904.85
1786057200,1903.75
1786060800,1902.99
1786064400,1904.32
1786068000,1901.71
1786071600,1899.96
1786075200,1897.31
1786078800,1896.75
1786082400,1899.55
1786086000,1902.90
1786089600,1902.11
1786093200,1910.54
1786096800,1913.13
1786100400,1914.19
1786104000,1917.89
1786107600,1930.82
1786111200,1913.19
1786114800,1911.85
1786118400,1919.29
1786122000,1906.79
1786125600,1912.53
1786129200,1909.77
1786132800,1917.89
1786136400,1913.05
1786140000,1914.25
1786143600,1914.30
1786147200,1913.17
1786150800,1913.94
1786154400,1913.37
1786158000,1913.37
1786161600,1917.11
1786165200,1916.05
1786168800,1916.22
1786172400,1915.13
1786176000,1913.81
1786179600,1916.17
1786183200,1918.06
1786186800,1920.28
1786190400,1919.79
1786194000,1918.91
1786197600,1920.24
1786201200,1921.96
1786204800,1922.03
1786208400,1921.19
1786212000,1921.88
1786215600,1919.84
1786219200,1918.82
1786222800,1918.74
1786226400,1919.42
1786230000,1914.60
1786233600,1915.62
1786237200,1918.30
1786240800,1914.24
1786244400,1913.34
1786248000,1912.69
1786251600,1912.26
1786255200,1913.72
1786258800,1917.55
1786262400,1922.96
1786266000,1915.25
1786269600,1920.49
1786273200,1919.17
1786276800,1915.87
1786280400,1917.49
1786284000,1922.30
1786287600,1924.22
1786291200,1924.67
1786294800,1923.12
1786298400,1922.55
1786302000,1920.80
1786305600,1920.40
1786309200,1919.67
1786312800,1924.38
1786316400,1919.08
1786320000,1909.79
1786323600,1911.94
1786327200,1922.20
1786330800,1921.86
1786334400,1918.21
1786338000,1916.39
1786341600,1923.33
1786345200,1925.79
1786348800,1926.37
1786352400,1925.43
1786356000,1918.02
1786359600,1915.36
1786363200,1922.02
1786366800,1906.32
1786370400,1898.55
1786374000,1889.44
1786377600,1876.86
1786381200,1868.57
1786384800,1871.65
1786388400,1872.23
1786392000,1877.02
1786395600,1876.41
1786399200,1872.35
1786402800,1873.44
1786406400,1871.04
1786410000,1873.62
1786413600,1877.75
1786417200,1878.78
1786420800,1878.73
1786424400,1875.04
1786428000,1871.60
1786431600,1873.43
1786435200,1876.84
1786438800,1876.80
1786442400,1884.20
1786446000,1891.67
1786449600,1892.46
1786453200,1886.57
1786456800,1887.91
1786460400,1873.89
1786464000,1862.47
1786467600,1862.36
1786471200,1862.93
1786474800,1863.28
1786478400,1880.47
1786482000,1880.19
1786485600,1883.39
1786489200,1878.60
1786492800,1879.90
1786496400,1882.13
1786500000,1883.44
1786503600,1883.56
1786507200,1886.32
1786510800,1886.30
1786514400,1888.63
1786518000,1888.92
1786521600,1890.97
1786525200,1890.10
1786528800,1909.09
1786532400,1906.13
1786536000,1915.38
1786539600,1908.17
1786543200,1891.30
1786546800,1889.18
1786550400,1890.94
1786554000,1889.08
1786557600,1887.71
1786561200,1884.60
1786564800,1879.29
1786568400,1886.28
1786572000,1877.69
1786575600,1875.89
1786579200,1877.49
1786582800,1879.55
1786586400,1875.86
1786590000,1881.45
1786593600,1885.33
1786597200,1891.96
1786600800,1892.25
1786604400,1894.63
1786608000,1894.82
1786611600,1886.39
1786615200,1883.28
1786618800,1881.12
1786622400,1877.96
1786626000,1887.88
1786629600,1887.78
1786633200,1892.49
1786636800,1880.20
1786640400,1873.99
1786644000,1878.96
1786647600,1883.71
1786651200,1886.06
1786654800,1886.50
1786658400,1889.43
1786662000,1885.14
1786665600,1885.04
1786669200,1887.24
1786672800,1887.42
1786676400,1882.80
1786680000,1882.77
1786683600,1883.17
1786687200,1880.12
1786690800,1874.03
1786694400,1872.55
1786698000,1875.31
1786701600,1873.97
1786705200,1876.00
1786708800,1875.38
1786712400,1871.39
1786716000,1867.86
1786719600,1864.99
1786723200,1879.53
1786726800,1883.26
1786730400,1875.67
1786734000,1872.43
1786737600,1879.74
1786741200,1879.56
1786744800,1878.92
1786748400,1878.56
1786752000,1880.34
1786755600,1880.31
1786759200,1883.20
1786762800,1883.84
1786766400,1881.62
1786770000,1882.56
1786773600,1879.40
1786777200,1879.75
1786780800,1878.45
1786784400,1874.88
1786788000,1877.03
1786791600,1878.78
1786795200,1877.22
1786798800,1882.49
1786802400,1881.11
1786806000,1882.05
1786809600,1883.16
1786813200,1883.60
1786816800,1882.89
1786820400,1881.28
1786824000,1882.54
1786827600,1881.88
1786831200,1883.06
1786834800,1882.89
1786838400,1881.61
1786842000,1880.02
1786845600,1878.22
1786849200,1882.38
1786852800,1881.61
1786856400,1880.22
1786860000,1878.79
1786863600,1878.39
1786867200,1879.67
1786870800,1879.31
1786874400,1878.30
1786878000,1879.37
1786881600,1878.72
1786885200,1878.17
1786888800,1880.10
1786892400,1881.71
1786896000,1882.50
1786899600,1888.39
1786903200,1882.98
1786906800,1884.76
1786910400,1883.74
1786914000,1880.96
1786917600,1872.72
1786921200,1874.22
1786924800,1874.93
1786928400,1889.44
1786932000,1887.88
1786935600,1901.49
1786939200,1901.34
1786942800,1900.72
1786946400,1897.27
1786950000,1903.07
1786953600,1896.40
1786957200,1894.15
1786960800,1892.28
1786964400,1904.52
1786968000,1902.72
1786971600,1896.86
1786975200,1899.68
1786978800,1905.74
1786982400,1909.25
1786986000,1904.20
1786989600,1907.53
1786993200,1906.47
1786996800,1905.28
1787000400,1906.63
1787004000,1905.22
1787007600,1903.22
1787011200,1910.45
1787014800,1906.80
1787018400,1900.19
1787022000,1892.16
1787025600,1891.09
1787029200,1895.08
1787032800,1892.79
1787036400,1901.00
1787040000,1894.81
1787043600,1897.49
1787047200,1896.29
1787050800,1898.31
1787054400,1901.40
1787058000,1896.28
1787061600,1900.30
1787065200,1914.21
1787068800,1915.82
1787072400,1915.09
1787076000,1911.30
1787079600,1914.95
1787083200,1911.30
1787086800,1912.81
1787090400,1911.87
1787094000,1914.99
1787097600,1912.47
1787101200,1913.53
1787104800,1910.99
1787108400,1907.74
1787112000,1909.74
1787115600,1910.63
1787119200,1907.71
1787122800,1914.33
1787126400,1915.85
1787130000,1922.32
1787133600,1916.82
1787137200,1920.06
1787140800,1921.64
1787144400,1932.27
1787148000,1934.92
1787151600,1984.87
1787155200,2102.20
1787158800,2082.24
1787162400,2088.47
1787166000,2093.10
1787169600,2107.57
1787173200,2261.23
1787176800,2268.48
1787180400,2247.53
1787184000,2256.41
1787187600,2263.69
1787191200,2267.94
1787194800,2243.12
1787198400,2251.18
1787202000,2250.04
1787205600,2239.06
1787209200,2260.04
1787212800,2249.58
1787216400,2277.66
1787220000,2278.36
1787223600,2291.64
1787227200,2288.28
1787230800,2289.28
1787234400,2278.98
1787238000,2297.16
1787241600,2317.29
1787245200,2338.40
1787248800,2334.85
1787252400,2316.98
1787256000,2324.77
1787259600,2316.41
1787263200,2309.41
1787266800,2314.90
1787270400,2325.02
1787274000,2342.03
1787277600,2352.90
1787281200,2341.94
1787284800,2348.28
1787288400,2349.29
1787292000,2372.53
1787295600,2372.77
1787299200,2376.44
1787302800,2403.89
1787306400,2395.58
1787310000,2396.15
1787313600,2369.69
1787317200,2389.59
1787320800,2374.22
1787324400,2394.88
1787328000,2390.22
1787331600,2407.12
1787335200,2425.17
1787338800,2407.18
1787342400,2426.08
1787346000,2440.03
1787349600,2527.59
1787353200,2517.64
1787356800,2512.06
1787360400,2526.81
1787364000,2510.02
1787367600,2516.99
1787371200,2513.41
1787374800,2515.73
1787378400,2436.63
1787382000,2445.15
1787385600,2429.14
1787389200,2416.39
1787392800,2413.83
1787396400,2411.85
1787400000,2422.82
1787403600,2425.61
1787407200,2425.83
1787410800,2413.19
1787414400,2414.84
1787418000,2422.95
1787421600,2429.10
1787425200,2426.43
1787428800,2438.90
