timestamp,price
1735689600,3167.80
1735693200,3190.69
1735696800,3191.44
1735700400,3206.12
1735704000,3241.22
1735707600,3248.26
1735711200,3202.01
1735714800,3204.96
1735718400,3188.81
1735722000,3120.34
1735725600,3113.43
1735729200,3104.10
1735732800,3123.49
1735736400,3142.04
1735740000,3147.22
1735743600,3133.66
1735747200,3173.24
1735750800,3200.38
1735754400,3231.76
1735758000,3215.94
1735761600,3219.22
1735765200,3202.96
1735768800,3231.19
1735772400,3232.50
1735776000,3209.83
1735779600,3193.85
1735783200,3187.72
1735786800,3206.62
1735790400,3189.31
1735794000,3187.85
1735797600,3243.55
1735801200,3244.34
1735804800,3236.09
1735808400,3248.30
1735812000,3208.94
1735815600,3242.73
1735819200,3205.81
1735822800,3196.99
1735826400,3199.06
1735830000,3229.45
1735833600,3238.58
1735837200,3247.85
1735840800,3218.32
1735844400,3216.11
1735848000,3179.17
1735851600,3145.36
1735855200,3162.66
1735858800,3153.10
1735862400,3130.15
1735866000,3109.16
1735869600,3106.65
1735873200,3087.06
1735876800,3082.91
1735880400,3025.37
1735884000,3023.87
1735887600,3015.05
1735891200,2991.45
1735894800,2963.67
1735898400,2999.68
1735902000,2963.67
1735905600,2960.26
1735909200,2949.14
1735912800,2955.68
1735916400,2954.69
1735920000,2976.78
1735923600,2948.30
1735927200,2937.23
1735930800,2923.47
1735934400,2918.59
1735938000,2910.80
1735941600,2925.02
1735945200,2930.44
1735948800,2920.97
1735952400,2948.76
1735956000,2917.43
1735959600,2900.24
1735963200,2874.97
1735966800,2900.07
1735970400,2899.94
1735974000,2908.13
1735977600,2914.92
1735981200,2932.77
1735984800,2951.11
1735988400,2933.79
1735992000,2893.53
1735995600,2914.64
1735999200,2926.42
1736002800,2930.62
1736006400,2944.74
1736010000,2965.77
1736013600,2964.26
1736017200,2947.53
1736020800,2950.97
1736024400,2966.74
1736028000,2950.63
1736031600,2953.06
1736035200,2964.71
1736038800,2974.82
1736042400,2969.40
1736046000,2993.58
1736049600,3017.37
1736053200,3013.25
1736056800,3045.55
1736060400,3013.92
1736064000,3053.65
1736067600,3075.12
1736071200,3098.95
1736074800,3134.45
1736078400,3120.04
1736082000,3129.05
1736085600,3151.47
1736089200,3165.09
1736092800,3146.88
1736096400,3177.72
1736100000,3172.71
1736103600,3235.09
1736107200,3197.80
1736110800,3184.80
1736114400,3183.06
1736118000,3134.05
1736121600,3130.09
1736125200,3133.91
1736128800,3145.34
1736132400,3171.72
1736136000,3129.19
1736139600,3125.31
1736143200,3130.57
1736146800,3116.09
1736150400,3102.06
1736154000,3108.31
1736157600,3077.81
1736161200,3122.94
1736164800,3135.85
1736168400,3128.91
1736172000,3070.90
1736175600,3063.15
1736179200,3061.71
1736182800,3099.71
1736186400,3090.19
1736190000,3084.37
1736193600,3115.25
1736197200,3102.00
1736200800,3092.44
1736204400,3047.94
1736208000,3083.08
1736211600,3081.13
1736215200,3128.86
1736218800,3166.49
1736222400,3145.70
1736226000,3115.96
1736229600,3131.05
1736233200,3105.86
1736236800,3144.49
1736240400,3142.47
1736244000,3141.48
1736247600,3093.19
1736251200,3071.74
1736254800,3050.00
1736258400,3045.37
1736262000,3063.26
1736265600,3042.98
1736269200,3048.53
1736272800,3037.65
1736276400,3022.07
1736280000,3049.72
1736283600,3020.22
1736287200,3045.13
1736290800,3036.57
1736294400,3002.78
1736298000,2974.12
1736301600,2956.57
1736305200,2936.37
1736308800,2935.84
1736312400,2900.93
1736316000,2856.08
1736319600,2868.07
1736323200,2867.50
1736326800,2899.61
1736330400,2891.39
1736334000,2908.38
1736337600,2884.86
1736341200,2894.01
1736344800,2881.63
1736348400,2891.91
1736352000,2910.97
1736355600,2930.17
1736359200,2928.92
1736362800,2939.50
1736366400,2924.23
1736370000,2927.20
1736373600,2919.72
1736377200,2917.60
1736380800,2898.77
1736384400,2916.56
1736388000,2911.51
1736391600,2885.29
1736395200,2860.78
1736398800,2834.15
1736402400,2815.83
1736406000,2792.89
1736409600,2788.63
1736413200,2761.11
1736416800,2769.87
1736420400,2793.79
1736424000,2792.89
1736427600,2775.76
1736431200,2760.79
1736434800,2749.16
1736438400,2764.96
1736442000,2750.59
1736445600,2768.13
1736449200,2736.10
1736452800,2716.51
1736456400,2686.79
1736460000,2655.03
1736463600,2630.36
1736467200,2636.47
1736470800,2634.10
1736474400,2629.95
1736478000,2617.63
1736481600,2613.03
1736485200,2616.04
1736488800,2643.30
1736492400,2620.72
1736496000,2645.93
1736499600,2611.32
1736503200,2634.05
1736506800,2643.80
1736510400,2639.25
1736514000,2647.67
1736517600,2624.69
1736521200,2653.98
1736524800,2682.91
1736528400,2699.17
1736532000,2671.12
1736535600,2687.65
1736539200,2689.46
1736542800,2701.52
1736546400,2666.75
1736550000,2702.57
1736553600,2705.62
1736557200,2706.71
1736560800,2713.96
1736564400,2709.11
1736568000,2734.01
1736571600,2707.38
1736575200,2709.04
1736578800,2716.04
1736582400,2706.35
1736586000,2680.64
1736589600,2659.50
1736593200,2630.95
1736596800,2643.53
1736600400,2656.06
1736604000,2645.29
1736607600,2669.81
1736611200,2633.24
1736614800,2638.65
1736618400,2613.89
1736622000,2687.23
1736625600,2676.40
1736629200,2699.68
1736632800,2703.12
1736636400,2686.10
1736640000,2688.40
1736643600,2686.69
1736647200,2690.71
1736650800,2684.16
1736654400,2706.71
1736658000,2716.95
1736661600,2678.42
1736665200,2632.23
1736668800,2672.18
1736672400,2677.74
1736676000,2656.25
1736679600,2634.78
1736683200,2638.53
1736686800,2653.88
1736690400,2681.69
1736694000,2698.64
1736697600,2689.06
1736701200,2672.93
1736704800,2674.01
1736708400,2636.61
1736712000,2613.57
1736715600,2621.54
1736719200,2636.60
1736722800,2608.44
1736726400,2610.74
1736730000,2622.55
1736733600,2614.30
1736737200,2586.78
1736740800,2578.69
1736744400,2588.50
1736748000,2640.93
1736751600,2630.14
1736755200,2644.41
1736758800,2623.87
1736762400,2594.98
1736766000,2612.36
1736769600,2626.61
1736773200,2605.76
1736776800,2585.41
1736780400,2579.53
1736784000,2602.78
1736787600,2627.46
1736791200,2611.75
1736794800,2601.69
1736798400,2612.00
1736802000,2634.17
1736805600,2666.31
1736809200,2671.01
1736812800,2669.67
1736816400,2651.60
1736820000,2638.98
1736823600,2632.87
1736827200,2613.19
1736830800,2618.01
1736834400,2619.82
1736838000,2629.09
1736841600,2593.42
1736845200,2585.67
1736848800,2602.62
1736852400,2573.85
1736856000,2599.30
1736859600,2574.55
1736863200,2574.85
1736866800,2541.68
1736870400,2504.45
1736874000,2500.05
1736877600,2505.51
1736881200,2522.19
1736884800,2534.04
1736888400,2503.40
1736892000,2526.42
1736895600,2540.27
1736899200,2527.93
1736902800,2500.88
1736906400,2455.46
1736910000,2451.04
1736913600,2489.24
1736917200,2524.85
1736920800,2537.68
1736924400,2521.50
1736928000,2526.89
1736931600,2532.24
1736935200,2561.60
1736938800,2579.58
1736942400,2542.27
1736946000,2546.36
1736949600,2540.50
1736953200,2547.73
1736956800,2544.03
1736960400,2545.99
1736964000,2553.90
1736967600,2516.86
1736971200,2494.77
1736974800,2491.08
1736978400,2489.83
1736982000,2512.55
1736985600,2506.69
1736989200,2478.14
1736992800,2461.19
1736996400,2435.58
1737000000,2419.93
1737003600,2411.22
1737007200,2408.95
1737010800,2384.49
1737014400,2418.68
1737018000,2433.92
1737021600,2437.37
1737025200,2438.41
1737028800,2461.13
1737032400,2477.49
1737036000,2474.41
1737039600,2478.15
1737043200,2462.05
1737046800,2457.39
1737050400,2454.02
1737054000,2424.89
1737057600,2436.01
1737061200,2440.12
1737064800,2421.89
1737068400,2413.57
1737072000,2403.78
1737075600,2429.85
1737079200,2433.31
1737082800,2417.06
1737086400,2391.53
1737090000,2407.13
1737093600,2383.09
1737097200,2393.37
1737100800,2435.02
1737104400,2413.71
1737108000,2408.60
1737111600,2414.78
1737115200,2403.55
1737118800,2428.36
1737122400,2418.48
1737126000,2411.46
1737129600,2360.85
1737133200,2373.10
1737136800,2367.45
1737140400,2367.44
1737144000,2379.88
1737147600,2368.82
1737151200,2361.15
1737154800,2345.60
1737158400,2336.35
1737162000,2311.90
1737165600,2277.96
1737169200,2276.14
1737172800,2278.69
1737176400,2272.40
1737180000,2269.49
1737183600,2273.58
1737187200,2264.70
1737190800,2284.94
1737194400,2285.59
1737198000,2276.45
1737201600,2308.43
1737205200,2306.15
1737208800,2288.04
1737212400,2291.57
1737216000,2308.52
1737219600,2314.27
1737223200,2295.92
1737226800,2294.96
1737230400,2313.44
1737234000,2310.63
1737237600,2325.38
1737241200,2290.24
1737244800,2284.32
1737248400,2273.36
1737252000,2268.79
1737255600,2269.01
1737259200,2281.47
1737262800,2274.97
1737266400,2297.37
1737270000,2323.59
1737273600,2302.38
1737277200,2318.92
1737280800,2324.31
1737284400,2313.60
1737288000,2305.54
1737291600,2323.10
1737295200,2324.55
1737298800,2320.33
1737302400,2310.28
1737306000,2323.43
1737309600,2315.05
1737313200,2287.94
1737316800,2268.25
1737320400,2263.51
1737324000,2236.02
1737327600,2226.48
1737331200,2240.38
1737334800,2228.55
1737338400,2198.11
1737342000,2198.32
1737345600,2250.35
1737349200,2250.46
1737352800,2229.22
1737356400,2223.24
1737360000,2203.39
1737363600,2176.82
1737367200,2206.33
1737370800,2192.87
1737374400,2184.02
1737378000,2168.52
1737381600,2171.83
1737385200,2188.54
1737388800,2178.91
1737392400,2160.83
1737396000,2151.51
1737399600,2172.39
1737403200,2160.62
1737406800,2140.27
1737410400,2142.00
1737414000,2155.14
1737417600,2154.15
1737421200,2150.09
1737424800,2134.63
1737428400,2129.17
1737432000,2154.21
1737435600,2165.00
1737439200,2160.20
1737442800,2157.44
1737446400,2147.30
1737450000,2152.95
1737453600,2145.32
1737457200,2149.08
1737460800,2135.99
1737464400,2136.10
1737468000,2149.24
1737471600,2146.57
1737475200,2148.31
1737478800,2148.52
1737482400,2156.53
1737486000,2153.92
1737489600,2168.62
1737493200,2157.03
1737496800,2158.14
1737500400,2140.91
1737504000,2172.97
1737507600,2165.63
1737511200,2154.68
1737514800,2156.01
1737518400,2168.54
1737522000,2184.97
1737525600,2170.70
1737529200,2163.47
1737532800,2200.73
1737536400,2213.00
1737540000,2215.36
1737543600,2206.84
1737547200,2214.43
1737550800,2216.92
1737554400,2272.91
1737558000,2260.07
1737561600,2289.08
1737565200,2278.51
1737568800,2264.39
1737572400,2271.93
1737576000,2279.47
1737579600,2271.87
1737583200,2286.75
1737586800,2267.07
1737590400,2273.78
1737594000,2301.39
1737597600,2313.87
1737601200,2312.49
1737604800,2344.57
1737608400,2355.92
1737612000,2343.40
1737615600,2357.19
1737619200,2348.35
1737622800,2348.36
1737626400,2338.21
1737630000,2335.89
1737633600,2297.01
1737637200,2251.08
1737640800,2262.60
1737644400,2304.41
1737648000,2340.19
1737651600,2344.60
1737655200,2313.27
1737658800,2308.60
1737662400,2284.81
1737666000,2286.84
1737669600,2278.76
1737673200,2277.88
1737676800,2270.88
1737680400,2236.90
1737684000,2210.43
1737687600,2191.26
1737691200,2177.11
1737694800,2192.38
1737698400,2222.25
1737702000,2202.21
1737705600,2180.64
1737709200,2188.09
1737712800,2201.00
1737716400,2200.98
1737720000,2235.43
1737723600,2220.14
1737727200,2239.33
1737730800,2229.13
1737734400,2216.81
1737738000,2225.00
1737741600,2257.13
1737745200,2245.35
1737748800,2220.18
1737752400,2207.35
1737756000,2195.84
1737759600,2205.48
1737763200,2212.65
1737766800,2198.07
1737770400,2193.96
1737774000,2193.49
1737777600,2202.79
1737781200,2205.41
1737784800,2218.32
1737788400,2246.28
1737792000,2260.67
1737795600,2259.48
1737799200,2287.92
1737802800,2312.39
1737806400,2309.70
1737810000,2305.23
1737813600,2310.87
1737817200,2296.50
1737820800,2296.37
1737824400,2262.92
1737828000,2254.67
1737831600,2263.02
1737835200,2279.80
1737838800,2287.57
1737842400,2288.87
1737846000,2302.08
1737849600,2309.14
1737853200,2321.43
1737856800,2299.48
1737860400,2286.26
1737864000,2241.24
1737867600,2257.43
1737871200,2270.64
1737874800,2281.01
1737878400,2270.46
1737882000,2258.23
1737885600,2254.14
1737889200,2255.93
1737892800,2245.14
1737896400,2238.89
1737900000,2278.60
1737903600,2313.88
1737907200,2356.14
1737910800,2347.00
1737914400,2357.57
1737918000,2333.84
1737921600,2311.80
1737925200,2306.79
1737928800,2331.03
1737932400,2345.69
1737936000,2292.61
1737939600,2283.92
1737943200,2246.09
1737946800,2230.80
1737950400,2230.05
1737954000,2222.44
1737957600,2222.96
1737961200,2198.64
1737964800,2186.37
1737968400,2206.26
1737972000,2197.53
1737975600,2193.24
1737979200,2178.81
1737982800,2171.51
1737986400,2192.95
1737990000,2160.22
1737993600,2187.12
1737997200,2187.90
1738000800,2155.60
1738004400,2146.51
1738008000,2117.52
1738011600,2093.64
1738015200,2077.80
1738018800,2055.59
1738022400,2054.24
1738026000,2048.40
1738029600,2059.48
1738033200,2055.29
1738036800,2055.72
1738040400,2033.24
1738044000,2013.25
1738047600,2015.86
1738051200,2017.14
1738054800,2022.67
1738058400,2009.56
1738062000,1987.99
1738065600,1977.01
1738069200,1987.92
1738072800,1974.40
1738076400,1967.02
1738080000,1962.13
1738083600,1959.28
1738087200,1962.47
1738090800,1968.92
1738094400,1977.20
1738098000,2010.48
1738101600,2020.79
1738105200,2018.23
1738108800,2007.36
1738112400,2010.33
1738116000,1989.39
1738119600,1990.76
1738123200,2002.36
1738126800,2002.58
1738130400,1997.80
1738134000,1997.95
1738137600,1993.45
1738141200,1996.39
1738144800,1981.23
1738148400,1977.50
1738152000,1999.78
1738155600,2003.84
1738159200,2001.31
1738162800,1993.19
1738166400,1973.56
1738170000,1988.73
1738173600,1965.74
1738177200,1982.88
1738180800,1998.46
1738184400,2029.80
1738188000,2046.44
1738191600,2043.84
1738195200,2021.55
1738198800,1999.20
1738202400,1990.23
1738206000,2007.24
1738209600,2024.80
1738213200,2017.81
1738216800,2015.65
1738220400,2031.78
1738224000,2005.94
1738227600,2013.80
1738231200,2062.91
1738234800,2051.83
1738238400,2043.72
1738242000,2077.12
1738245600,2069.19
1738249200,2063.51
1738252800,2092.50
1738256400,2056.12
1738260000,2058.05
1738263600,2038.98
1738267200,2051.86
1738270800,2074.15
1738274400,2058.88
1738278000,2077.89
1738281600,2071.24
1738285200,2068.21
1738288800,2058.70
1738292400,2072.57
1738296000,2074.61
1738299600,2093.00
1738303200,2105.30
1738306800,2090.76
1738310400,2113.29
1738314000,2117.83
1738317600,2129.11
1738321200,2143.44
1738324800,2145.76
1738328400,2157.56
1738332000,2154.47
1738335600,2149.04
1738339200,2146.86
1738342800,2143.58
1738346400,2146.70
1738350000,2177.40
1738353600,2165.80
1738357200,2131.54
1738360800,2134.05
1738364400,2159.69
1738368000,2147.36
1738371600,2148.98
1738375200,2163.62
1738378800,2171.51
1738382400,2164.65
1738386000,2180.10
1738389600,2191.03
1738393200,2182.12
1738396800,2177.20
1738400400,2168.72
1738404000,2143.58
1738407600,2170.35
1738411200,2167.77
1738414800,2158.02
1738418400,2150.25
1738422000,2160.00
1738425600,2149.15
1738429200,2150.33
1738432800,2180.51
1738436400,2178.25
1738440000,2180.49
1738443600,2210.27
1738447200,2222.91
1738450800,2230.70
1738454400,2243.01
1738458000,2255.67
1738461600,2258.32
1738465200,2231.80
1738468800,2232.65
1738472400,2240.47
1738476000,2239.62
1738479600,2215.36
1738483200,2217.50
1738486800,2226.01
1738490400,2233.77
1738494000,2217.84
1738497600,2216.39
1738501200,2206.28
1738504800,2212.18
1738508400,2228.07
1738512000,2227.63
1738515600,2194.78
1738519200,2198.14
1738522800,2237.13
1738526400,2208.36
1738530000,2212.33
1738533600,2219.43
1738537200,2214.30
1738540800,2201.95
1738544400,2217.79
1738548000,2210.47
1738551600,2185.10
1738555200,2209.76
1738558800,2193.47
1738562400,2178.71
1738566000,2191.16
1738569600,2242.19
1738573200,2234.49
1738576800,2248.04
1738580400,2250.65
1738584000,2243.86
1738587600,2237.25
1738591200,2258.22
1738594800,2253.64
1738598400,2259.02
1738602000,2265.16
1738605600,2268.05
1738609200,2301.46
1738612800,2311.15
1738616400,2322.53
1738620000,2318.46
1738623600,2334.80
1738627200,2333.88
1738630800,2369.79
1738634400,2358.92
1738638000,2363.58
1738641600,2346.01
1738645200,2328.60
1738648800,2312.05
1738652400,2320.91
1738656000,2306.33
1738659600,2330.71
1738663200,2319.28
1738666800,2321.44
1738670400,2305.13
1738674000,2286.77
1738677600,2279.91
1738681200,2286.77
1738684800,2284.19
1738688400,2258.89
1738692000,2248.27
1738695600,2247.81
1738699200,2247.40
1738702800,2250.03
1738706400,2209.07
1738710000,2208.14
1738713600,2234.76
1738717200,2238.14
1738720800,2244.03
1738724400,2250.53
1738728000,2232.04
1738731600,2210.34
1738735200,2201.11
1738738800,2218.79
1738742400,2219.99
1738746000,2210.51
1738749600,2224.00
1738753200,2233.70
1738756800,2227.69
1738760400,2258.53
1738764000,2244.47
1738767600,2256.95
1738771200,2253.89
1738774800,2280.94
1738778400,2261.75
1738782000,2314.55
1738785600,2346.43
1738789200,2360.41
1738792800,2344.93
1738796400,2360.69
1738800000,2389.65
1738803600,2392.67
1738807200,2447.89
1738810800,2437.95
1738814400,2435.46
1738818000,2420.17
1738821600,2399.17
1738825200,2435.08
1738828800,2434.01
1738832400,2425.02
1738836000,2440.61
1738839600,2423.01
1738843200,2398.19
1738846800,2419.47
1738850400,2393.98
1738854000,2408.95
1738857600,2392.19
1738861200,2398.20
1738864800,2397.09
1738868400,2397.78
1738872000,2415.69
1738875600,2407.34
1738879200,2386.25
1738882800,2383.94
1738886400,2360.47
1738890000,2337.90
1738893600,2325.65
1738897200,2321.54
1738900800,2319.60
1738904400,2325.76
1738908000,2293.59
1738911600,2281.14
1738915200,2287.14
1738918800,2286.27
1738922400,2317.65
1738926000,2315.29
1738929600,2294.18
1738933200,2276.43
1738936800,2240.25
1738940400,2264.68
1738944000,2246.92
1738947600,2206.97
1738951200,2228.14
1738954800,2186.02
1738958400,2167.91
1738962000,2138.89
1738965600,2133.42
1738969200,2105.88
1738972800,2107.15
1738976400,2088.69
1738980000,2090.78
1738983600,2105.19
1738987200,2108.26
1738990800,2128.88
1738994400,2114.05
1738998000,2115.39
1739001600,2084.17
1739005200,2075.11
1739008800,2092.93
1739012400,2097.71
1739016000,2080.22
1739019600,2046.98
1739023200,2039.15
1739026800,2047.96
1739030400,2049.50
1739034000,2058.58
1739037600,2041.08
1739041200,2039.10
1739044800,2018.79
1739048400,1995.34
1739052000,1987.78
1739055600,1990.95
1739059200,2004.79
1739062800,2002.09
1739066400,1991.87
1739070000,1986.69
1739073600,2000.28
1739077200,2003.51
1739080800,1992.91
1739084400,2004.42
1739088000,1983.02
1739091600,1971.51
1739095200,1957.02
1739098800,1975.67
1739102400,1983.70
1739106000,2002.67
1739109600,2018.54
1739113200,2032.43
1739116800,2000.54
1739120400,2002.23
1739124000,1973.75
1739127600,1957.71
1739131200,1975.20
1739134800,1969.10
1739138400,1970.79
1739142000,1958.79
1739145600,1965.74
1739149200,1951.46
1739152800,1969.17
1739156400,1998.19
1739160000,1989.84
1739163600,2012.47
1739167200,2007.11
1739170800,2024.48
1739174400,2002.11
1739178000,2013.78
1739181600,2002.85
1739185200,1998.10
1739188800,2009.20
1739192400,1991.71
1739196000,1969.49
1739199600,1971.84
1739203200,1987.08
1739206800,1973.46
1739210400,1962.70
1739214000,1935.68
1739217600,1920.62
1739221200,1909.48
1739224800,1908.23
1739228400,1923.66
1739232000,1888.11
1739235600,1908.60
1739239200,1911.37
1739242800,1878.35
1739246400,1885.65
1739250000,1885.02
1739253600,1889.56
1739257200,1896.90
1739260800,1886.84
1739264400,1893.42
1739268000,1900.05
1739271600,1923.87
1739275200,1917.79
1739278800,1899.34
1739282400,1881.09
1739286000,1908.19
1739289600,1922.64
1739293200,1924.48
1739296800,1915.12
1739300400,1893.22
1739304000,1878.96
1739307600,1890.49
1739311200,1875.58
1739314800,1878.72
1739318400,1851.26
1739322000,1868.52
1739325600,1862.31
1739329200,1877.51
1739332800,1870.81
1739336400,1861.16
1739340000,1854.49
1739343600,1845.50
1739347200,1813.98
1739350800,1822.56
1739354400,1807.16
1739358000,1818.54
1739361600,1850.89
1739365200,1829.92
1739368800,1801.19
1739372400,1820.49
1739376000,1845.77
1739379600,1818.01
1739383200,1807.01
1739386800,1800.04
1739390400,1814.48
1739394000,1811.41
1739397600,1818.35
1739401200,1821.14
1739404800,1814.07
1739408400,1806.89
1739412000,1818.62
1739415600,1827.45
1739419200,1823.92
1739422800,1823.44
1739426400,1809.90
1739430000,1818.90
1739433600,1836.04
1739437200,1856.33
1739440800,1865.01
1739444400,1870.44
1739448000,1884.25
1739451600,1887.48
1739455200,1880.53
1739458800,1870.93
1739462400,1849.86
1739466000,1820.44
1739469600,1825.19
1739473200,1831.37
1739476800,1834.77
1739480400,1817.20
1739484000,1841.10
1739487600,1835.58
1739491200,1853.04
1739494800,1857.19
1739498400,1864.19
1739502000,1859.24
1739505600,1862.89
1739509200,1870.46
1739512800,1846.20
1739516400,1836.38
1739520000,1819.20
1739523600,1790.66
1739527200,1795.15
1739530800,1791.87
1739534400,1773.83
1739538000,1764.02
1739541600,1759.64
1739545200,1756.74
1739548800,1787.33
1739552400,1788.33
1739556000,1784.56
1739559600,1806.59
1739563200,1824.24
1739566800,1813.57
1739570400,1814.01
1739574000,1809.00
1739577600,1824.03
1739581200,1823.27
1739584800,1818.65
1739588400,1819.56
1739592000,1831.41
1739595600,1841.21
1739599200,1842.64
1739602800,1829.10
1739606400,1852.31
1739610000,1869.54
1739613600,1859.66
1739617200,1876.49
1739620800,1868.44
1739624400,1871.99
1739628000,1864.01
1739631600,1853.27
1739635200,1872.22
1739638800,1882.42
1739642400,1882.07
1739646000,1880.52
1739649600,1888.02
1739653200,1897.01
1739656800,1892.32
1739660400,1875.52
1739664000,1887.23
1739667600,1899.20
1739671200,1906.58
1739674800,1897.21
1739678400,1888.87
1739682000,1888.06
1739685600,1891.96
1739689200,1901.87
1739692800,1898.10
1739696400,1880.95
1739700000,1892.08
1739703600,1895.23
1739707200,1879.47
1739710800,1893.68
1739714400,1908.89
1739718000,1918.31
1739721600,1937.54
1739725200,1943.13
1739728800,1944.88
1739732400,1948.72
1739736000,1935.01
1739739600,1939.52
1739743200,1953.51
1739746800,1968.02
1739750400,1956.17
1739754000,1938.36
1739757600,1929.19
1739761200,1944.61
1739764800,1946.35
1739768400,1945.36
1739772000,1940.75
1739775600,1937.77
1739779200,1973.98
1739782800,1942.64
1739786400,1914.19
1739790000,1921.98
1739793600,1938.69
1739797200,1951.77
1739800800,1949.69
1739804400,1943.68
1739808000,1957.21
1739811600,2001.91
1739815200,2025.93
1739818800,2032.41
1739822400,2052.69
1739826000,2039.25
1739829600,2048.96
1739833200,2030.36
1739836800,2038.74
1739840400,2055.34
1739844000,2058.76
1739847600,2042.38
1739851200,2033.34
1739854800,2027.20
1739858400,2031.12
1739862000,2043.72
1739865600,2040.11
1739869200,2053.41
1739872800,2033.05
1739876400,2020.32
1739880000,2025.34
1739883600,2057.66
1739887200,2060.04
1739890800,2040.07
1739894400,2041.26
1739898000,2028.63
1739901600,2029.28
1739905200,2036.92
1739908800,2027.24
1739912400,2031.76
1739916000,2039.39
1739919600,2065.82
1739923200,2050.19
1739926800,2028.30
1739930400,2032.89
1739934000,2010.22
1739937600,2001.87
1739941200,1990.19
1739944800,1991.74
1739948400,1993.01
1739952000,2007.80
1739955600,2036.22
1739959200,2036.42
1739962800,2049.61
1739966400,2057.67
1739970000,2051.55
1739973600,2019.62
1739977200,2034.59
1739980800,2027.15
1739984400,2023.08
1739988000,2036.01
1739991600,2024.61
1739995200,2033.96
1739998800,2034.99
1740002400,2049.47
1740006000,2070.51
1740009600,2057.89
1740013200,2093.48
1740016800,2068.34
1740020400,2090.85
1740024000,2100.03
1740027600,2109.87
1740031200,2116.42
1740034800,2110.79
1740038400,2122.40
1740042000,2172.36
1740045600,2164.39
1740049200,2163.38
1740052800,2123.29
1740056400,2141.65
1740060000,2132.30
1740063600,2139.53
1740067200,2135.38
1740070800,2111.11
1740074400,2148.29
1740078000,2131.00
1740081600,2136.29
1740085200,2122.43
1740088800,2115.09
1740092400,2090.90
1740096000,2091.67
1740099600,2084.92
1740103200,2077.42
1740106800,2078.09
1740110400,2062.71
1740114000,2059.86
1740117600,2034.03
1740121200,2028.08
1740124800,2007.35
1740128400,2003.07
1740132000,2000.36
1740135600,1986.26
1740139200,1974.62
1740142800,1988.33
1740146400,1991.68
1740150000,1987.59
1740153600,2020.24
1740157200,2041.62
1740160800,2073.52
1740164400,2040.35
1740168000,2044.81
1740171600,2030.36
1740175200,2051.22
1740178800,2034.74
1740182400,2030.72
1740186000,2001.56
1740189600,2010.76
1740193200,1996.26
1740196800,2026.84
1740200400,2019.02
1740204000,2002.03
1740207600,2001.57
1740211200,1972.01
1740214800,1970.72
1740218400,1958.02
1740222000,1992.62
1740225600,1983.96
1740229200,1978.71
1740232800,1974.10
1740236400,1975.83
1740240000,1966.63
1740243600,1975.51
1740247200,1967.04
1740250800,1964.88
1740254400,1970.78
1740258000,1969.49
1740261600,1964.16
1740265200,1961.62
1740268800,1940.84
1740272400,1939.58
1740276000,1922.04
1740279600,1914.58
1740283200,1906.89
1740286800,1934.04
1740290400,1941.43
1740294000,1933.83
1740297600,1912.94
1740301200,1913.56
1740304800,1898.92
1740308400,1865.32
1740312000,1856.37
1740315600,1893.95
1740319200,1893.07
1740322800,1898.11
1740326400,1887.47
1740330000,1902.84
1740333600,1904.28
1740337200,1901.18
1740340800,1911.17
1740344400,1918.52
1740348000,1899.61
1740351600,1895.50
1740355200,1880.41
1740358800,1849.80
1740362400,1812.16
1740366000,1824.05
1740369600,1829.35
1740373200,1810.31
1740376800,1786.96
1740380400,1798.81
1740384000,1763.56
1740387600,1728.65
1740391200,1709.05
1740394800,1726.09
1740398400,1752.07
1740402000,1764.27
1740405600,1759.86
1740409200,1769.34
1740412800,1766.01
1740416400,1762.56
1740420000,1759.53
1740423600,1759.83
1740427200,1778.36
1740430800,1779.30
1740434400,1784.69
1740438000,1791.65
1740441600,1770.12
1740445200,1770.89
1740448800,1767.39
1740452400,1769.02
1740456000,1774.52
1740459600,1785.61
1740463200,1779.83
1740466800,1762.17
1740470400,1735.72
1740474000,1723.37
1740477600,1734.26
1740481200,1765.10
1740484800,1754.01
1740488400,1747.80
1740492000,1762.91
1740495600,1760.89
1740499200,1779.88
1740502800,1764.07
1740506400,1781.04
1740510000,1774.96
1740513600,1758.59
1740517200,1757.72
1740520800,1741.53
1740524400,1748.69
1740528000,1754.42
1740531600,1748.76
1740535200,1756.96
1740538800,1764.22
1740542400,1751.39
1740546000,1767.41
1740549600,1748.75
1740553200,1735.12
1740556800,1730.17
1740560400,1701.24
1740564000,1682.21
1740567600,1691.21
1740571200,1712.51
1740574800,1714.01
1740578400,1711.22
1740582000,1705.94
1740585600,1684.23
1740589200,1683.83
1740592800,1674.21
1740596400,1671.29
1740600000,1684.09
1740603600,1673.85
1740607200,1690.42
1740610800,1661.30
1740614400,1654.52
1740618000,1648.09
1740621600,1634.55
1740625200,1644.10
1740628800,1641.51
1740632400,1648.97
1740636000,1658.19
1740639600,1643.14
1740643200,1656.62
1740646800,1670.08
1740650400,1661.37
1740654000,1680.55
1740657600,1652.22
1740661200,1647.25
1740664800,1662.12
1740668400,1658.99
1740672000,1643.73
1740675600,1641.81
1740679200,1661.85
1740682800,1680.63
1740686400,1698.37
1740690000,1689.50
1740693600,1694.31
1740697200,1688.70
1740700800,1681.60
1740704400,1676.00
1740708000,1672.11
1740711600,1700.33
1740715200,1710.88
1740718800,1711.58
1740722400,1706.37
1740726000,1697.46
1740729600,1705.67
1740733200,1705.88
1740736800,1700.71
1740740400,1709.77
1740744000,1696.69
1740747600,1713.82
1740751200,1728.58
1740754800,1735.19
1740758400,1739.54
1740762000,1737.13
1740765600,1736.95
1740769200,1723.78
1740772800,1737.03
1740776400,1743.94
1740780000,1748.04
1740783600,1758.85
1740787200,1757.57
1740790800,1756.75
1740794400,1748.46
1740798000,1765.74
1740801600,1766.20
1740805200,1770.02
1740808800,1770.02
1740812400,1743.67
1740816000,1743.53
1740819600,1752.34
1740823200,1751.65
1740826800,1723.74
1740830400,1729.60
1740834000,1723.05
1740837600,1721.28
1740841200,1717.31
1740844800,1712.54
1740848400,1721.25
1740852000,1688.64
1740855600,1688.25
1740859200,1668.57
1740862800,1633.30
1740866400,1617.60
1740870000,1602.58
1740873600,1600.00
1740877200,1607.52
1740880800,1601.47
1740884400,1594.86
1740888000,1578.40
1740891600,1561.12
1740895200,1585.84
1740898800,1576.51
1740902400,1578.82
1740906000,1579.85
1740909600,1585.27
1740913200,1578.03
1740916800,1573.64
1740920400,1580.99
1740924000,1581.22
1740927600,1576.78
1740931200,1595.54
1740934800,1593.53
1740938400,1602.44
1740942000,1603.69
1740945600,1613.86
1740949200,1630.93
1740952800,1630.29
1740956400,1648.96
1740960000,1660.38
1740963600,1662.80
1740967200,1682.00
1740970800,1679.37
1740974400,1665.44
1740978000,1667.04
1740981600,1675.71
1740985200,1663.18
1740988800,1672.71
1740992400,1660.85
1740996000,1683.47
1740999600,1671.87
1741003200,1687.91
1741006800,1694.26
1741010400,1677.63
1741014000,1688.18
1741017600,1678.62
1741021200,1687.91
1741024800,1696.14
1741028400,1690.87
1741032000,1696.22
1741035600,1696.31
1741039200,1695.47
1741042800,1692.59
1741046400,1693.44
1741050000,1700.86
1741053600,1691.65
1741057200,1669.61
1741060800,1674.27
1741064400,1669.54
1741068000,1680.39
1741071600,1671.89
1741075200,1673.26
1741078800,1664.20
1741082400,1664.18
1741086000,1677.97
1741089600,1688.49
1741093200,1700.24
1741096800,1704.68
1741100400,1679.50
1741104000,1679.94
1741107600,1694.47
1741111200,1699.91
1741114800,1691.24
1741118400,1695.45
1741122000,1711.95
1741125600,1711.99
1741129200,1711.35
1741132800,1718.10
1741136400,1713.27
1741140000,1729.82
1741143600,1738.58
1741147200,1726.06
1741150800,1715.96
1741154400,1708.92
1741158000,1716.33
1741161600,1727.19
1741165200,1715.24
1741168800,1737.68
1741172400,1763.07
1741176000,1799.31
1741179600,1809.27
1741183200,1796.17
1741186800,1787.68
1741190400,1793.07
1741194000,1776.30
1741197600,1766.40
1741201200,1770.83
1741204800,1766.76
1741208400,1748.42
1741212000,1727.44
1741215600,1734.01
1741219200,1748.79
1741222800,1739.88
1741226400,1729.15
1741230000,1735.07
1741233600,1716.91
1741237200,1721.47
1741240800,1722.15
1741244400,1743.35
1741248000,1756.21
1741251600,1730.61
1741255200,1729.17
1741258800,1746.18
1741262400,1722.65
1741266000,1714.31
1741269600,1739.88
1741273200,1750.96
1741276800,1744.30
1741280400,1761.11
1741284000,1746.78
1741287600,1739.98
1741291200,1728.92
1741294800,1736.21
1741298400,1754.74
1741302000,1741.83
1741305600,1755.77
1741309200,1760.98
1741312800,1751.13
1741316400,1735.89
1741320000,1714.10
1741323600,1710.92
1741327200,1740.65
1741330800,1753.95
1741334400,1752.45
1741338000,1745.31
1741341600,1745.50
1741345200,1712.35
1741348800,1735.65
1741352400,1722.72
1741356000,1717.77
1741359600,1700.20
1741363200,1692.25
1741366800,1697.31
1741370400,1687.63
1741374000,1700.38
1741377600,1728.15
1741381200,1709.94
1741384800,1708.02
1741388400,1724.44
1741392000,1717.93
1741395600,1715.41
1741399200,1693.95
1741402800,1690.26
1741406400,1688.38
1741410000,1707.12
1741413600,1702.83
1741417200,1672.95
1741420800,1647.36
1741424400,1628.82
1741428000,1652.42
1741431600,1657.18
1741435200,1659.40
1741438800,1684.69
1741442400,1681.64
1741446000,1674.01
1741449600,1670.12
1741453200,1670.46
1741456800,1654.56
1741460400,1677.96
1741464000,1672.61
1741467600,1680.67
1741471200,1659.08
1741474800,1677.78
1741478400,1668.70
1741482000,1674.46
1741485600,1683.09
1741489200,1690.52
1741492800,1675.65
1741496400,1688.41
1741500000,1712.02
1741503600,1713.52
1741507200,1708.21
1741510800,1709.01
1741514400,1715.89
1741518000,1690.44
1741521600,1712.41
1741525200,1711.21
1741528800,1718.27
1741532400,1723.29
1741536000,1732.52
1741539600,1743.33
1741543200,1765.71
1741546800,1767.77
1741550400,1765.43
1741554000,1764.19
1741557600,1790.51
1741561200,1811.87
1741564800,1809.91
1741568400,1825.32
1741572000,1821.80
1741575600,1779.44
1741579200,1795.07
1741582800,1804.09
1741586400,1787.21
1741590000,1801.69
1741593600,1812.63
1741597200,1837.83
1741600800,1851.03
1741604400,1856.93
1741608000,1854.51
1741611600,1856.65
1741615200,1869.68
1741618800,1869.70
1741622400,1865.02
1741626000,1872.53
1741629600,1882.80
1741633200,1882.11
1741636800,1865.22
1741640400,1846.21
1741644000,1872.69
1741647600,1837.62
1741651200,1866.49
1741654800,1875.95
1741658400,1889.65
1741662000,1917.56
1741665600,1935.00
1741669200,1935.11
1741672800,1926.11
1741676400,1923.48
1741680000,1923.72
1741683600,1913.42
1741687200,1926.62
1741690800,1907.04
1741694400,1879.58
1741698000,1898.19
1741701600,1869.91
1741705200,1868.13
1741708800,1855.74
1741712400,1891.56
1741716000,1889.56
1741719600,1886.64
1741723200,1863.07
1741726800,1872.53
1741730400,1855.25
1741734000,1852.85
1741737600,1860.51
1741741200,1867.60
1741744800,1834.92
1741748400,1883.72
1741752000,1901.36
1741755600,1910.90
1741759200,1901.45
1741762800,1895.39
1741766400,1924.88
1741770000,1904.49
1741773600,1884.40
1741777200,1886.68
1741780800,1872.71
1741784400,1879.33
1741788000,1890.12
1741791600,1911.12
1741795200,1915.80
1741798800,1932.19
1741802400,1922.21
1741806000,1925.74
1741809600,1950.69
1741813200,1932.01
1741816800,1906.37
1741820400,1913.91
1741824000,1880.21
1741827600,1865.10
1741831200,1884.36
1741834800,1886.42
1741838400,1891.84
1741842000,1904.91
1741845600,1900.39
1741849200,1919.02
1741852800,1917.29
1741856400,1891.47
1741860000,1903.13
1741863600,1913.37
1741867200,1906.30
1741870800,1892.71
1741874400,1890.89
1741878000,1904.03
1741881600,1885.83
1741885200,1894.21
1741888800,1903.18
1741892400,1889.73
1741896000,1878.50
1741899600,1893.54
1741903200,1893.98
1741906800,1917.86
1741910400,1879.31
1741914000,1878.49
1741917600,1848.92
1741921200,1860.02
1741924800,1851.58
1741928400,1883.87
1741932000,1879.73
1741935600,1872.42
1741939200,1882.88
1741942800,1899.71
1741946400,1887.44
1741950000,1885.01
1741953600,1884.18
1741957200,1894.63
1741960800,1897.14
1741964400,1900.03
1741968000,1885.23
1741971600,1887.32
1741975200,1893.94
1741978800,1877.12
1741982400,1873.94
1741986000,1884.18
1741989600,1895.98
1741993200,1906.69
1741996800,1893.55
1742000400,1893.69
1742004000,1882.38
1742007600,1900.10
1742011200,1918.54
1742014800,1928.36
1742018400,1924.20
1742022000,1915.55
1742025600,1922.01
1742029200,1921.07
1742032800,1914.40
1742036400,1936.35
1742040000,1958.20
1742043600,1949.09
1742047200,1968.16
1742050800,1969.82
1742054400,1966.39
1742058000,1982.29
1742061600,2004.97
1742065200,1969.56
1742068800,1957.72
1742072400,1965.08
1742076000,1968.50
1742079600,1972.93
1742083200,1994.23
1742086800,2012.12
1742090400,2018.41
1742094000,2021.03
1742097600,2030.58
1742101200,2020.51
1742104800,2004.52
1742108400,1984.12
1742112000,1964.57
1742115600,1979.31
1742119200,2004.29
1742122800,1991.01
1742126400,1964.29
1742130000,1951.83
1742133600,1933.38
1742137200,1936.70
1742140800,1926.75
1742144400,1934.65
1742148000,1928.71
1742151600,1924.73
1742155200,1903.32
1742158800,1896.37
1742162400,1881.93
1742166000,1905.48
1742169600,1888.08
1742173200,1889.07
1742176800,1902.06
1742180400,1932.72
1742184000,1957.22
1742187600,1951.97
1742191200,1957.24
1742194800,1968.69
1742198400,2001.24
1742202000,2002.29
1742205600,1987.50
1742209200,1985.64
1742212800,2001.71
1742216400,1998.47
1742220000,2014.43
1742223600,2028.61
1742227200,2027.99
1742230800,1994.56
1742234400,2017.98
1742238000,2013.64
1742241600,2005.90
1742245200,2016.30
1742248800,2017.07
1742252400,2008.99
1742256000,1972.38
1742259600,1980.48
1742263200,1986.06
1742266800,1994.41
1742270400,2023.23
1742274000,2014.32
1742277600,2002.65
1742281200,2010.11
1742284800,2021.65
1742288400,2025.10
1742292000,2021.72
1742295600,2028.62
1742299200,2057.71
1742302800,2059.66
1742306400,2037.87
1742310000,2026.00
1742313600,2024.60
1742317200,2027.24
1742320800,2024.81
1742324400,2016.66
1742328000,2032.01
1742331600,2041.42
1742335200,2070.02
1742338800,2085.85
1742342400,2053.09
1742346000,2041.72
1742349600,2087.95
1742353200,2110.49
1742356800,2137.63
1742360400,2119.29
1742364000,2120.73
1742367600,2124.96
1742371200,2123.25
1742374800,2140.83
1742378400,2131.72
1742382000,2112.28
1742385600,2152.57
1742389200,2158.76
1742392800,2185.17
1742396400,2197.44
1742400000,2215.36
1742403600,2274.53
1742407200,2240.62
1742410800,2215.89
1742414400,2226.70
1742418000,2227.35
1742421600,2234.40
1742425200,2246.26
1742428800,2245.48
1742432400,2241.62
1742436000,2234.61
1742439600,2270.64
1742443200,2290.12
1742446800,2284.13
1742450400,2316.11
1742454000,2334.50
1742457600,2298.31
1742461200,2299.30
1742464800,2308.81
1742468400,2322.69
1742472000,2324.63
1742475600,2335.43
1742479200,2326.34
1742482800,2327.62
1742486400,2317.51
1742490000,2305.83
1742493600,2298.47
1742497200,2328.25
1742500800,2324.81
1742504400,2313.51
1742508000,2300.52
1742511600,2270.86
1742515200,2335.37
1742518800,2331.11
1742522400,2342.23
1742526000,2335.35
1742529600,2358.75
1742533200,2361.33
1742536800,2372.50
1742540400,2351.51
1742544000,2393.31
1742547600,2422.05
1742551200,2435.30
1742554800,2478.72
1742558400,2487.08
1742562000,2480.08
1742565600,2464.55
1742569200,2464.68
1742572800,2443.95
1742576400,2450.60
1742580000,2472.42
1742583600,2445.08
1742587200,2420.61
1742590800,2412.52
1742594400,2403.93
1742598000,2428.77
1742601600,2432.74
1742605200,2428.68
1742608800,2424.87
1742612400,2432.17
1742616000,2451.45
1742619600,2419.99
1742623200,2414.42
1742626800,2410.64
1742630400,2412.49
1742634000,2401.93
1742637600,2396.01
1742641200,2414.91
1742644800,2444.21
1742648400,2459.36
1742652000,2418.06
1742655600,2437.92
1742659200,2478.33
1742662800,2471.81
1742666400,2474.35
1742670000,2471.24
1742673600,2490.07
1742677200,2521.47
1742680800,2541.90
1742684400,2556.33
1742688000,2560.82
1742691600,2536.39
1742695200,2518.01
1742698800,2466.88
1742702400,2501.23
1742706000,2521.14
1742709600,2514.07
1742713200,2541.54
1742716800,2563.29
1742720400,2564.73
1742724000,2586.88
1742727600,2567.87
1742731200,2535.05
1742734800,2526.21
1742738400,2532.02
1742742000,2513.69
1742745600,2515.86
1742749200,2483.92
1742752800,2491.72
1742756400,2497.33
1742760000,2547.58
1742763600,2572.72
1742767200,2588.23
1742770800,2583.87
1742774400,2569.93
1742778000,2603.12
1742781600,2619.07
1742785200,2597.11
1742788800,2646.32
1742792400,2649.83
1742796000,2663.31
1742799600,2649.03
1742803200,2678.62
1742806800,2676.03
1742810400,2660.76
1742814000,2641.87
1742817600,2685.21
1742821200,2663.07
1742824800,2635.65
1742828400,2632.19
1742832000,2662.36
1742835600,2649.21
1742839200,2668.88
1742842800,2710.05
1742846400,2702.37
1742850000,2641.70
1742853600,2642.59
1742857200,2657.82
1742860800,2643.14
1742864400,2658.34
1742868000,2674.00
1742871600,2673.17
1742875200,2675.98
1742878800,2645.77
1742882400,2652.47
1742886000,2660.57
1742889600,2709.00
1742893200,2702.65
1742896800,2690.55
1742900400,2696.60
1742904000,2698.46
1742907600,2690.75
1742911200,2704.71
1742914800,2723.56
1742918400,2699.30
1742922000,2697.62
1742925600,2698.44
1742929200,2747.66
1742932800,2742.39
1742936400,2722.77
1742940000,2704.25
1742943600,2650.56
1742947200,2635.81
1742950800,2637.25
1742954400,2608.08
1742958000,2604.02
1742961600,2629.46
1742965200,2646.02
1742968800,2656.68
1742972400,2639.36
1742976000,2627.12
1742979600,2616.86
1742983200,2645.40
1742986800,2650.92
1742990400,2678.12
1742994000,2668.33
1742997600,2659.22
1743001200,2651.56
1743004800,2623.42
1743008400,2633.61
1743012000,2636.10
1743015600,2665.23
1743019200,2654.91
1743022800,2636.47
1743026400,2613.16
1743030000,2638.47
1743033600,2598.92
1743037200,2627.25
1743040800,2613.50
1743044400,2624.10
1743048000,2628.01
1743051600,2620.65
1743055200,2612.33
1743058800,2596.88
1743062400,2606.94
1743066000,2602.48
1743069600,2580.29
1743073200,2591.61
1743076800,2622.13
1743080400,2598.12
1743084000,2604.91
1743087600,2623.86
1743091200,2619.45
1743094800,2609.28
1743098400,2590.99
1743102000,2567.86
1743105600,2532.41
1743109200,2526.44
1743112800,2568.38
1743116400,2525.42
1743120000,2502.29
1743123600,2509.41
1743127200,2516.65
1743130800,2509.82
1743134400,2520.23
1743138000,2528.08
1743141600,2553.29
1743145200,2536.78
1743148800,2518.15
1743152400,2522.43
1743156000,2568.97
1743159600,2576.27
1743163200,2551.67
1743166800,2557.45
1743170400,2559.20
1743174000,2596.19
1743177600,2589.09
1743181200,2594.03
1743184800,2591.10
1743188400,2624.88
1743192000,2631.17
1743195600,2633.57
1743199200,2661.11
1743202800,2655.89
1743206400,2666.85
1743210000,2648.32
1743213600,2651.29
1743217200,2662.96
1743220800,2679.65
1743224400,2666.14
1743228000,2696.58
1743231600,2703.30
1743235200,2726.09
1743238800,2749.35
1743242400,2741.88
1743246000,2749.50
1743249600,2755.65
1743253200,2730.99
1743256800,2713.96
1743260400,2706.87
1743264000,2696.03
1743267600,2674.34
1743271200,2616.93
1743274800,2620.56
1743278400,2610.66
1743282000,2593.58
1743285600,2630.19
1743289200,2615.33
1743292800,2610.33
1743296400,2627.61
1743300000,2612.54
1743303600,2612.08
1743307200,2581.62
1743310800,2594.30
1743314400,2607.08
1743318000,2596.44
1743321600,2607.30
1743325200,2645.84
1743328800,2669.67
1743332400,2696.11
1743336000,2718.23
1743339600,2704.56
1743343200,2680.66
1743346800,2661.48
1743350400,2619.14
1743354000,2596.61
1743357600,2595.85
1743361200,2579.51
1743364800,2592.55
1743368400,2609.91
1743372000,2617.64
1743375600,2658.77
1743379200,2649.25
1743382800,2672.27
1743386400,2677.53
1743390000,2687.72
1743393600,2677.06
1743397200,2656.28
1743400800,2642.47
1743404400,2644.62
1743408000,2673.78
1743411600,2652.59
1743415200,2650.79
1743418800,2625.37
1743422400,2661.78
1743426000,2683.28
1743429600,2651.96
1743433200,2627.66
1743436800,2618.55
1743440400,2605.09
1743444000,2636.44
1743447600,2650.18
1743451200,2641.61
1743454800,2668.82
1743458400,2665.64
1743462000,2701.18
1743465600,2687.72
1743469200,2665.12
1743472800,2680.45
1743476400,2696.55
1743480000,2713.07
1743483600,2714.92
1743487200,2705.09
1743490800,2698.61
1743494400,2710.42
1743498000,2692.33
1743501600,2676.62
1743505200,2657.19
1743508800,2622.97
1743512400,2615.94
1743516000,2659.02
1743519600,2650.43
1743523200,2672.80
1743526800,2684.03
1743530400,2655.14
1743534000,2654.11
1743537600,2638.92
1743541200,2599.39
1743544800,2603.40
1743548400,2602.49
1743552000,2621.08
1743555600,2643.44
1743559200,2645.20
1743562800,2659.36
1743566400,2656.62
1743570000,2641.19
1743573600,2661.97
1743577200,2665.41
1743580800,2670.44
1743584400,2675.25
1743588000,2685.29
1743591600,2729.25
1743595200,2751.73
1743598800,2768.69
1743602400,2741.64
1743606000,2778.01
1743609600,2771.61
1743613200,2793.63
1743616800,2837.31
1743620400,2858.02
1743624000,2858.61
1743627600,2857.63
1743631200,2904.68
1743634800,2903.66
1743638400,2874.51
1743642000,2877.39
1743645600,2876.73
1743649200,2872.75
1743652800,2828.24
1743656400,2800.95
1743660000,2820.51
1743663600,2808.85
1743667200,2793.52
1743670800,2768.82
1743674400,2750.19
1743678000,2760.21
1743681600,2802.69
1743685200,2778.88
1743688800,2785.27
1743692400,2740.06
1743696000,2732.82
1743699600,2757.45
1743703200,2762.01
1743706800,2768.77
1743710400,2789.53
1743714000,2781.36
1743717600,2790.08
1743721200,2791.42
1743724800,2809.98
1743728400,2795.30
1743732000,2800.10
1743735600,2769.20
1743739200,2761.25
1743742800,2782.68
1743746400,2799.85
1743750000,2775.01
1743753600,2768.54
1743757200,2732.69
1743760800,2713.04
1743764400,2725.96
1743768000,2747.81
1743771600,2763.75
1743775200,2778.14
1743778800,2798.68
1743782400,2776.42
1743786000,2781.98
1743789600,2776.60
1743793200,2765.14
1743796800,2751.42
1743800400,2780.94
1743804000,2769.68
1743807600,2757.43
1743811200,2751.70
1743814800,2758.24
1743818400,2776.69
1743822000,2805.08
1743825600,2794.14
1743829200,2789.90
1743832800,2789.88
1743836400,2796.83
1743840000,2814.74
1743843600,2826.30
1743847200,2858.52
1743850800,2866.68
1743854400,2865.88
1743858000,2820.00
1743861600,2814.44
1743865200,2847.90
1743868800,2879.92
1743872400,2878.15
1743876000,2925.93
1743879600,2942.52
1743883200,2908.43
1743886800,2904.21
1743890400,2897.31
1743894000,2924.56
1743897600,2911.18
1743901200,2923.65
1743904800,2988.88
1743908400,2962.68
1743912000,2963.84
1743915600,2969.72
1743919200,2960.82
1743922800,2980.64
1743926400,2972.97
1743930000,2952.84
1743933600,2951.19
1743937200,2970.55
1743940800,2978.08
1743944400,2989.84
1743948000,2974.23
1743951600,2996.02
1743955200,2989.83
1743958800,3012.61
1743962400,3029.65
1743966000,3064.75
1743969600,3058.05
1743973200,3062.38
1743976800,3072.90
1743980400,3086.44
1743984000,3103.67
1743987600,3111.30
1743991200,3107.00
1743994800,3088.78
1743998400,3092.57
1744002000,3097.69
1744005600,3035.18
1744009200,3049.91
1744012800,3065.40
1744016400,3026.39
1744020000,3024.48
1744023600,3034.53
1744027200,3017.99
1744030800,3050.24
1744034400,3042.12
1744038000,3030.61
1744041600,3011.57
1744045200,3032.97
1744048800,3055.39
1744052400,3070.96
1744056000,3074.78
1744059600,3080.97
1744063200,3102.18
1744066800,3109.11
1744070400,3111.50
1744074000,3124.43
1744077600,3100.94
1744081200,3101.85
1744084800,3106.09
1744088400,3137.20
1744092000,3155.19
1744095600,3109.13
1744099200,3131.38
1744102800,3138.51
1744106400,3151.51
1744110000,3164.16
1744113600,3132.05
1744117200,3108.50
1744120800,3087.56
1744124400,3090.74
1744128000,3056.97
1744131600,3077.63
1744135200,3127.74
1744138800,3134.68
1744142400,3139.52
1744146000,3128.74
1744149600,3075.90
1744153200,3076.15
1744156800,3075.50
1744160400,3075.02
1744164000,3072.88
1744167600,3049.36
1744171200,3058.10
1744174800,3086.91
1744178400,3047.27
1744182000,3056.31
1744185600,3066.03
1744189200,3085.74
1744192800,3087.48
1744196400,3104.05
1744200000,3139.47
1744203600,3143.90
1744207200,3151.87
1744210800,3166.79
1744214400,3140.45
1744218000,3094.40
1744221600,3064.38
1744225200,3108.93
1744228800,3110.03
1744232400,3078.56
1744236000,3104.82
1744239600,3123.14
1744243200,3101.71
1744246800,3111.74
1744250400,3099.99
1744254000,3098.89
1744257600,3089.26
1744261200,3142.99
1744264800,3143.54
1744268400,3155.34
1744272000,3123.78
1744275600,3137.40
1744279200,3175.98
1744282800,3183.72
1744286400,3230.22
1744290000,3228.88
1744293600,3246.28
1744297200,3277.48
1744300800,3246.88
1744304400,3273.82
1744308000,3259.89
1744311600,3253.48
1744315200,3270.03
1744318800,3258.80
1744322400,3269.98
1744326000,3308.70
1744329600,3300.66
1744333200,3310.61
1744336800,3309.01
1744340400,3354.24
1744344000,3354.39
1744347600,3346.46
1744351200,3389.15
1744354800,3433.56
1744358400,3430.98
1744362000,3425.54
1744365600,3455.62
1744369200,3439.01
1744372800,3432.20
1744376400,3411.68
1744380000,3420.24
1744383600,3453.26
1744387200,3475.79
1744390800,3485.79
1744394400,3505.37
1744398000,3514.11
1744401600,3493.36
1744405200,3499.00
1744408800,3457.23
1744412400,3452.31
1744416000,3460.19
1744419600,3498.52
1744423200,3525.66
1744426800,3498.32
1744430400,3521.16
1744434000,3499.74
1744437600,3496.17
1744441200,3511.06
1744444800,3511.81
1744448400,3490.45
1744452000,3478.32
1744455600,3480.40
1744459200,3490.87
1744462800,3492.55
1744466400,3503.27
1744470000,3490.75
1744473600,3514.53
1744477200,3513.06
1744480800,3550.17
1744484400,3524.32
1744488000,3515.41
1744491600,3552.05
1744495200,3523.56
1744498800,3503.63
1744502400,3482.51
1744506000,3480.80
1744509600,3446.63
1744513200,3431.46
1744516800,3385.56
1744520400,3389.20
1744524000,3390.97
1744527600,3390.13
1744531200,3413.62
1744534800,3460.23
1744538400,3439.99
1744542000,3454.72
1744545600,3442.13
1744549200,3476.80
1744552800,3488.03
1744556400,3421.94
1744560000,3390.99
1744563600,3356.55
1744567200,3327.40
1744570800,3354.60
1744574400,3348.93
1744578000,3349.77
1744581600,3359.35
1744585200,3367.57
1744588800,3418.88
1744592400,3397.04
1744596000,3428.50
1744599600,3462.78
1744603200,3481.98
1744606800,3512.65
1744610400,3480.17
1744614000,3496.45
1744617600,3492.39
1744621200,3504.53
1744624800,3537.69
1744628400,3529.92
1744632000,3515.52
1744635600,3554.54
1744639200,3485.86
1744642800,3489.88
1744646400,3516.57
1744650000,3515.27
1744653600,3483.98
1744657200,3435.35
1744660800,3447.11
1744664400,3458.61
1744668000,3401.35
1744671600,3393.15
1744675200,3383.90
1744678800,3399.66
1744682400,3381.44
1744686000,3403.78
1744689600,3429.43
1744693200,3414.58
1744696800,3445.39
1744700400,3409.02
1744704000,3423.11
1744707600,3399.27
1744711200,3417.53
1744714800,3407.29
1744718400,3420.29
1744722000,3408.77
1744725600,3370.20
1744729200,3357.41
1744732800,3328.76
1744736400,3340.83
1744740000,3386.69
1744743600,3400.03
1744747200,3437.38
1744750800,3482.51
1744754400,3464.70
1744758000,3518.83
1744761600,3526.48
1744765200,3503.97
1744768800,3496.18
1744772400,3452.27
1744776000,3456.10
1744779600,3459.58
1744783200,3473.82
1744786800,3498.56
1744790400,3557.60
1744794000,3555.10
1744797600,3592.54
1744801200,3603.54
1744804800,3649.45
1744808400,3684.47
1744812000,3700.08
1744815600,3722.89
1744819200,3737.35
1744822800,3686.89
1744826400,3708.99
1744830000,3761.88
1744833600,3752.45
1744837200,3748.66
1744840800,3731.45
1744844400,3738.42
1744848000,3736.88
1744851600,3750.48
1744855200,3711.98
1744858800,3702.37
1744862400,3759.25
1744866000,3751.63
1744869600,3711.96
1744873200,3696.39
1744876800,3711.20
1744880400,3657.43
1744884000,3672.49
1744887600,3701.37
1744891200,3717.70
1744894800,3675.10
1744898400,3695.30
1744902000,3709.12
1744905600,3671.03
1744909200,3739.13
1744912800,3813.15
1744916400,3804.02
1744920000,3758.44
1744923600,3742.85
1744927200,3736.30
1744930800,3724.32
1744934400,3680.99
1744938000,3700.68
1744941600,3701.43
1744945200,3719.12
1744948800,3727.08
1744952400,3719.95
1744956000,3735.63
1744959600,3756.84
1744963200,3803.30
1744966800,3795.78
1744970400,3791.01
1744974000,3836.45
1744977600,3831.23
1744981200,3910.45
1744984800,3871.17
1744988400,3887.98
1744992000,3934.44
1744995600,3929.71
1744999200,3946.00
1745002800,3935.85
1745006400,3990.48
1745010000,3996.03
1745013600,3992.81
1745017200,4068.76
1745020800,4056.16
1745024400,4065.46
1745028000,4070.24
1745031600,4076.60
1745035200,4069.13
1745038800,4064.84
1745042400,4084.53
1745046000,4060.80
1745049600,4077.74
1745053200,4083.63
1745056800,4097.10
1745060400,4074.49
1745064000,4125.26
1745067600,4088.61
1745071200,4098.41
1745074800,4112.06
1745078400,4142.12
1745082000,4190.76
1745085600,4128.20
1745089200,4092.45
1745092800,4067.27
1745096400,4047.59
1745100000,4078.84
1745103600,4057.33
1745107200,4077.55
1745110800,4079.65
1745114400,4103.83
1745118000,4131.28
1745121600,4097.67
1745125200,4070.74
1745128800,4112.61
1745132400,4102.32
1745136000,4108.95
1745139600,4051.67
1745143200,4060.25
1745146800,4076.15
1745150400,4073.63
1745154000,4103.36
1745157600,4069.65
1745161200,4063.72
1745164800,4061.39
1745168400,4028.91
1745172000,3970.37
1745175600,4038.15
1745179200,4057.53
1745182800,4035.50
1745186400,4047.17
1745190000,4113.52
1745193600,4099.70
1745197200,4082.29
1745200800,4019.63
1745204400,4072.87
1745208000,4075.05
1745211600,4075.73
1745215200,4104.02
1745218800,4111.49
1745222400,4095.13
1745226000,4101.00
1745229600,4137.50
1745233200,4119.91
1745236800,4099.51
1745240400,4088.92
1745244000,4088.62
1745247600,4124.26
1745251200,4114.42
1745254800,4135.75
1745258400,4148.87
1745262000,4099.44
1745265600,4121.58
1745269200,4093.02
1745272800,4122.22
1745276400,4145.12
1745280000,4184.42
1745283600,4198.19
1745287200,4180.48
1745290800,4123.48
1745294400,4101.02
1745298000,4139.40
1745301600,4101.01
1745305200,4103.10
1745308800,4051.74
1745312400,3993.48
1745316000,4005.67
1745319600,3993.92
1745323200,3977.82
1745326800,3984.81
1745330400,4004.36
1745334000,3997.61
1745337600,4027.23
1745341200,3992.85
1745344800,3992.83
1745348400,3992.49
1745352000,3999.25
1745355600,3989.96
1745359200,3974.01
1745362800,4039.70
1745366400,3983.88
1745370000,3981.72
1745373600,3905.77
1745377200,3917.87
1745380800,3904.98
1745384400,3876.08
1745388000,3864.65
1745391600,3874.67
1745395200,3904.64
1745398800,3933.70
1745402400,3939.56
1745406000,3912.52
1745409600,3911.14
1745413200,3937.80
1745416800,3985.33
1745420400,3998.65
1745424000,4015.98
1745427600,4081.32
1745431200,4125.85
1745434800,4068.52
1745438400,4032.82
1745442000,4017.94
1745445600,4003.49
1745449200,3976.46
1745452800,3961.26
1745456400,3933.71
1745460000,3916.75
1745463600,3875.34
1745467200,3848.93
1745470800,3886.36
1745474400,3844.81
1745478000,3840.90
1745481600,3831.91
1745485200,3856.27
1745488800,3822.19
1745492400,3803.46
1745496000,3787.72
1745499600,3807.22
1745503200,3770.51
1745506800,3790.89
1745510400,3787.05
1745514000,3792.96
1745517600,3800.24
1745521200,3803.44
1745524800,3832.35
1745528400,3818.84
1745532000,3794.24
1745535600,3857.61
1745539200,3867.60
1745542800,3874.08
1745546400,3848.21
1745550000,3841.47
1745553600,3834.15
1745557200,3810.04
1745560800,3845.78
1745564400,3831.27
1745568000,3835.29
1745571600,3871.63
1745575200,3952.69
1745578800,4017.10
1745582400,3958.41
1745586000,3948.64
1745589600,3918.61
1745593200,3902.12
1745596800,3846.06
1745600400,3839.90
1745604000,3814.55
1745607600,3856.13
1745611200,3912.17
1745614800,3945.11
1745618400,3948.34
1745622000,3931.43
1745625600,3906.57
1745629200,3945.19
1745632800,3914.20
1745636400,3901.17
1745640000,3852.16
1745643600,3935.98
1745647200,3878.22
1745650800,3885.24
1745654400,3914.54
1745658000,3911.77
1745661600,3919.42
1745665200,3828.85
1745668800,3807.62
1745672400,3799.14
1745676000,3827.04
1745679600,3830.14
1745683200,3789.06
1745686800,3832.47
1745690400,3827.90
1745694000,3800.66
1745697600,3834.52
1745701200,3860.25
1745704800,3830.34
1745708400,3788.32
1745712000,3829.71
1745715600,3777.29
1745719200,3761.04
1745722800,3778.74
1745726400,3885.08
1745730000,3876.16
1745733600,3878.46
1745737200,3896.72
1745740800,3901.22
1745744400,3930.33
1745748000,3891.01
1745751600,3894.25
1745755200,3910.47
1745758800,3882.85
1745762400,3842.46
1745766000,3837.55
1745769600,3883.88
1745773200,3869.34
1745776800,3831.56
1745780400,3840.22
1745784000,3831.07
1745787600,3852.96
1745791200,3886.82
1745794800,3885.08
1745798400,3895.73
1745802000,3908.74
1745805600,3919.75
1745809200,3913.70
1745812800,3940.97
1745816400,3939.91
1745820000,3949.16
1745823600,4014.74
1745827200,3984.88
1745830800,3965.55
1745834400,3948.05
1745838000,3907.73
1745841600,3876.63
1745845200,3862.39
1745848800,3916.48
1745852400,3909.82
1745856000,3916.97
1745859600,3911.51
1745863200,3937.30
1745866800,3919.75
1745870400,3922.10
1745874000,3915.77
1745877600,3919.90
1745881200,3970.42
1745884800,3969.09
1745888400,4007.02
1745892000,4037.22
1745895600,4037.15
1745899200,3982.14
1745902800,3974.37
1745906400,3932.39
1745910000,3919.69
1745913600,3909.76
1745917200,3933.90
1745920800,3912.72
1745924400,3962.79
1745928000,3939.78
1745931600,3935.35
1745935200,3991.05
1745938800,3996.30
1745942400,4021.22
1745946000,4030.16
1745949600,4026.11
1745953200,3996.43
1745956800,4035.04
1745960400,4040.24
1745964000,3985.67
1745967600,3966.49
1745971200,3971.26
1745974800,3997.71
1745978400,3987.05
1745982000,3956.10
1745985600,3961.48
1745989200,3943.18
1745992800,3961.93
1745996400,3976.22
1746000000,3960.59
1746003600,3926.57
1746007200,3952.15
1746010800,3991.99
1746014400,3983.45
1746018000,3917.63
1746021600,3937.94
1746025200,3941.64
1746028800,3917.37
1746032400,3918.89
1746036000,3922.71
1746039600,3952.90
1746043200,3974.41
1746046800,4023.42
1746050400,4050.97
1746054000,4085.04
1746057600,4064.41
1746061200,4112.27
1746064800,4118.02
1746068400,4137.28
1746072000,4145.33
1746075600,4138.36
1746079200,4167.15
1746082800,4176.49
1746086400,4184.86
1746090000,4195.80
1746093600,4259.06
1746097200,4232.85
1746100800,4269.67
1746104400,4300.02
1746108000,4298.92
1746111600,4275.93
1746115200,4313.89
1746118800,4285.59
1746122400,4264.19
1746126000,4193.96
1746129600,4179.07
1746133200,4156.66
1746136800,4169.29
1746140400,4164.62
1746144000,4148.41
1746147600,4165.16
1746151200,4224.12
1746154800,4228.30
1746158400,4175.99
1746162000,4241.23
1746165600,4268.66
1746169200,4364.47
1746172800,4374.25
1746176400,4355.75
1746180000,4368.82
1746183600,4336.59
1746187200,4332.43
1746190800,4387.87
1746194400,4342.87
1746198000,4330.92
1746201600,4244.33
1746205200,4242.84
1746208800,4242.39
1746212400,4213.95
1746216000,4212.73
1746219600,4169.38
1746223200,4191.64
1746226800,4156.42
1746230400,4179.29
1746234000,4215.09
1746237600,4209.85
1746241200,4205.11
1746244800,4271.12
1746248400,4250.07
1746252000,4222.88
1746255600,4224.17
1746259200,4186.79
1746262800,4190.92
1746266400,4179.17
1746270000,4220.63
1746273600,4249.00
1746277200,4238.54
1746280800,4278.38
1746284400,4326.41
1746288000,4347.95
1746291600,4413.87
1746295200,4400.45
1746298800,4460.61
1746302400,4452.95
1746306000,4429.52
1746309600,4429.31
1746313200,4435.53
1746316800,4471.17
1746320400,4481.52
1746324000,4454.42
1746327600,4526.61
1746331200,4513.39
1746334800,4539.90
1746338400,4566.69
1746342000,4539.72
1746345600,4492.10
1746349200,4525.28
1746352800,4548.93
1746356400,4580.56
1746360000,4565.04
1746363600,4569.78
1746367200,4578.31
1746370800,4583.63
1746374400,4637.16
1746378000,4691.76
1746381600,4703.88
1746385200,4732.90
1746388800,4637.35
1746392400,4596.67
1746396000,4624.87
1746399600,4640.63
1746403200,4632.93
1746406800,4594.58
1746410400,4650.23
1746414000,4680.48
1746417600,4657.91
1746421200,4691.11
1746424800,4720.73
1746428400,4760.20
1746432000,4748.10
1746435600,4772.57
1746439200,4771.88
1746442800,4725.84
1746446400,4711.17
1746450000,4690.48
1746453600,4717.90
1746457200,4743.23
1746460800,4824.39
1746464400,4825.95
1746468000,4860.65
1746471600,4950.87
1746475200,4980.33
1746478800,5049.71
1746482400,5043.72
1746486000,5030.38
1746489600,5045.46
1746493200,5145.87
1746496800,5188.32
1746500400,5164.30
1746504000,5099.36
1746507600,5117.99
1746511200,5141.73
1746514800,5095.90
1746518400,5114.87
1746522000,5077.86
1746525600,5069.18
1746529200,5044.14
1746532800,4972.28
1746536400,4956.50
1746540000,4976.97
1746543600,4942.82
1746547200,4980.60
1746550800,5013.97
1746554400,5001.84
1746558000,4978.87
1746561600,4958.33
1746565200,4928.05
1746568800,4921.55
1746572400,4951.42
1746576000,4985.27
1746579600,4900.79
1746583200,4954.58
1746586800,4896.01
1746590400,4910.22
1746594000,4958.77
1746597600,4983.37
1746601200,4994.32
1746604800,4964.57
1746608400,5011.03
1746612000,5057.19
1746615600,4965.56
1746619200,4950.78
1746622800,4983.15
1746626400,4991.58
1746630000,4883.65
1746633600,4920.90
1746637200,4989.04
1746640800,4912.47
1746644400,4898.46
1746648000,4976.05
1746651600,4991.09
1746655200,5113.36
1746658800,5172.40
1746662400,5131.57
1746666000,5164.86
1746669600,5105.01
1746673200,5150.40
1746676800,5152.94
1746680400,5108.07
1746684000,5132.25
1746687600,5100.33
1746691200,5067.64
1746694800,5143.70
1746698400,5234.17
1746702000,5186.66
1746705600,5057.65
1746709200,5020.47
1746712800,4987.37
1746716400,4976.28
1746720000,4992.36
1746723600,4972.46
1746727200,4944.77
1746730800,4879.08
1746734400,4927.13
1746738000,4887.19
1746741600,4863.98
1746745200,4840.37
1746748800,4821.47
1746752400,4847.60
1746756000,4866.25
1746759600,4863.48
1746763200,4929.70
1746766800,4899.92
1746770400,4932.00
1746774000,4929.95
1746777600,4933.11
1746781200,4919.88
1746784800,4917.39
1746788400,4909.75
1746792000,4937.57
1746795600,4948.00
1746799200,4980.50
1746802800,4999.90
1746806400,5089.44
1746810000,5060.54
1746813600,5068.42
1746817200,5085.87
1746820800,5041.81
1746824400,5069.64
1746828000,5048.41
1746831600,5100.35
1746835200,5059.38
1746838800,5057.17
1746842400,5081.21
1746846000,5090.97
1746849600,5038.44
1746853200,4963.91
1746856800,4936.61
1746860400,4934.92
1746864000,4884.34
1746867600,4879.09
1746871200,4915.78
1746874800,4924.99
1746878400,4908.55
1746882000,4939.18
1746885600,4926.37
1746889200,4924.20
1746892800,4901.18
1746896400,4905.23
1746900000,4831.10
1746903600,4803.39
1746907200,4782.15
1746910800,4830.68
1746914400,4858.80
1746918000,4876.04
1746921600,4896.07
1746925200,4905.38
1746928800,4915.35
1746932400,4938.42
1746936000,4910.57
1746939600,4980.21
1746943200,4924.81
1746946800,4889.97
1746950400,4902.34
1746954000,4945.16
1746957600,4929.63
1746961200,4970.44
1746964800,4986.63
1746968400,4970.75
1746972000,4938.33
1746975600,4969.04
1746979200,4947.31
1746982800,4976.74
1746986400,4927.69
1746990000,4935.60
1746993600,4885.69
1746997200,4915.85
1747000800,4923.01
1747004400,4859.45
1747008000,4849.24
1747011600,4853.00
1747015200,4785.64
1747018800,4794.47
1747022400,4840.68
1747026000,4837.49
1747029600,4855.09
1747033200,4825.57
1747036800,4831.00
1747040400,4821.99
1747044000,4795.01
1747047600,4790.86
1747051200,4779.71
1747054800,4743.32
1747058400,4783.31
1747062000,4781.79
1747065600,4733.85
1747069200,4732.67
1747072800,4704.80
1747076400,4612.49
1747080000,4537.34
1747083600,4499.14
1747087200,4559.85
1747090800,4508.21
1747094400,4474.19
1747098000,4456.42
1747101600,4525.17
1747105200,4493.15
1747108800,4524.57
1747112400,4581.40
1747116000,4511.53
1747119600,4535.25
1747123200,4486.28
1747126800,4541.58
1747130400,4530.19
1747134000,4548.61
1747137600,4535.33
1747141200,4558.23
1747144800,4551.19
1747148400,4535.71
1747152000,4586.82
1747155600,4604.57
1747159200,4617.84
1747162800,4561.66
1747166400,4564.64
1747170000,4608.07
1747173600,4620.32
1747177200,4644.36
1747180800,4624.02
1747184400,4664.26
1747188000,4683.26
1747191600,4685.94
1747195200,4690.02
1747198800,4715.83
1747202400,4686.03
1747206000,4677.95
1747209600,4688.50
1747213200,4694.69
1747216800,4625.59
1747220400,4712.12
1747224000,4687.37
1747227600,4686.13
1747231200,4667.86
1747234800,4651.46
1747238400,4661.23
1747242000,4652.88
1747245600,4622.16
1747249200,4641.37
1747252800,4660.24
1747256400,4640.10
1747260000,4627.52
1747263600,4667.34
1747267200,4675.39
1747270800,4705.93
1747274400,4742.42
1747278000,4682.34
1747281600,4738.30
1747285200,4735.17
1747288800,4662.09
1747292400,4602.83
1747296000,4559.00
1747299600,4537.73
1747303200,4559.63
1747306800,4545.53
1747310400,4535.25
1747314000,4530.65
1747317600,4491.56
1747321200,4523.33
1747324800,4495.77
1747328400,4466.13
1747332000,4484.89
1747335600,4525.70
1747339200,4543.43
1747342800,4535.18
1747346400,4534.90
1747350000,4513.01
1747353600,4460.94
1747357200,4406.97
1747360800,4366.75
1747364400,4307.87
1747368000,4253.82
1747371600,4204.97
1747375200,4210.53
1747378800,4194.76
1747382400,4196.94
1747386000,4194.31
1747389600,4227.83
1747393200,4195.48
1747396800,4214.39
1747400400,4197.13
1747404000,4152.78
1747407600,4153.01
1747411200,4148.00
1747414800,4109.51
1747418400,4128.30
1747422000,4121.44
1747425600,4199.81
1747429200,4131.29
1747432800,4165.76
1747436400,4175.21
1747440000,4147.44
1747443600,4132.06
1747447200,4172.85
1747450800,4133.46
1747454400,4126.47
1747458000,4085.60
1747461600,4047.17
1747465200,4050.40
1747468800,4128.17
1747472400,4132.89
1747476000,4098.49
1747479600,4085.38
1747483200,4076.26
1747486800,4066.82
1747490400,4030.84
1747494000,4008.97
1747497600,4010.69
1747501200,4039.78
1747504800,3994.36
1747508400,3945.71
1747512000,3910.71
1747515600,3898.69
1747519200,3930.34
1747522800,3950.93
1747526400,3948.15
1747530000,3950.36
1747533600,3952.16
1747537200,4022.61
1747540800,4075.84
1747544400,4021.19
1747548000,4056.35
1747551600,4016.79
1747555200,3966.58
1747558800,4027.19
1747562400,4060.33
1747566000,4026.90
1747569600,4008.63
1747573200,3930.33
1747576800,3881.41
1747580400,3934.60
1747584000,3933.48
1747587600,3972.72
1747591200,3947.84
1747594800,3957.56
1747598400,4028.66
1747602000,4081.82
1747605600,4076.44
1747609200,4099.13
1747612800,4129.50
1747616400,4134.96
1747620000,4100.82
1747623600,4085.89
1747627200,4109.06
1747630800,4123.62
1747634400,4123.42
1747638000,4111.04
1747641600,4117.14
1747645200,4105.05
1747648800,4082.54
1747652400,4122.76
1747656000,4161.06
1747659600,4123.34
1747663200,4159.53
1747666800,4210.32
1747670400,4224.02
1747674000,4169.26
1747677600,4174.96
1747681200,4161.28
1747684800,4202.29
1747688400,4173.98
1747692000,4201.38
1747695600,4202.59
1747699200,4179.46
1747702800,4153.39
1747706400,4215.08
1747710000,4227.39
1747713600,4184.15
1747717200,4140.52
1747720800,4099.76
1747724400,4119.19
1747728000,4095.29
1747731600,4167.88
1747735200,4167.10
1747738800,4166.56
1747742400,4139.90
1747746000,4115.37
1747749600,4151.87
1747753200,4164.64
1747756800,4194.83
1747760400,4150.96
1747764000,4193.55
1747767600,4178.32
1747771200,4142.74
1747774800,4175.73
1747778400,4149.72
1747782000,4158.42
1747785600,4192.12
1747789200,4237.33
1747792800,4176.75
1747796400,4174.36
1747800000,4095.41
1747803600,4125.39
1747807200,4141.54
1747810800,4153.49
1747814400,4189.39
1747818000,4176.43
1747821600,4201.09
1747825200,4208.00
1747828800,4221.51
1747832400,4232.98
1747836000,4250.84
1747839600,4290.09
1747843200,4304.76
1747846800,4334.01
1747850400,4352.80
1747854000,4316.94
1747857600,4343.43
1747861200,4274.83
1747864800,4262.33
1747868400,4202.61
1747872000,4210.82
1747875600,4174.69
1747879200,4144.23
1747882800,4186.36
1747886400,4159.57
1747890000,4163.93
1747893600,4169.48
1747897200,4147.36
1747900800,4185.54
1747904400,4168.68
1747908000,4155.23
1747911600,4175.02
1747915200,4220.22
1747918800,4256.68
1747922400,4193.98
1747926000,4206.60
1747929600,4225.74
1747933200,4239.63
1747936800,4190.78
1747940400,4178.25
1747944000,4196.67
1747947600,4172.47
1747951200,4201.48
1747954800,4206.40
1747958400,4211.37
1747962000,4225.14
1747965600,4258.46
1747969200,4264.43
1747972800,4289.62
1747976400,4244.09
1747980000,4291.38
1747983600,4340.52
1747987200,4316.09
1747990800,4315.03
1747994400,4351.05
1747998000,4381.73
1748001600,4343.86
1748005200,4416.11
1748008800,4437.47
1748012400,4419.08
1748016000,4385.00
1748019600,4339.55
1748023200,4344.47
1748026800,4353.75
1748030400,4351.53
1748034000,4364.66
1748037600,4381.27
1748041200,4410.62
1748044800,4404.07
1748048400,4364.30
1748052000,4312.61
1748055600,4325.87
1748059200,4290.45
1748062800,4298.48
1748066400,4292.90
1748070000,4291.44
1748073600,4362.43
1748077200,4350.11
1748080800,4331.70
1748084400,4303.42
1748088000,4337.02
1748091600,4371.15
1748095200,4410.61
1748098800,4461.34
1748102400,4404.55
1748106000,4455.03
1748109600,4395.01
1748113200,4383.66
1748116800,4397.43
1748120400,4406.24
1748124000,4420.51
1748127600,4398.79
1748131200,4366.69
1748134800,4354.59
1748138400,4365.51
1748142000,4349.83
1748145600,4302.81
1748149200,4266.59
1748152800,4306.20
1748156400,4285.68
1748160000,4288.20
1748163600,4301.57
1748167200,4285.65
1748170800,4306.06
1748174400,4264.31
1748178000,4259.81
1748181600,4282.26
1748185200,4238.95
1748188800,4251.64
1748192400,4206.35
1748196000,4144.22
1748199600,4179.46
1748203200,4173.77
1748206800,4166.62
1748210400,4162.55
1748214000,4177.95
1748217600,4198.68
1748221200,4204.07
1748224800,4232.21
1748228400,4219.11
1748232000,4169.87
1748235600,4241.77
1748239200,4262.40
1748242800,4302.39
1748246400,4226.71
1748250000,4206.21
1748253600,4123.50
1748257200,4114.14
1748260800,4121.48
1748264400,4119.04
1748268000,4133.04
1748271600,4146.06
1748275200,4092.94
1748278800,4135.81
1748282400,4131.38
1748286000,4146.21
1748289600,4093.51
1748293200,4046.97
1748296800,4085.38
1748300400,4116.74
1748304000,4080.40
1748307600,4058.66
1748311200,4046.35
1748314800,3986.03
1748318400,3948.20
1748322000,3948.85
1748325600,3919.37
1748329200,3914.83
1748332800,3868.42
1748336400,3883.60
1748340000,3867.93
1748343600,3862.50
1748347200,3892.25
1748350800,3914.04
1748354400,3988.97
1748358000,3957.98
1748361600,3976.80
1748365200,3974.12
1748368800,3963.49
1748372400,4016.52
1748376000,4047.78
1748379600,4015.96
1748383200,3951.43
1748386800,3918.43
1748390400,3960.55
1748394000,3984.47
1748397600,3971.70
1748401200,3940.40
1748404800,3915.67
1748408400,3899.17
1748412000,3922.25
1748415600,3946.10
1748419200,3909.89
1748422800,3898.30
1748426400,3927.08
1748430000,3959.86
1748433600,3966.44
1748437200,3999.43
1748440800,4007.40
1748444400,3980.14
1748448000,3897.56
1748451600,3886.04
1748455200,3876.49
1748458800,3873.22
1748462400,3854.88
1748466000,3818.62
1748469600,3822.63
1748473200,3849.56
1748476800,3831.29
1748480400,3823.63
1748484000,3841.54
1748487600,3878.63
1748491200,3882.55
1748494800,3915.95
1748498400,3880.27
1748502000,3859.80
1748505600,3860.76
1748509200,3858.28
1748512800,3853.93
1748516400,3886.75
1748520000,3846.92
1748523600,3855.99
1748527200,3854.59
1748530800,3866.75
1748534400,3831.98
1748538000,3836.57
1748541600,3787.99
1748545200,3806.94
1748548800,3789.01
1748552400,3748.60
1748556000,3718.72
1748559600,3733.53
1748563200,3727.45
1748566800,3768.55
1748570400,3778.88
1748574000,3784.54
1748577600,3762.85
1748581200,3771.42
1748584800,3752.01
1748588400,3744.01
1748592000,3758.71
1748595600,3738.97
1748599200,3749.32
1748602800,3728.05
1748606400,3726.31
1748610000,3739.88
1748613600,3687.84
1748617200,3682.54
1748620800,3658.05
1748624400,3659.56
1748628000,3655.93
1748631600,3658.31
1748635200,3659.73
1748638800,3600.87
1748642400,3594.83
1748646000,3622.84
1748649600,3658.97
1748653200,3724.47
1748656800,3691.18
1748660400,3672.50
1748664000,3643.86
1748667600,3610.98
1748671200,3610.06
1748674800,3696.57
1748678400,3664.78
1748682000,3624.98
1748685600,3604.71
1748689200,3621.88
1748692800,3639.71
1748696400,3657.70
1748700000,3638.37
1748703600,3623.37
1748707200,3653.32
1748710800,3672.30
1748714400,3709.31
1748718000,3719.05
1748721600,3734.91
1748725200,3733.00
1748728800,3750.74
1748732400,3725.72
1748736000,3727.20
1748739600,3717.21
1748743200,3734.73
1748746800,3780.70
1748750400,3770.76
1748754000,3712.54
1748757600,3717.76
1748761200,3737.05
1748764800,3747.82
1748768400,3771.70
1748772000,3739.78
1748775600,3752.81
1748779200,3818.77
1748782800,3803.39
1748786400,3814.47
1748790000,3787.87
1748793600,3718.09
1748797200,3714.08
1748800800,3683.90
1748804400,3661.91
1748808000,3717.95
1748811600,3734.19
1748815200,3733.28
1748818800,3790.13
1748822400,3752.16
1748826000,3686.31
1748829600,3679.27
1748833200,3644.20
1748836800,3618.61
1748840400,3608.21
1748844000,3641.43
1748847600,3637.45
1748851200,3640.68
1748854800,3680.31
1748858400,3694.50
1748862000,3719.74
1748865600,3754.04
1748869200,3808.31
1748872800,3834.05
1748876400,3761.73
1748880000,3779.35
1748883600,3829.50
1748887200,3846.48
1748890800,3889.41
1748894400,3861.53
1748898000,3833.10
1748901600,3867.00
1748905200,3851.84
1748908800,3893.46
1748912400,3856.77
1748916000,3842.45
1748919600,3852.59
1748923200,3783.07
1748926800,3786.41
1748930400,3809.95
1748934000,3782.31
1748937600,3748.32
1748941200,3795.10
1748944800,3835.58
1748948400,3839.13
1748952000,3882.20
1748955600,3903.00
1748959200,3873.40
1748962800,3886.85
1748966400,3937.87
1748970000,3944.96
1748973600,3972.76
1748977200,4021.15
1748980800,3986.55
1748984400,4009.78
1748988000,4047.28
1748991600,4080.04
1748995200,4144.72
1748998800,4169.54
1749002400,4210.57
1749006000,4193.72
1749009600,4207.97
1749013200,4171.20
1749016800,4153.93
1749020400,4163.77
1749024000,4212.60
1749027600,4185.08
1749031200,4181.38
1749034800,4157.45
1749038400,4215.03
1749042000,4212.46
1749045600,4224.02
1749049200,4218.79
1749052800,4206.75
1749056400,4197.69
1749060000,4225.36
1749063600,4244.95
1749067200,4257.13
1749070800,4250.63
1749074400,4220.46
1749078000,4229.40
1749081600,4272.79
1749085200,4270.23
1749088800,4258.84
1749092400,4280.45
1749096000,4239.27
1749099600,4239.23
1749103200,4200.80
1749106800,4203.96
1749110400,4181.83
1749114000,4225.75
1749117600,4182.32
1749121200,4184.60
1749124800,4149.52
1749128400,4161.53
1749132000,4208.81
1749135600,4232.97
1749139200,4309.18
1749142800,4290.18
1749146400,4299.83
1749150000,4282.37
1749153600,4276.11
1749157200,4283.20
1749160800,4311.53
1749164400,4286.85
1749168000,4293.20
1749171600,4257.64
1749175200,4261.25
1749178800,4310.26
1749182400,4368.09
1749186000,4379.79
1749189600,4355.80
1749193200,4397.39
1749196800,4402.03
1749200400,4371.47
1749204000,4294.93
1749207600,4249.03
1749211200,4251.82
1749214800,4272.43
1749218400,4271.02
1749222000,4326.04
1749225600,4368.38
1749229200,4337.84
1749232800,4352.72
1749236400,4298.65
1749240000,4251.79
1749243600,4280.42
1749247200,4284.40
1749250800,4293.92
1749254400,4286.13
1749258000,4304.72
1749261600,4323.24
1749265200,4333.60
1749268800,4311.79
1749272400,4258.35
1749276000,4318.57
1749279600,4291.60
1749283200,4327.33
1749286800,4309.08
1749290400,4325.33
1749294000,4347.04
1749297600,4379.32
1749301200,4390.81
1749304800,4419.58
1749308400,4469.90
1749312000,4468.42
1749315600,4486.33
1749319200,4507.07
1749322800,4566.42
1749326400,4617.65
1749330000,4599.54
1749333600,4598.86
1749337200,4582.83
1749340800,4622.08
1749344400,4707.96
1749348000,4707.43
1749351600,4741.54
1749355200,4733.93
1749358800,4675.02
1749362400,4741.14
1749366000,4763.40
1749369600,4810.44
1749373200,4816.65
1749376800,4826.41
1749380400,4813.16
1749384000,4830.94
1749387600,4796.95
1749391200,4797.79
1749394800,4835.16
1749398400,4824.75
1749402000,4838.25
1749405600,4905.87
1749409200,4915.28
1749412800,4852.65
1749416400,4901.32
1749420000,4857.14
1749423600,4860.13
1749427200,4859.25
1749430800,4889.83
1749434400,4868.53
1749438000,4801.73
1749441600,4710.70
1749445200,4658.13
1749448800,4665.42
1749452400,4625.40
1749456000,4688.96
1749459600,4658.43
1749463200,4594.74
1749466800,4611.68
1749470400,4629.25
1749474000,4632.68
1749477600,4669.76
1749481200,4661.62
1749484800,4615.72
1749488400,4602.95
1749492000,4577.76
1749495600,4555.10
1749499200,4501.88
1749502800,4480.78
1749506400,4438.17
1749510000,4389.38
1749513600,4421.59
1749517200,4326.35
1749520800,4333.51
1749524400,4347.55
1749528000,4360.84
1749531600,4399.56
1749535200,4421.94
1749538800,4411.54
1749542400,4447.57
1749546000,4483.94
1749549600,4523.63
1749553200,4580.47
1749556800,4534.00
1749560400,4535.19
1749564000,4510.67
1749567600,4509.86
1749571200,4515.89
1749574800,4571.30
1749578400,4562.84
1749582000,4686.10
1749585600,4676.05
1749589200,4680.55
1749592800,4682.46
1749596400,4724.33
1749600000,4696.22
1749603600,4624.26
1749607200,4733.19
1749610800,4737.25
1749614400,4654.80
1749618000,4654.89
1749621600,4759.27
1749625200,4779.52
1749628800,4767.88
1749632400,4722.33
1749636000,4712.16
1749639600,4691.99
1749643200,4683.38
1749646800,4734.67
1749650400,4779.47
1749654000,4797.82
1749657600,4869.98
1749661200,4841.52
1749664800,4904.77
1749668400,4932.31
1749672000,4907.74
1749675600,4964.66
1749679200,4975.53
1749682800,4967.92
1749686400,4946.40
1749690000,4879.88
1749693600,4864.94
1749697200,4908.01
1749700800,4855.82
1749704400,4846.32
1749708000,4853.32
1749711600,4821.34
1749715200,4835.63
1749718800,4875.65
1749722400,4931.24
1749726000,4885.11
1749729600,4842.62
1749733200,4894.25
1749736800,4921.15
1749740400,4881.34
1749744000,4839.27
1749747600,4883.74
1749751200,4891.64
1749754800,4977.95
1749758400,4985.13
1749762000,5000.45
1749765600,4979.76
1749769200,4983.20
1749772800,4925.65
1749776400,4935.82
1749780000,4858.56
1749783600,4899.22
1749787200,4924.82
1749790800,4930.64
1749794400,4912.40
1749798000,4879.66
1749801600,4838.39
1749805200,4837.05
1749808800,4818.74
1749812400,4859.72
1749816000,4821.72
1749819600,4839.47
1749823200,4883.91
1749826800,4877.17
1749830400,4860.66
1749834000,4953.74
1749837600,4958.68
1749841200,4954.04
1749844800,5013.02
1749848400,5013.51
1749852000,4988.49
1749855600,4914.38
1749859200,4968.23
1749862800,4937.17
1749866400,4911.94
1749870000,4902.76
1749873600,4889.97
1749877200,4982.64
1749880800,4949.81
1749884400,4951.03
1749888000,4916.57
1749891600,4909.65
1749895200,4963.11
1749898800,4994.24
1749902400,4981.30
1749906000,5074.57
1749909600,5066.97
1749913200,5111.15
1749916800,5116.41
1749920400,5097.13
1749924000,5167.43
1749927600,5130.20
1749931200,5119.84
1749934800,5140.30
1749938400,5071.11
1749942000,5068.80
1749945600,5051.63
1749949200,5090.24
1749952800,5088.80
1749956400,5107.36
1749960000,5139.77
1749963600,5111.18
1749967200,5085.85
1749970800,5072.08
1749974400,5111.92
1749978000,5134.06
1749981600,5264.65
1749985200,5299.92
1749988800,5230.33
1749992400,5236.91
1749996000,5293.92
1749999600,5280.55
1750003200,5269.79
1750006800,5306.50
1750010400,5310.52
1750014000,5352.63
1750017600,5311.35
1750021200,5308.70
1750024800,5308.97
1750028400,5373.37
1750032000,5338.47
1750035600,5306.51
1750039200,5377.95
1750042800,5470.08
1750046400,5463.06
1750050000,5479.54
1750053600,5445.00
1750057200,5432.77
1750060800,5427.57
1750064400,5394.69
1750068000,5338.68
1750071600,5340.33
1750075200,5347.37
1750078800,5334.01
1750082400,5293.80
1750086000,5380.89
1750089600,5461.05
1750093200,5441.55
1750096800,5455.63
1750100400,5462.25
1750104000,5410.53
1750107600,5533.48
1750111200,5454.15
1750114800,5453.00
1750118400,5414.34
1750122000,5423.03
1750125600,5449.11
1750129200,5473.90
1750132800,5461.26
1750136400,5428.37
1750140000,5449.91
1750143600,5448.94
1750147200,5453.32
1750150800,5465.18
1750154400,5428.41
1750158000,5417.43
1750161600,5404.47
1750165200,5340.02
1750168800,5360.58
1750172400,5337.29
1750176000,5313.02
1750179600,5272.26
1750183200,5290.49
1750186800,5319.32
1750190400,5275.79
1750194000,5351.32
1750197600,5317.81
1750201200,5318.79
1750204800,5238.78
1750208400,5253.21
1750212000,5139.06
1750215600,5110.85
1750219200,5108.10
1750222800,5054.81
1750226400,5112.40
1750230000,5074.58
1750233600,5044.16
1750237200,5010.68
1750240800,4962.67
1750244400,4966.31
1750248000,4962.87
1750251600,5034.08
1750255200,5018.54
1750258800,5035.98
1750262400,5066.10
1750266000,5117.32
1750269600,5102.05
1750273200,5117.03
1750276800,5114.28
1750280400,5110.21
1750284000,5208.54
1750287600,5160.99
1750291200,5216.98
1750294800,5252.96
1750298400,5185.99
1750302000,5180.09
1750305600,5171.46
1750309200,5149.35
1750312800,5107.98
1750316400,5065.88
1750320000,5102.40
1750323600,5112.53
1750327200,5111.85
1750330800,5198.78
1750334400,5149.10
1750338000,5124.64
1750341600,5151.88
1750345200,5145.16
1750348800,5098.85
1750352400,5098.88
1750356000,5188.00
1750359600,5111.38
1750363200,5131.29
1750366800,5138.54
1750370400,5224.98
1750374000,5244.29
1750377600,5188.21
1750381200,5225.09
1750384800,5183.01
1750388400,5154.98
1750392000,5156.35
1750395600,5181.59
1750399200,5182.33
1750402800,5155.81
1750406400,5174.85
1750410000,5289.98
1750413600,5276.86
1750417200,5264.45
1750420800,5266.54
1750424400,5284.77
1750428000,5287.31
1750431600,5281.87
1750435200,5265.15
1750438800,5230.26
1750442400,5250.71
1750446000,5383.82
1750449600,5454.86
1750453200,5452.58
1750456800,5408.46
1750460400,5335.88
1750464000,5312.34
1750467600,5328.67
1750471200,5331.97
1750474800,5397.12
1750478400,5402.02
1750482000,5504.09
1750485600,5501.26
1750489200,5484.36
1750492800,5527.22
1750496400,5545.39
1750500000,5502.29
1750503600,5550.61
1750507200,5477.91
1750510800,5463.64
1750514400,5427.43
1750518000,5469.71
1750521600,5492.83
1750525200,5559.56
1750528800,5552.93
1750532400,5564.65
1750536000,5575.74
1750539600,5563.48
1750543200,5610.72
1750546800,5593.18
1750550400,5603.08
1750554000,5528.35
1750557600,5501.87
1750561200,5530.25
1750564800,5499.58
1750568400,5510.89
1750572000,5463.50
1750575600,5478.10
1750579200,5399.70
1750582800,5478.98
1750586400,5466.45
1750590000,5467.50
1750593600,5473.09
1750597200,5587.02
1750600800,5556.61
1750604400,5617.46
1750608000,5500.49
1750611600,5581.33
1750615200,5596.95
1750618800,5634.12
1750622400,5621.38
1750626000,5667.30
1750629600,5658.63
1750633200,5669.41
1750636800,5640.33
1750640400,5631.88
1750644000,5593.30
1750647600,5555.47
1750651200,5592.23
1750654800,5702.94
1750658400,5618.99
1750662000,5677.37
1750665600,5619.82
1750669200,5658.51
1750672800,5666.50
1750676400,5701.07
1750680000,5676.39
1750683600,5651.94
1750687200,5607.00
1750690800,5639.21
1750694400,5625.09
1750698000,5589.97
1750701600,5591.41
1750705200,5674.69
1750708800,5650.32
1750712400,5638.60
1750716000,5717.26
1750719600,5753.00
1750723200,5757.09
1750726800,5767.56
1750730400,5714.32
1750734000,5707.76
1750737600,5605.59
1750741200,5595.10
1750744800,5577.69
1750748400,5561.37
1750752000,5610.39
1750755600,5667.53
1750759200,5693.25
1750762800,5697.98
1750766400,5767.04
1750770000,5769.24
1750773600,5720.25
1750777200,5698.63
1750780800,5734.18
1750784400,5740.67
1750788000,5747.14
1750791600,5769.60
1750795200,5710.97
1750798800,5695.70
1750802400,5712.72
1750806000,5623.31
1750809600,5574.25
1750813200,5548.93
1750816800,5563.78
1750820400,5570.05
1750824000,5612.61
1750827600,5591.05
1750831200,5602.01
1750834800,5677.63
1750838400,5751.87
1750842000,5708.88
1750845600,5758.63
1750849200,5776.29
1750852800,5747.67
1750856400,5732.98
1750860000,5740.47
1750863600,5743.01
1750867200,5764.66
1750870800,5766.80
1750874400,5774.26
1750878000,5760.73
1750881600,5734.95
1750885200,5631.51
1750888800,5659.57
1750892400,5630.20
1750896000,5630.62
1750899600,5561.95
1750903200,5608.07
1750906800,5534.90
1750910400,5475.95
1750914000,5473.49
1750917600,5436.79
1750921200,5458.52
1750924800,5465.87
1750928400,5485.04
1750932000,5442.36
1750935600,5488.66
1750939200,5552.28
1750942800,5605.49
1750946400,5557.16
1750950000,5521.02
1750953600,5475.70
1750957200,5482.91
1750960800,5540.65
1750964400,5554.28
1750968000,5536.61
1750971600,5525.90
1750975200,5463.57
1750978800,5513.00
1750982400,5494.85
1750986000,5455.81
1750989600,5517.09
1750993200,5530.33
1750996800,5536.69
1751000400,5517.14
1751004000,5591.14
1751007600,5601.17
1751011200,5653.85
1751014800,5651.37
1751018400,5626.09
1751022000,5626.98
1751025600,5661.36
1751029200,5622.39
1751032800,5673.01
1751036400,5620.10
1751040000,5699.59
1751043600,5682.54
1751047200,5724.41
1751050800,5738.29
1751054400,5713.59
1751058000,5666.26
1751061600,5684.14
1751065200,5721.97
1751068800,5626.35
1751072400,5686.80
1751076000,5645.69
1751079600,5564.90
1751083200,5570.86
1751086800,5577.58
1751090400,5638.43
1751094000,5649.31
1751097600,5691.50
1751101200,5769.84
1751104800,5702.12
1751108400,5731.71
1751112000,5782.61
1751115600,5761.10
1751119200,5729.80
1751122800,5725.93
1751126400,5688.03
1751130000,5656.10
1751133600,5601.92
1751137200,5645.10
1751140800,5756.48
1751144400,5651.49
1751148000,5692.86
1751151600,5640.32
1751155200,5608.93
1751158800,5597.15
1751162400,5678.40
1751166000,5656.25
1751169600,5704.89
1751173200,5787.78
1751176800,5775.54
1751180400,5829.90
1751184000,5855.02
1751187600,5838.06
1751191200,5929.99
1751194800,5952.56
1751198400,5964.56
1751202000,6014.34
1751205600,5982.81
1751209200,5985.91
1751212800,5912.23
1751216400,5948.89
1751220000,5996.30
1751223600,6008.00
1751227200,5986.68
1751230800,5893.66
1751234400,5956.79
1751238000,6010.35
1751241600,6061.20
1751245200,5953.56
1751248800,5871.71
1751252400,5935.75
1751256000,5922.79
1751259600,5893.52
1751263200,5862.26
1751266800,5794.12
1751270400,5703.39
1751274000,5767.05
1751277600,5837.14
1751281200,5882.32
1751284800,5820.83
1751288400,5899.18
1751292000,5954.68
1751295600,5914.11
1751299200,5871.67
1751302800,5854.38
1751306400,5847.41
1751310000,5737.58
1751313600,5753.72
1751317200,5732.65
1751320800,5735.04
1751324400,5782.43
1751328000,5835.73
1751331600,5921.79
1751335200,5951.40
1751338800,5878.51
1751342400,5903.86
1751346000,5846.19
1751349600,5881.77
1751353200,5981.84
1751356800,6043.07
1751360400,5998.47
1751364000,5955.40
1751367600,5941.37
1751371200,6052.51
1751374800,6111.38
1751378400,6042.99
1751382000,6092.65
1751385600,6040.69
1751389200,6008.12
1751392800,6043.86
1751396400,6056.29
1751400000,6056.07
1751403600,6080.34
1751407200,6026.27
1751410800,6072.93
1751414400,6052.93
1751418000,6124.50
1751421600,6079.32
1751425200,6097.40
1751428800,6191.89
1751432400,6180.60
1751436000,6087.41
1751439600,5989.54
1751443200,5946.58
1751446800,6006.86
1751450400,6010.58
1751454000,6015.75
1751457600,6049.35
1751461200,5997.49
1751464800,6016.05
1751468400,6045.75
1751472000,6019.83
1751475600,6045.34
1751479200,6001.48
1751482800,5992.87
1751486400,5941.76
1751490000,5985.54
1751493600,6020.81
1751497200,6049.16
1751500800,6095.65
1751504400,5993.78
1751508000,6042.56
1751511600,6060.97
1751515200,5992.81
1751518800,5957.45
1751522400,5907.02
1751526000,5868.68
1751529600,5896.62
1751533200,5878.77
1751536800,5960.32
1751540400,5900.72
1751544000,5924.37
1751547600,5965.69
1751551200,5955.29
1751554800,5879.36
1751558400,5888.16
1751562000,5877.79
1751565600,5855.71
1751569200,5871.38
1751572800,5870.47
1751576400,5893.23
1751580000,5844.21
1751583600,5833.67
1751587200,5806.54
1751590800,5829.43
1751594400,5831.74
1751598000,5771.82
1751601600,5773.03
1751605200,5706.23
1751608800,5692.91
1751612400,5649.63
1751616000,5566.30
1751619600,5590.95
1751623200,5615.47
1751626800,5649.87
1751630400,5630.03
1751634000,5583.47
1751637600,5592.54
1751641200,5581.16
1751644800,5621.39
1751648400,5599.74
1751652000,5597.24
1751655600,5543.99
1751659200,5570.64
1751662800,5555.17
1751666400,5516.68
1751670000,5562.61
1751673600,5572.74
1751677200,5558.11
1751680800,5540.78
1751684400,5547.11
1751688000,5505.85
1751691600,5520.03
1751695200,5561.91
1751698800,5502.06
1751702400,5477.47
1751706000,5499.18
1751709600,5573.58
1751713200,5551.86
1751716800,5570.03
1751720400,5572.63
1751724000,5580.36
1751727600,5590.06
1751731200,5512.25
1751734800,5626.52
1751738400,5598.46
1751742000,5540.43
1751745600,5510.64
1751749200,5513.96
1751752800,5524.36
1751756400,5611.68
1751760000,5590.49
1751763600,5594.01
1751767200,5609.63
1751770800,5742.29
1751774400,5805.10
1751778000,5720.69
1751781600,5710.95
1751785200,5645.68
1751788800,5624.02
1751792400,5600.31
1751796000,5601.41
1751799600,5596.53
1751803200,5587.79
1751806800,5576.90
1751810400,5560.79
1751814000,5477.14
1751817600,5495.59
1751821200,5561.51
1751824800,5582.74
1751828400,5610.74
1751832000,5684.09
1751835600,5644.08
1751839200,5609.75
1751842800,5631.89
1751846400,5544.82
1751850000,5545.58
1751853600,5551.48
1751857200,5572.46
1751860800,5562.10
1751864400,5484.63
1751868000,5512.32
1751871600,5557.97
1751875200,5545.99
1751878800,5504.98
1751882400,5498.22
1751886000,5429.52
1751889600,5439.80
1751893200,5430.27
1751896800,5382.20
1751900400,5318.16
1751904000,5354.88
1751907600,5276.68
1751911200,5287.42
1751914800,5250.46
1751918400,5250.61
1751922000,5266.02
1751925600,5325.18
1751929200,5298.77
1751932800,5329.40
1751936400,5326.95
1751940000,5322.97
1751943600,5256.85
1751947200,5229.01
1751950800,5292.39
1751954400,5281.72
1751958000,5313.08
1751961600,5290.11
1751965200,5282.96
1751968800,5302.92
1751972400,5327.69
1751976000,5303.29
1751979600,5297.83
1751983200,5223.28
1751986800,5257.99
1751990400,5253.07
1751994000,5253.62
1751997600,5312.90
1752001200,5344.59
1752004800,5372.90
1752008400,5412.45
1752012000,5389.41
1752015600,5430.93
1752019200,5440.73
1752022800,5292.75
1752026400,5302.87
1752030000,5280.33
1752033600,5296.96
1752037200,5390.53
1752040800,5353.15
1752044400,5451.73
1752048000,5513.04
1752051600,5576.67
1752055200,5562.97
1752058800,5510.70
1752062400,5523.94
1752066000,5553.21
1752069600,5526.52
1752073200,5507.25
1752076800,5454.08
1752080400,5447.48
1752084000,5516.71
1752087600,5511.93
1752091200,5484.36
1752094800,5543.73
1752098400,5544.50
1752102000,5578.21
1752105600,5529.58
1752109200,5534.42
1752112800,5553.03
1752116400,5538.78
1752120000,5471.04
1752123600,5517.59
1752127200,5530.52
1752130800,5584.53
1752134400,5593.38
1752138000,5525.51
1752141600,5566.07
1752145200,5552.18
1752148800,5554.24
1752152400,5449.23
1752156000,5422.26
1752159600,5420.70
1752163200,5339.29
1752166800,5283.35
1752170400,5309.27
1752174000,5347.56
1752177600,5358.73
1752181200,5314.85
1752184800,5366.59
1752188400,5333.68
1752192000,5358.51
1752195600,5368.98
1752199200,5392.86
1752202800,5373.50
1752206400,5404.91
1752210000,5389.94
1752213600,5390.15
1752217200,5428.16
1752220800,5422.93
1752224400,5380.40
1752228000,5352.64
1752231600,5368.89
1752235200,5311.99
1752238800,5314.95
1752242400,5294.65
1752246000,5280.16
1752249600,5217.49
1752253200,5243.49
1752256800,5189.23
1752260400,5174.39
1752264000,5258.20
1752267600,5253.95
1752271200,5274.77
1752274800,5287.67
1752278400,5247.27
1752282000,5161.00
1752285600,5177.20
1752289200,5197.11
1752292800,5156.49
1752296400,5182.16
1752300000,5217.68
1752303600,5251.73
1752307200,5174.93
1752310800,5156.88
1752314400,5195.14
1752318000,5140.13
1752321600,5103.61
1752325200,5115.84
1752328800,5061.07
1752332400,5111.62
1752336000,5143.62
1752339600,5132.00
1752343200,5106.51
1752346800,5088.29
1752350400,5154.24
1752354000,5232.82
1752357600,5211.09
1752361200,5269.06
1752364800,5283.85
1752368400,5291.99
1752372000,5266.43
1752375600,5258.44
1752379200,5267.17
1752382800,5253.57
1752386400,5228.81
1752390000,5122.21
1752393600,5161.43
1752397200,5179.72
1752400800,5126.51
1752404400,5111.63
1752408000,5161.26
1752411600,5210.13
1752415200,5142.76
1752418800,5258.14
1752422400,5281.43
1752426000,5258.61
1752429600,5295.30
1752433200,5204.22
1752436800,5146.74
1752440400,5064.15
1752444000,5136.02
1752447600,5189.04
1752451200,5088.74
1752454800,5094.00
1752458400,5044.42
1752462000,5021.29
1752465600,5041.19
1752469200,4974.47
1752472800,5024.93
1752476400,4981.30
1752480000,4935.31
1752483600,4914.19
1752487200,4904.37
1752490800,4859.67
1752494400,4888.39
1752498000,4902.68
1752501600,4879.11
1752505200,4868.16
1752508800,4894.45
1752512400,4922.24
1752516000,4891.23
1752519600,4894.78
1752523200,4845.78
1752526800,4865.79
1752530400,4896.37
1752534000,4918.58
1752537600,4907.76
1752541200,4862.25
1752544800,4877.99
1752548400,4881.58
1752552000,4859.93
1752555600,4848.73
1752559200,4912.49
1752562800,4914.80
1752566400,4927.93
1752570000,4953.33
1752573600,5001.63
1752577200,5013.44
1752580800,5014.09
1752584400,5037.89
1752588000,5004.77
1752591600,4989.28
1752595200,4941.44
1752598800,4923.42
1752602400,4895.79
1752606000,4818.46
1752609600,4818.17
1752613200,4799.56
1752616800,4881.75
1752620400,4831.37
1752624000,4753.68
1752627600,4730.43
1752631200,4732.98
1752634800,4732.25
1752638400,4779.22
1752642000,4738.22
1752645600,4704.16
1752649200,4752.15
1752652800,4774.68
1752656400,4789.61
1752660000,4837.48
1752663600,4874.15
1752667200,4822.17
1752670800,4850.06
1752674400,4822.23
1752678000,4851.88
1752681600,4846.31
1752685200,4849.44
1752688800,4854.79
1752692400,4787.86
1752696000,4768.64
1752699600,4793.73
1752703200,4819.12
1752706800,4883.53
1752710400,4826.77
1752714000,4770.16
1752717600,4806.89
1752721200,4770.28
1752724800,4798.76
1752728400,4774.45
1752732000,4803.64
1752735600,4809.25
1752739200,4840.94
1752742800,4802.20
1752746400,4867.67
1752750000,4852.50
1752753600,4853.69
1752757200,4886.09
1752760800,4908.53
1752764400,4912.71
1752768000,4898.42
1752771600,4933.95
1752775200,5001.42
1752778800,5008.95
1752782400,4952.71
1752786000,4978.38
1752789600,4976.19
1752793200,4979.25
1752796800,5020.89
1752800400,4975.45
1752804000,4939.29
1752807600,4977.32
1752811200,4952.61
1752814800,4916.35
1752818400,4971.31
1752822000,5021.57
1752825600,5018.66
1752829200,4978.31
1752832800,4918.74
1752836400,4936.54
1752840000,4929.97
1752843600,4981.16
1752847200,4992.21
1752850800,5007.50
1752854400,4971.17
1752858000,4949.25
1752861600,5028.45
1752865200,4973.12
1752868800,4972.42
1752872400,5025.99
1752876000,5014.61
1752879600,4969.65
1752883200,4968.61
1752886800,4964.49
1752890400,4931.00
1752894000,4862.35
1752897600,4856.36
1752901200,4859.31
1752904800,4893.26
1752908400,4882.62
1752912000,4841.73
1752915600,4845.30
1752919200,4813.10
1752922800,4767.82
1752926400,4797.36
1752930000,4761.41
1752933600,4830.78
1752937200,4824.66
1752940800,4827.94
1752944400,4863.80
1752948000,4842.20
1752951600,4836.70
1752955200,4847.85
1752958800,4826.65
1752962400,4899.02
1752966000,4908.10
1752969600,4955.98
1752973200,4925.69
1752976800,4909.98
1752980400,4930.18
1752984000,4995.99
1752987600,5035.27
1752991200,5033.54
1752994800,5046.55
1752998400,5065.25
1753002000,5123.61
1753005600,5100.31
1753009200,5100.73
1753012800,5127.88
1753016400,5131.44
1753020000,5082.98
1753023600,5137.66
1753027200,5165.30
1753030800,5244.03
1753034400,5260.99
1753038000,5184.15
1753041600,5188.39
1753045200,5206.56
1753048800,5265.01
1753052400,5264.23
1753056000,5280.44
1753059600,5314.81
1753063200,5266.84
1753066800,5291.94
1753070400,5231.09
1753074000,5245.31
1753077600,5258.59
1753081200,5279.74
1753084800,5235.05
1753088400,5244.54
1753092000,5293.00
1753095600,5299.40
1753099200,5254.50
1753102800,5297.82
1753106400,5283.77
1753110000,5323.22
1753113600,5318.96
1753117200,5249.21
1753120800,5255.75
1753124400,5239.02
1753128000,5219.03
1753131600,5288.47
1753135200,5234.04
1753138800,5186.29
1753142400,5147.13
1753146000,5118.62
1753149600,5141.55
1753153200,5145.48
1753156800,5156.98
1753160400,5114.82
1753164000,5043.83
1753167600,5038.53
1753171200,4926.90
1753174800,4911.72
1753178400,4856.47
1753182000,4806.95
1753185600,4862.38
1753189200,4882.07
1753192800,4924.62
1753196400,4953.51
1753200000,4943.70
1753203600,4986.69
1753207200,4991.72
1753210800,4979.82
1753214400,4939.26
1753218000,4873.30
1753221600,4863.95
1753225200,4914.98
1753228800,4938.36
1753232400,4870.27
1753236000,4878.10
1753239600,4878.87
1753243200,4852.59
1753246800,4811.48
1753250400,4814.63
1753254000,4820.94
1753257600,4752.73
1753261200,4761.22
1753264800,4813.85
1753268400,4874.83
1753272000,4752.75
1753275600,4767.55
1753279200,4787.52
1753282800,4769.97
1753286400,4762.56
1753290000,4734.26
1753293600,4707.80
1753297200,4655.88
1753300800,4660.14
1753304400,4738.54
1753308000,4716.88
1753311600,4675.94
1753315200,4684.41
1753318800,4701.09
1753322400,4716.39
1753326000,4763.10
1753329600,4829.88
1753333200,4875.50
1753336800,4967.46
1753340400,4906.10
1753344000,4910.31
1753347600,4914.50
1753351200,4933.46
1753354800,4942.48
1753358400,4985.44
1753362000,5010.61
1753365600,5076.89
1753369200,5118.13
1753372800,5104.74
1753376400,5105.07
1753380000,5095.67
1753383600,5090.20
1753387200,5080.47
1753390800,5054.95
1753394400,5076.28
1753398000,5039.61
1753401600,5099.22
1753405200,5176.80
1753408800,5192.53
1753412400,5230.00
1753416000,5203.13
1753419600,5188.55
1753423200,5139.40
1753426800,5158.89
1753430400,5124.93
1753434000,5086.45
1753437600,5071.62
1753441200,5134.95
1753444800,5176.19
1753448400,5164.92
1753452000,5138.89
1753455600,5130.91
1753459200,5098.14
1753462800,5006.00
1753466400,5036.69
1753470000,5102.85
1753473600,5059.81
1753477200,5035.04
1753480800,5016.68
1753484400,4994.43
1753488000,5022.27
1753491600,5023.51
1753495200,5019.51
1753498800,5054.97
1753502400,5060.36
1753506000,5145.88
1753509600,5169.00
1753513200,5127.73
1753516800,5172.18
1753520400,5196.68
1753524000,5170.88
1753527600,5198.82
1753531200,5163.26
1753534800,5133.76
1753538400,5176.89
1753542000,5185.77
1753545600,5147.97
1753549200,5136.07
1753552800,5125.02
1753556400,5208.09
1753560000,5212.10
1753563600,5155.92
1753567200,5183.41
1753570800,5200.61
1753574400,5229.21
1753578000,5281.08
1753581600,5315.43
1753585200,5283.65
1753588800,5318.42
1753592400,5353.27
1753596000,5398.61
1753599600,5447.65
1753603200,5409.40
1753606800,5408.42
1753610400,5449.58
1753614000,5397.93
1753617600,5363.67
1753621200,5374.14
1753624800,5407.34
1753628400,5375.01
1753632000,5344.69
1753635600,5339.35
1753639200,5356.97
1753642800,5374.97
1753646400,5405.27
1753650000,5415.56
1753653600,5429.87
1753657200,5386.01
1753660800,5423.58
1753664400,5459.52
1753668000,5496.91
1753671600,5418.04
1753675200,5442.17
1753678800,5354.11
1753682400,5340.27
1753686000,5394.44
1753689600,5445.26
1753693200,5545.94
1753696800,5509.82
1753700400,5515.76
1753704000,5505.84
1753707600,5496.22
1753711200,5538.50
1753714800,5546.40
1753718400,5516.59
1753722000,5556.10
1753725600,5592.59
1753729200,5606.12
1753732800,5624.71
1753736400,5666.70
1753740000,5650.47
1753743600,5654.84
1753747200,5567.81
1753750800,5589.05
1753754400,5608.82
1753758000,5614.87
1753761600,5593.79
1753765200,5520.71
1753768800,5506.51
1753772400,5466.95
1753776000,5495.80
1753779600,5477.08
1753783200,5510.96
1753786800,5500.54
1753790400,5476.92
1753794000,5469.58
1753797600,5491.46
1753801200,5410.42
1753804800,5427.23
1753808400,5447.36
1753812000,5452.37
1753815600,5410.88
1753819200,5412.30
1753822800,5397.30
1753826400,5432.52
1753830000,5419.81
1753833600,5331.13
1753837200,5372.10
1753840800,5371.03
1753844400,5334.24
1753848000,5383.12
1753851600,5378.45
1753855200,5461.15
1753858800,5501.50
1753862400,5477.00
1753866000,5422.57
1753869600,5440.03
1753873200,5470.98
1753876800,5393.76
1753880400,5413.01
1753884000,5479.61
1753887600,5483.61
1753891200,5475.70
1753894800,5492.98
1753898400,5535.11
1753902000,5513.29
1753905600,5521.97
1753909200,5522.45
1753912800,5545.65
1753916400,5512.13
1753920000,5468.48
1753923600,5437.21
1753927200,5421.69
1753930800,5369.36
1753934400,5374.11
1753938000,5364.64
1753941600,5345.76
1753945200,5278.64
1753948800,5220.08
1753952400,5199.56
1753956000,5229.60
1753959600,5140.96
1753963200,5171.09
1753966800,5217.48
1753970400,5259.40
1753974000,5320.92
1753977600,5317.30
1753981200,5319.01
1753984800,5351.23
1753988400,5342.78
1753992000,5301.88
1753995600,5254.06
1753999200,5328.86
1754002800,5318.15
1754006400,5267.68
1754010000,5254.61
1754013600,5226.57
1754017200,5230.57
1754020800,5274.67
1754024400,5304.50
1754028000,5208.39
1754031600,5249.89
1754035200,5238.74
1754038800,5195.48
1754042400,5180.75
1754046000,5146.37
1754049600,5115.66
1754053200,5137.29
1754056800,5150.87
1754060400,5127.80
1754064000,5201.58
1754067600,5213.10
1754071200,5214.33
1754074800,5220.81
1754078400,5154.04
1754082000,5224.84
1754085600,5134.60
1754089200,5169.56
1754092800,5159.85
1754096400,5207.07
1754100000,5208.61
1754103600,5167.01
1754107200,5133.78
1754110800,5071.91
1754114400,5044.12
1754118000,4941.20
1754121600,4936.78
1754125200,4927.95
1754128800,4862.03
1754132400,4898.86
1754136000,4907.87
1754139600,4877.52
1754143200,4857.51
1754146800,4856.17
1754150400,4857.43
1754154000,4853.63
1754157600,4851.66
1754161200,4895.05
1754164800,4938.85
1754168400,4924.82
1754172000,4897.86
1754175600,4943.46
1754179200,4936.43
1754182800,4958.52
1754186400,5002.90
1754190000,4979.99
1754193600,4930.32
1754197200,4901.10
1754200800,4883.71
1754204400,4941.56
1754208000,4952.04
1754211600,5006.04
1754215200,5038.24
1754218800,5067.72
1754222400,5079.91
1754226000,5048.53
1754229600,5081.55
1754233200,5089.48
1754236800,5119.76
1754240400,5086.77
1754244000,5113.93
1754247600,5147.74
1754251200,5070.06
1754254800,5070.60
1754258400,5048.17
1754262000,5040.56
1754265600,4999.61
1754269200,5043.29
1754272800,5060.81
1754276400,5069.39
1754280000,5111.18
1754283600,5131.07
1754287200,5217.62
1754290800,5140.66
1754294400,5097.14
1754298000,5054.64
1754301600,5051.08
1754305200,5086.66
1754308800,5098.44
1754312400,5085.07
1754316000,5119.93
1754319600,5108.69
1754323200,5080.26
1754326800,5076.41
1754330400,5121.55
1754334000,5107.61
1754337600,5142.65
1754341200,5128.49
1754344800,5197.78
1754348400,5188.43
1754352000,5166.69
1754355600,5163.19
1754359200,5204.00
1754362800,5190.33
1754366400,5189.13
1754370000,5164.90
1754373600,5198.86
1754377200,5227.93
1754380800,5252.14
1754384400,5239.17
1754388000,5249.09
1754391600,5188.60
1754395200,5125.00
1754398800,5089.24
1754402400,5155.29
1754406000,5141.39
1754409600,5191.44
1754413200,5140.88
1754416800,5123.55
1754420400,5034.83
1754424000,5022.00
1754427600,5032.60
1754431200,4976.56
1754434800,4945.84
1754438400,4989.22
1754442000,4958.91
1754445600,5027.67
1754449200,5081.89
1754452800,5007.55
1754456400,5011.44
1754460000,4957.08
1754463600,4929.37
1754467200,5001.56
1754470800,4986.46
1754474400,4974.51
1754478000,4948.42
1754481600,4943.99
1754485200,4981.12
1754488800,4959.39
1754492400,4920.31
1754496000,4958.06
1754499600,4962.25
1754503200,4976.39
1754506800,5015.97
1754510400,4984.48
1754514000,5000.18
1754517600,4986.20
1754521200,4881.85
1754524800,4853.12
1754528400,4846.00
1754532000,4883.41
1754535600,4905.85
1754539200,4865.43
1754542800,4907.32
1754546400,4833.64
1754550000,4891.11
1754553600,4837.53
1754557200,4848.99
1754560800,4766.78
1754564400,4752.15
1754568000,4724.56
1754571600,4743.88
1754575200,4759.62
1754578800,4750.21
1754582400,4809.29
1754586000,4795.98
1754589600,4820.83
1754593200,4779.31
1754596800,4783.91
1754600400,4764.17
1754604000,4770.92
1754607600,4742.01
1754611200,4673.67
1754614800,4681.88
1754618400,4708.56
1754622000,4717.44
1754625600,4690.00
1754629200,4678.77
1754632800,4688.29
1754636400,4616.84
1754640000,4601.07
1754643600,4590.91
1754647200,4600.64
1754650800,4589.60
1754654400,4573.95
1754658000,4613.01
1754661600,4580.55
1754665200,4579.63
1754668800,4626.42
1754672400,4663.13
1754676000,4677.98
1754679600,4692.16
1754683200,4669.90
1754686800,4704.98
1754690400,4712.85
1754694000,4740.91
1754697600,4755.30
1754701200,4733.74
1754704800,4690.98
1754708400,4677.21
1754712000,4713.87
1754715600,4689.53
1754719200,4724.37
1754722800,4716.73
1754726400,4683.46
1754730000,4631.49
1754733600,4620.46
1754737200,4667.80
1754740800,4679.76
1754744400,4689.43
1754748000,4702.90
1754751600,4743.15
1754755200,4755.27
1754758800,4757.28
1754762400,4783.20
1754766000,4859.53
1754769600,4863.26
1754773200,4820.95
1754776800,4818.91
1754780400,4830.92
1754784000,4813.76
1754787600,4841.88
1754791200,4831.70
1754794800,4852.00
1754798400,4805.31
1754802000,4763.53
1754805600,4768.56
1754809200,4799.91
1754812800,4816.27
1754816400,4904.72
1754820000,4867.62
1754823600,4892.57
1754827200,4863.52
1754830800,4839.86
1754834400,4838.16
1754838000,4801.70
1754841600,4778.28
1754845200,4780.57
1754848800,4742.16
1754852400,4751.74
1754856000,4764.46
1754859600,4759.76
1754863200,4794.85
1754866800,4770.94
1754870400,4784.12
1754874000,4778.71
1754877600,4859.34
1754881200,4857.82
1754884800,4840.78
1754888400,4873.92
1754892000,4817.42
1754895600,4831.23
1754899200,4812.48
1754902800,4796.89
1754906400,4710.79
1754910000,4747.27
1754913600,4707.03
1754917200,4659.34
1754920800,4602.03
1754924400,4608.00
1754928000,4585.79
1754931600,4561.49
1754935200,4554.59
1754938800,4551.39
1754942400,4587.68
1754946000,4565.56
1754949600,4533.41
1754953200,4482.07
1754956800,4579.87
1754960400,4581.33
1754964000,4568.79
1754967600,4621.36
1754971200,4620.55
1754974800,4618.28
1754978400,4656.19
1754982000,4602.23
1754985600,4598.06
1754989200,4592.10
1754992800,4539.79
1754996400,4537.64
1755000000,4544.57
1755003600,4549.79
1755007200,4535.30
1755010800,4503.33
1755014400,4508.72
1755018000,4513.26
1755021600,4504.96
1755025200,4522.90
1755028800,4520.57
1755032400,4577.75
1755036000,4596.08
1755039600,4586.25
1755043200,4567.91
1755046800,4639.73
1755050400,4617.00
1755054000,4659.95
1755057600,4695.54
1755061200,4695.48
1755064800,4678.46
1755068400,4646.42
1755072000,4588.13
1755075600,4575.36
1755079200,4525.32
1755082800,4585.32
1755086400,4537.84
1755090000,4545.86
1755093600,4543.34
1755097200,4518.58
1755100800,4503.26
1755104400,4428.63
1755108000,4410.80
1755111600,4407.74
1755115200,4443.70
1755118800,4469.73
1755122400,4465.72
1755126000,4414.91
1755129600,4372.61
1755133200,4353.89
1755136800,4364.87
1755140400,4357.53
1755144000,4345.28
1755147600,4380.34
1755151200,4364.25
1755154800,4353.83
1755158400,4351.65
1755162000,4388.20
1755165600,4383.28
1755169200,4322.04
1755172800,4308.70
1755176400,4330.72
1755180000,4365.96
1755183600,4386.23
1755187200,4369.39
1755190800,4360.49
1755194400,4341.86
1755198000,4261.75
1755201600,4275.77
1755205200,4289.47
1755208800,4223.24
1755212400,4250.34
1755216000,4281.59
1755219600,4317.76
1755223200,4326.99
1755226800,4367.12
1755230400,4385.43
1755234000,4399.19
1755237600,4324.14
1755241200,4344.54
1755244800,4410.14
1755248400,4445.98
1755252000,4448.93
1755255600,4431.86
1755259200,4402.51
1755262800,4356.18
1755266400,4379.26
1755270000,4383.94
1755273600,4395.22
1755277200,4415.28
1755280800,4432.47
1755284400,4441.88
1755288000,4441.28
1755291600,4457.39
1755295200,4478.51
1755298800,4460.77
1755302400,4498.84
1755306000,4421.93
1755309600,4438.23
1755313200,4433.00
1755316800,4417.05
1755320400,4415.75
1755324000,4440.06
1755327600,4451.90
1755331200,4459.42
1755334800,4509.44
1755338400,4495.18
1755342000,4562.04
1755345600,4634.27
1755349200,4547.50
1755352800,4537.00
1755356400,4551.27
1755360000,4499.50
1755363600,4466.59
1755367200,4440.11
1755370800,4430.86
1755374400,4400.65
1755378000,4465.62
1755381600,4460.18
1755385200,4395.00
1755388800,4418.37
1755392400,4352.48
1755396000,4366.21
1755399600,4398.62
1755403200,4386.88
1755406800,4395.69
1755410400,4432.62
1755414000,4455.17
1755417600,4462.86
1755421200,4408.45
1755424800,4432.41
1755428400,4461.49
1755432000,4463.10
1755435600,4500.55
1755439200,4529.43
1755442800,4569.10
1755446400,4593.49
1755450000,4667.32
1755453600,4607.91
1755457200,4540.09
1755460800,4438.06
1755464400,4426.65
1755468000,4434.92
1755471600,4492.88
1755475200,4512.59
1755478800,4503.62
1755482400,4494.34
1755486000,4510.79
1755489600,4498.43
1755493200,4558.22
1755496800,4528.41
1755500400,4527.99
1755504000,4583.89
1755507600,4567.76
1755511200,4570.04
1755514800,4553.01
1755518400,4555.08
1755522000,4532.46
1755525600,4545.58
1755529200,4477.01
1755532800,4494.51
1755536400,4566.30
1755540000,4578.68
1755543600,4639.06
1755547200,4586.86
1755550800,4574.92
1755554400,4594.39
1755558000,4662.23
1755561600,4649.02
1755565200,4637.31
1755568800,4700.36
1755572400,4781.06
1755576000,4692.55
1755579600,4725.82
1755583200,4772.29
1755586800,4813.41
1755590400,4692.86
1755594000,4740.83
1755597600,4711.89
1755601200,4804.55
1755604800,4829.65
1755608400,4860.10
1755612000,4897.97
1755615600,4925.31
1755619200,4878.36
1755622800,4872.48
1755626400,4927.92
1755630000,4960.52
1755633600,5043.84
1755637200,4995.39
1755640800,5026.95
1755644400,5053.01
1755648000,5128.69
1755651600,5213.59
1755655200,5206.03
1755658800,5249.85
1755662400,5202.85
1755666000,5227.03
1755669600,5223.33
1755673200,5248.93
1755676800,5221.56
1755680400,5144.67
1755684000,5093.56
1755687600,5070.20
1755691200,5118.62
1755694800,5055.15
1755698400,5006.77
1755702000,5024.82
1755705600,5076.70
1755709200,5060.89
1755712800,5037.58
1755716400,5021.22
1755720000,4959.94
1755723600,4945.20
1755727200,4930.05
1755730800,4975.51
1755734400,5072.43
1755738000,5094.24
1755741600,5054.70
1755745200,5061.54
1755748800,5065.03
1755752400,5110.62
1755756000,5116.82
1755759600,5079.97
1755763200,5092.64
1755766800,5003.39
1755770400,5060.84
1755774000,5016.19
1755777600,4976.03
1755781200,5014.02
1755784800,5061.18
1755788400,5019.79
1755792000,5034.22
1755795600,4983.61
1755799200,4975.06
1755802800,4989.89
1755806400,5030.88
1755810000,5075.23
1755813600,5040.34
1755817200,5040.94
1755820800,4992.88
1755824400,4955.25
1755828000,4963.02
1755831600,4978.95
1755835200,5014.08
1755838800,4983.14
1755842400,5015.00
1755846000,4956.99
1755849600,4995.56
1755853200,5016.40
1755856800,4953.12
1755860400,4951.97
1755864000,4965.89
1755867600,4997.56
1755871200,4986.39
1755874800,4987.47
1755878400,4958.47
1755882000,4986.73
1755885600,4952.27
1755889200,4983.82
1755892800,4994.18
1755896400,5036.80
1755900000,5074.06
1755903600,5028.80
1755907200,5088.10
1755910800,5138.30
1755914400,5187.12
1755918000,5218.18
1755921600,5256.86
1755925200,5273.24
1755928800,5270.79
1755932400,5217.99
1755936000,5209.28
1755939600,5245.99
1755943200,5238.76
1755946800,5271.66
1755950400,5275.10
1755954000,5280.06
1755957600,5290.87
1755961200,5277.61
1755964800,5240.99
1755968400,5211.65
1755972000,5241.47
1755975600,5261.88
1755979200,5215.68
1755982800,5240.14
1755986400,5247.54
1755990000,5202.03
1755993600,5153.26
1755997200,5080.97
1756000800,5067.52
1756004400,5024.81
1756008000,5021.46
1756011600,5001.39
1756015200,5006.95
1756018800,5038.07
1756022400,4962.94
1756026000,4999.02
1756029600,4972.74
1756033200,4939.31
1756036800,4945.12
1756040400,4932.65
1756044000,4981.62
1756047600,5007.85
1756051200,5086.12
1756054800,5112.53
1756058400,5144.41
1756062000,5118.51
1756065600,5117.79
1756069200,5118.05
1756072800,5056.81
1756076400,5093.73
1756080000,5116.97
1756083600,5103.32
1756087200,5122.12
1756090800,5124.94
1756094400,5085.17
1756098000,5049.59
1756101600,4983.92
1756105200,5087.69
1756108800,5055.57
1756112400,5073.30
1756116000,5110.74
1756119600,5095.58
1756123200,5040.10
1756126800,5035.89
1756130400,5055.72
1756134000,5115.08
1756137600,5162.50
1756141200,5203.43
1756144800,5195.14
1756148400,5251.09
1756152000,5281.82
1756155600,5218.92
1756159200,5297.49
1756162800,5309.42
1756166400,5353.43
1756170000,5401.35
1756173600,5383.48
1756177200,5322.56
1756180800,5400.71
1756184400,5445.55
1756188000,5507.91
1756191600,5480.70
1756195200,5445.00
1756198800,5449.90
1756202400,5465.20
1756206000,5491.89
1756209600,5436.31
1756213200,5351.17
1756216800,5349.80
1756220400,5339.41
1756224000,5369.12
1756227600,5467.74
1756231200,5426.65
1756234800,5372.41
1756238400,5420.58
1756242000,5440.62
1756245600,5485.36
1756249200,5494.04
1756252800,5493.16
1756256400,5544.71
1756260000,5577.77
1756263600,5582.39
1756267200,5643.49
1756270800,5636.31
1756274400,5643.94
1756278000,5569.75
1756281600,5657.25
1756285200,5614.05
1756288800,5628.02
1756292400,5681.65
1756296000,5606.32
1756299600,5671.42
1756303200,5615.21
1756306800,5715.39
1756310400,5768.22
1756314000,5835.64
1756317600,5854.56
1756321200,5760.49
1756324800,5773.66
1756328400,5682.49
1756332000,5656.72
1756335600,5705.37
1756339200,5736.37
1756342800,5750.02
1756346400,5726.75
1756350000,5692.13
1756353600,5672.00
1756357200,5593.44
1756360800,5608.29
1756364400,5640.34
1756368000,5636.65
1756371600,5629.35
1756375200,5558.48
1756378800,5576.49
1756382400,5539.30
1756386000,5579.63
1756389600,5576.47
1756393200,5563.96
1756396800,5576.67
1756400400,5588.97
1756404000,5593.50
1756407600,5565.99
1756411200,5537.42
1756414800,5596.08
1756418400,5584.58
1756422000,5584.28
1756425600,5610.64
1756429200,5586.56
1756432800,5560.75
1756436400,5500.68
1756440000,5562.99
1756443600,5571.01
1756447200,5618.75
1756450800,5635.76
1756454400,5616.56
1756458000,5576.21
1756461600,5543.02
1756465200,5465.70
1756468800,5435.43
1756472400,5429.93
1756476000,5430.21
1756479600,5468.85
1756483200,5475.64
1756486800,5440.52
1756490400,5420.27
1756494000,5446.88
1756497600,5449.96
1756501200,5457.79
1756504800,5451.78
1756508400,5456.97
1756512000,5562.29
1756515600,5584.44
1756519200,5625.67
1756522800,5566.96
1756526400,5524.65
1756530000,5567.04
1756533600,5608.66
1756537200,5616.48
1756540800,5631.06
1756544400,5628.36
1756548000,5680.37
1756551600,5697.19
1756555200,5742.04
1756558800,5747.73
1756562400,5724.52
1756566000,5656.31
1756569600,5674.30
1756573200,5709.09
1756576800,5763.78
1756580400,5814.14
1756584000,5851.79
1756587600,5876.12
1756591200,5880.62
1756594800,5868.79
1756598400,5946.72
1756602000,5880.52
1756605600,5911.35
1756609200,5921.11
1756612800,5926.22
1756616400,5865.24
1756620000,5910.41
1756623600,5894.96
1756627200,5908.37
1756630800,5918.07
1756634400,5884.29
1756638000,5863.93
1756641600,5842.48
1756645200,5880.33
1756648800,5856.45
1756652400,5868.47
1756656000,5870.22
1756659600,5817.33
1756663200,5750.36
1756666800,5759.73
1756670400,5822.09
1756674000,5826.21
1756677600,5887.03
1756681200,5937.35
1756684800,5916.29
1756688400,5882.73
1756692000,5978.64
1756695600,5957.87
1756699200,5985.22
1756702800,5914.05
1756706400,5936.53
1756710000,5951.32
1756713600,5998.10
1756717200,5990.72
1756720800,6007.27
1756724400,5949.08
1756728000,5882.07
1756731600,5910.99
1756735200,5836.10
1756738800,5913.93
1756742400,5853.01
1756746000,5856.27
1756749600,5860.81
1756753200,5920.85
1756756800,5944.93
1756760400,6038.49
1756764000,6036.58
1756767600,6048.68
1756771200,6015.70
1756774800,6089.73
1756778400,6150.10
1756782000,6189.38
1756785600,6159.13
1756789200,6110.81
1756792800,6115.13
1756796400,6232.30
1756800000,6278.73
1756803600,6301.09
1756807200,6366.42
1756810800,6370.55
1756814400,6476.07
1756818000,6396.95
1756821600,6358.76
1756825200,6396.65
1756828800,6439.06
1756832400,6527.32
1756836000,6440.62
1756839600,6506.78
1756843200,6473.87
1756846800,6427.77
1756850400,6416.30
1756854000,6442.37
1756857600,6452.26
1756861200,6515.34
1756864800,6433.93
1756868400,6453.82
1756872000,6455.74
1756875600,6484.77
1756879200,6427.23
1756882800,6467.84
1756886400,6376.28
1756890000,6440.28
1756893600,6476.73
1756897200,6467.50
1756900800,6456.22
1756904400,6454.06
1756908000,6449.59
1756911600,6416.81
1756915200,6414.88
1756918800,6470.56
1756922400,6501.01
1756926000,6523.17
1756929600,6481.68
1756933200,6453.48
1756936800,6558.59
1756940400,6449.52
1756944000,6443.16
1756947600,6391.66
1756951200,6387.55
1756954800,6383.57
1756958400,6416.68
1756962000,6462.33
1756965600,6435.78
1756969200,6417.77
1756972800,6382.20
1756976400,6333.48
1756980000,6304.02
1756983600,6328.84
1756987200,6252.60
1756990800,6326.10
1756994400,6377.48
1756998000,6401.30
1757001600,6471.09
1757005200,6566.75
1757008800,6595.47
1757012400,6610.95
1757016000,6636.40
1757019600,6611.19
1757023200,6573.72
1757026800,6417.46
1757030400,6489.03
1757034000,6543.23
1757037600,6548.59
1757041200,6554.93
1757044800,6576.15
1757048400,6576.35
1757052000,6568.24
1757055600,6599.22
1757059200,6689.48
1757062800,6705.57
1757066400,6732.59
1757070000,6822.73
1757073600,6839.82
1757077200,6911.12
1757080800,6840.07
1757084400,6881.62
1757088000,6857.31
1757091600,6910.79
1757095200,6995.28
1757098800,7053.40
1757102400,7068.72
1757106000,7023.47
1757109600,7030.43
1757113200,7064.48
1757116800,7064.80
1757120400,7095.96
1757124000,7247.85
1757127600,7174.10
1757131200,7168.69
1757134800,7100.55
1757138400,7099.59
1757142000,7032.70
1757145600,6973.28
1757149200,6994.14
1757152800,7042.52
1757156400,7117.85
1757160000,7153.06
1757163600,7092.39
1757167200,7116.34
1757170800,7143.11
1757174400,7114.56
1757178000,7124.04
1757181600,7179.84
1757185200,7129.31
1757188800,7194.30
1757192400,7240.76
1757196000,7074.59
1757199600,7064.15
1757203200,7076.25
1757206800,7055.94
1757210400,7170.14
1757214000,7199.50
1757217600,7191.17
1757221200,7259.48
1757224800,7194.00
1757228400,7212.87
1757232000,7143.15
1757235600,7120.74
1757239200,7180.44
1757242800,7193.76
1757246400,7202.06
1757250000,7280.14
1757253600,7187.72
1757257200,7221.31
1757260800,7176.89
1757264400,7210.35
1757268000,7241.28
1757271600,7252.60
1757275200,7195.42
1757278800,7316.02
1757282400,7398.14
1757286000,7347.48
1757289600,7285.59
1757293200,7306.30
1757296800,7256.20
1757300400,7235.53
1757304000,7333.34
1757307600,7367.87
1757311200,7381.49
1757314800,7387.70
1757318400,7300.82
1757322000,7279.45
1757325600,7208.67
1757329200,7251.80
1757332800,7227.41
1757336400,7131.44
1757340000,7093.77
1757343600,7024.97
1757347200,6961.96
1757350800,6931.55
1757354400,6886.49
1757358000,6804.53
1757361600,6750.57
1757365200,6777.37
1757368800,6682.50
1757372400,6638.13
1757376000,6635.46
1757379600,6660.65
1757383200,6679.02
1757386800,6696.25
1757390400,6692.20
1757394000,6606.69
1757397600,6577.65
1757401200,6579.89
1757404800,6669.69
1757408400,6663.83
1757412000,6621.05
1757415600,6642.77
1757419200,6686.43
1757422800,6697.09
1757426400,6737.91
1757430000,6679.92
1757433600,6623.33
1757437200,6591.97
1757440800,6517.50
1757444400,6581.35
1757448000,6524.83
1757451600,6587.26
1757455200,6629.82
1757458800,6637.72
1757462400,6603.80
1757466000,6575.49
1757469600,6595.66
1757473200,6564.46
1757476800,6580.69
1757480400,6522.66
1757484000,6610.24
1757487600,6654.16
1757491200,6579.41
1757494800,6504.44
1757498400,6537.83
1757502000,6526.43
1757505600,6554.44
1757509200,6493.13
1757512800,6448.31
1757516400,6413.62
1757520000,6373.03
1757523600,6380.97
1757527200,6320.66
1757530800,6310.75
1757534400,6326.73
1757538000,6349.49
1757541600,6358.68
1757545200,6410.97
1757548800,6417.41
1757552400,6481.37
1757556000,6423.17
1757559600,6487.13
1757563200,6447.40
1757566800,6451.70
1757570400,6485.97
1757574000,6481.64
1757577600,6417.20
1757581200,6354.49
1757584800,6374.66
1757588400,6352.38
1757592000,6333.82
1757595600,6221.41
1757599200,6231.02
1757602800,6167.16
1757606400,6212.02
1757610000,6253.22
1757613600,6207.68
1757617200,6127.79
1757620800,6115.76
1757624400,6187.64
1757628000,6300.89
1757631600,6281.58
1757635200,6342.49
1757638800,6394.18
1757642400,6346.93
1757646000,6283.40
1757649600,6253.29
1757653200,6272.76
1757656800,6306.31
1757660400,6283.61
1757664000,6278.30
1757667600,6193.61
1757671200,6149.61
1757674800,6307.97
1757678400,6348.86
1757682000,6329.33
1757685600,6306.82
1757689200,6303.50
1757692800,6299.25
1757696400,6339.57
1757700000,6292.18
1757703600,6283.09
1757707200,6387.88
1757710800,6349.61
1757714400,6404.99
1757718000,6295.83
1757721600,6333.86
1757725200,6340.67
1757728800,6275.74
1757732400,6240.39
1757736000,6144.18
1757739600,6054.17
1757743200,6074.05
1757746800,6081.56
1757750400,6010.85
1757754000,5986.32
1757757600,6078.17
1757761200,6142.04
1757764800,6079.72
1757768400,6031.37
1757772000,5931.89
1757775600,5879.73
1757779200,5876.36
1757782800,5842.81
1757786400,5979.80
1757790000,5962.53
1757793600,5930.52
1757797200,5939.44
1757800800,6055.91
1757804400,6038.59
1757808000,5947.13
1757811600,5978.83
1757815200,5966.88
1757818800,5949.52
1757822400,6044.84
1757826000,6036.11
1757829600,6037.50
1757833200,5912.11
1757836800,5899.86
1757840400,5887.34
1757844000,5918.89
1757847600,5955.07
1757851200,5831.93
1757854800,5815.58
1757858400,5833.64
1757862000,5742.35
1757865600,5742.51
1757869200,5769.81
1757872800,5804.50
1757876400,5810.27
1757880000,5830.22
1757883600,5781.03
1757887200,5762.16
1757890800,5847.78
1757894400,5814.00
1757898000,5808.61
1757901600,5880.24
1757905200,5852.76
1757908800,5797.28
1757912400,5885.92
1757916000,5807.04
1757919600,5776.33
1757923200,5702.24
1757926800,5686.58
1757930400,5759.78
1757934000,5709.77
1757937600,5801.91
1757941200,5781.97
1757944800,5824.20
1757948400,5776.42
1757952000,5781.01
1757955600,5716.30
1757959200,5692.61
1757962800,5733.84
1757966400,5699.58
1757970000,5691.09
1757973600,5750.59
1757977200,5685.59
1757980800,5722.58
1757984400,5755.31
1757988000,5759.38
1757991600,5762.21
1757995200,5781.63
1757998800,5761.68
1758002400,5718.93
1758006000,5726.56
1758009600,5776.41
1758013200,5796.77
1758016800,5812.17
1758020400,5670.75
1758024000,5698.66
1758027600,5662.11
1758031200,5644.23
1758034800,5586.29
1758038400,5588.59
1758042000,5665.84
1758045600,5723.26
1758049200,5676.71
1758052800,5630.51
1758056400,5587.22
1758060000,5636.01
1758063600,5632.64
1758067200,5620.70
1758070800,5576.99
1758074400,5614.67
1758078000,5654.38
1758081600,5656.74
1758085200,5674.28
1758088800,5652.97
1758092400,5599.13
1758096000,5560.37
1758099600,5612.29
1758103200,5648.13
1758106800,5711.10
1758110400,5759.21
1758114000,5878.38
1758117600,5814.72
1758121200,5808.06
1758124800,5768.81
1758128400,5808.45
1758132000,5789.15
1758135600,5813.24
1758139200,5748.23
1758142800,5767.52
1758146400,5797.13
1758150000,5759.83
1758153600,5771.54
1758157200,5794.58
1758160800,5765.27
1758164400,5690.02
1758168000,5634.94
1758171600,5635.77
1758175200,5574.49
1758178800,5546.42
1758182400,5618.50
1758186000,5566.28
1758189600,5506.45
1758193200,5510.79
1758196800,5486.91
1758200400,5455.94
1758204000,5386.86
1758207600,5339.60
1758211200,5374.25
1758214800,5352.18
1758218400,5385.13
1758222000,5404.98
1758225600,5389.68
1758229200,5418.67
1758232800,5481.63
1758236400,5452.78
1758240000,5496.37
1758243600,5493.30
1758247200,5443.24
1758250800,5494.13
1758254400,5524.53
1758258000,5536.50
1758261600,5504.95
1758265200,5469.12
1758268800,5468.59
1758272400,5397.51
1758276000,5430.96
1758279600,5391.36
1758283200,5419.66
1758286800,5383.40
1758290400,5367.40
1758294000,5363.65
1758297600,5414.43
1758301200,5416.51
1758304800,5423.99
1758308400,5414.09
1758312000,5452.48
1758315600,5349.09
1758319200,5301.78
1758322800,5285.73
1758326400,5220.97
1758330000,5288.99
1758333600,5276.25
1758337200,5232.82
1758340800,5212.18
1758344400,5223.25
1758348000,5305.04
1758351600,5358.67
1758355200,5337.97
1758358800,5303.42
1758362400,5315.89
1758366000,5313.70
1758369600,5288.73
1758373200,5323.14
1758376800,5445.95
1758380400,5427.37
1758384000,5501.84
1758387600,5501.00
1758391200,5503.80
1758394800,5476.51
1758398400,5473.51
1758402000,5472.37
1758405600,5458.15
1758409200,5442.48
1758412800,5452.07
1758416400,5489.91
1758420000,5432.72
1758423600,5430.32
1758427200,5442.00
1758430800,5424.29
1758434400,5479.42
1758438000,5483.48
1758441600,5494.86
1758445200,5456.01
1758448800,5464.48
1758452400,5481.90
1758456000,5499.73
1758459600,5599.76
1758463200,5549.41
1758466800,5633.41
1758470400,5583.36
1758474000,5577.89
1758477600,5643.56
1758481200,5614.99
1758484800,5638.93
1758488400,5624.68
1758492000,5602.70
1758495600,5560.23
1758499200,5672.68
1758502800,5807.54
1758506400,5835.23
1758510000,5832.87
1758513600,5800.93
1758517200,5862.14
1758520800,5932.50
1758524400,5832.46
1758528000,5827.38
1758531600,5879.79
1758535200,5881.78
1758538800,5891.96
1758542400,5882.19
1758546000,5831.11
1758549600,5818.15
1758553200,5786.20
1758556800,5772.62
1758560400,5833.22
1758564000,5824.91
1758567600,5836.47
1758571200,5796.21
1758574800,5720.02
1758578400,5654.13
1758582000,5689.96
1758585600,5584.30
1758589200,5512.33
1758592800,5507.64
1758596400,5521.28
1758600000,5438.68
1758603600,5438.14
1758607200,5407.31
1758610800,5445.95
1758614400,5502.96
1758618000,5534.26
1758621600,5529.67
1758625200,5508.52
1758628800,5467.03
1758632400,5496.47
1758636000,5425.71
1758639600,5463.86
1758643200,5511.90
1758646800,5542.97
1758650400,5539.79
1758654000,5511.85
1758657600,5542.58
1758661200,5544.14
1758664800,5563.09
1758668400,5543.34
1758672000,5504.19
1758675600,5494.33
1758679200,5558.87
1758682800,5547.18
1758686400,5600.22
1758690000,5582.20
1758693600,5562.28
1758697200,5567.86
1758700800,5539.94
1758704400,5481.38
1758708000,5467.45
1758711600,5522.65
1758715200,5540.09
1758718800,5524.36
1758722400,5570.93
1758726000,5576.96
1758729600,5527.70
1758733200,5491.19
1758736800,5508.52
1758740400,5468.44
1758744000,5408.16
1758747600,5432.27
1758751200,5330.41
1758754800,5344.22
1758758400,5380.62
1758762000,5386.94
1758765600,5390.11
1758769200,5326.71
1758772800,5294.41
1758776400,5322.70
1758780000,5313.24
1758783600,5318.25
1758787200,5300.21
1758790800,5313.55
1758794400,5351.23
1758798000,5372.89
1758801600,5411.71
1758805200,5361.04
1758808800,5437.78
1758812400,5435.25
1758816000,5399.10
1758819600,5375.60
1758823200,5358.41
1758826800,5351.40
1758830400,5364.68
1758834000,5377.88
1758837600,5340.34
1758841200,5354.63
1758844800,5364.71
1758848400,5325.54
1758852000,5364.42
1758855600,5369.98
1758859200,5479.42
1758862800,5543.05
1758866400,5461.76
1758870000,5498.48
1758873600,5476.84
1758877200,5508.00
1758880800,5480.78
1758884400,5497.06
1758888000,5453.27
1758891600,5483.27
1758895200,5500.54
1758898800,5402.81
1758902400,5470.85
1758906000,5504.35
1758909600,5476.23
1758913200,5475.24
1758916800,5458.03
1758920400,5466.58
1758924000,5452.99
1758927600,5546.60
1758931200,5513.58
1758934800,5537.36
1758938400,5537.74
1758942000,5544.89
1758945600,5527.14
1758949200,5529.62
1758952800,5467.66
1758956400,5532.74
1758960000,5597.98
1758963600,5634.14
1758967200,5678.13
1758970800,5673.80
1758974400,5599.35
1758978000,5550.24
1758981600,5622.14
1758985200,5584.37
1758988800,5597.12
1758992400,5647.52
1758996000,5613.40
1758999600,5615.44
1759003200,5582.87
1759006800,5535.49
1759010400,5544.38
1759014000,5648.79
1759017600,5675.34
1759021200,5729.61
1759024800,5689.74
1759028400,5724.28
1759032000,5668.51
1759035600,5630.68
1759039200,5649.56
1759042800,5639.25
1759046400,5658.10
1759050000,5639.18
1759053600,5643.13
1759057200,5664.81
1759060800,5643.86
1759064400,5640.61
1759068000,5625.01
1759071600,5695.48
1759075200,5652.90
1759078800,5622.71
1759082400,5613.76
1759086000,5595.41
1759089600,5557.76
1759093200,5524.65
1759096800,5447.92
1759100400,5530.44
1759104000,5532.71
1759107600,5562.87
1759111200,5634.11
1759114800,5639.27
1759118400,5575.43
1759122000,5539.94
1759125600,5625.17
1759129200,5644.51
1759132800,5644.14
1759136400,5627.53
1759140000,5585.00
1759143600,5518.29
1759147200,5577.75
1759150800,5493.56
1759154400,5477.22
1759158000,5425.06
1759161600,5498.78
1759165200,5378.36
1759168800,5450.22
1759172400,5459.23
1759176000,5498.68
1759179600,5501.32
1759183200,5467.60
1759186800,5476.93
1759190400,5439.76
1759194000,5408.57
1759197600,5464.30
1759201200,5522.77
1759204800,5536.03
1759208400,5653.51
1759212000,5581.16
1759215600,5565.93
1759219200,5581.54
1759222800,5529.34
1759226400,5512.80
1759230000,5494.91
1759233600,5472.80
1759237200,5436.50
1759240800,5441.19
1759244400,5479.16
1759248000,5468.59
1759251600,5443.47
1759255200,5342.29
1759258800,5381.14
1759262400,5366.06
1759266000,5389.64
1759269600,5406.88
1759273200,5413.90
1759276800,5490.49
1759280400,5568.66
1759284000,5535.83
1759287600,5491.08
1759291200,5452.21
1759294800,5419.11
1759298400,5371.35
1759302000,5367.21
1759305600,5402.37
1759309200,5386.87
1759312800,5452.02
1759316400,5476.91
1759320000,5507.03
1759323600,5465.93
1759327200,5458.60
1759330800,5500.92
1759334400,5583.03
1759338000,5556.92
1759341600,5590.12
1759345200,5621.36
1759348800,5496.97
1759352400,5419.98
1759356000,5387.37
1759359600,5378.06
1759363200,5343.85
1759366800,5312.61
1759370400,5309.93
1759374000,5316.00
1759377600,5412.38
1759381200,5404.84
1759384800,5354.73
1759388400,5385.41
1759392000,5362.95
1759395600,5412.70
1759399200,5386.88
1759402800,5431.29
1759406400,5430.32
1759410000,5405.25
1759413600,5431.81
1759417200,5423.51
1759420800,5424.96
1759424400,5388.10
1759428000,5407.39
1759431600,5415.61
1759435200,5432.16
1759438800,5330.77
1759442400,5324.56
1759446000,5401.45
1759449600,5384.38
1759453200,5354.61
1759456800,5340.58
1759460400,5415.92
1759464000,5385.69
1759467600,5360.94
1759471200,5333.53
1759474800,5289.65
1759478400,5351.91
1759482000,5347.11
1759485600,5324.09
1759489200,5351.45
1759492800,5353.44
1759496400,5335.38
1759500000,5351.63
1759503600,5383.46
1759507200,5371.85
1759510800,5321.47
1759514400,5341.34
1759518000,5287.96
1759521600,5298.93
1759525200,5261.36
1759528800,5168.41
1759532400,5204.43
1759536000,5125.13
1759539600,5100.79
1759543200,5061.06
1759546800,5042.77
1759550400,5049.84
1759554000,5042.80
1759557600,5010.44
1759561200,5034.76
1759564800,4986.86
1759568400,5000.75
1759572000,4977.52
1759575600,4995.66
1759579200,5011.77
1759582800,5017.71
1759586400,4989.82
1759590000,4921.79
1759593600,4916.98
1759597200,4925.06
1759600800,4876.33
1759604400,4932.20
1759608000,4947.54
1759611600,4928.59
1759615200,5021.11
1759618800,5119.07
1759622400,5132.36
1759626000,5214.73
1759629600,5255.95
1759633200,5290.27
1759636800,5331.24
1759640400,5375.18
1759644000,5371.23
1759647600,5422.52
1759651200,5378.66
1759654800,5363.77
1759658400,5314.48
1759662000,5339.82
1759665600,5382.91
1759669200,5351.60
1759672800,5403.33
1759676400,5386.16
1759680000,5370.91
1759683600,5449.30
1759687200,5485.83
1759690800,5515.89
1759694400,5541.47
1759698000,5497.57
1759701600,5497.41
1759705200,5552.87
1759708800,5491.68
1759712400,5478.14
1759716000,5468.90
1759719600,5464.89
1759723200,5485.46
1759726800,5488.18
1759730400,5484.71
1759734000,5500.95
1759737600,5615.48
1759741200,5521.47
1759744800,5519.71
1759748400,5518.81
1759752000,5609.75
1759755600,5611.41
1759759200,5616.84
1759762800,5533.39
1759766400,5604.72
1759770000,5584.88
1759773600,5626.26
1759777200,5658.04
1759780800,5488.90
1759784400,5513.79
1759788000,5490.02
1759791600,5592.45
1759795200,5556.28
1759798800,5504.32
1759802400,5466.85
1759806000,5405.18
1759809600,5379.13
1759813200,5362.18
1759816800,5372.28
1759820400,5319.61
1759824000,5334.52
1759827600,5381.04
1759831200,5378.89
1759834800,5362.79
1759838400,5343.31
1759842000,5245.31
1759845600,5234.75
1759849200,5281.09
1759852800,5257.22
1759856400,5240.85
1759860000,5194.43
1759863600,5156.56
1759867200,5171.37
1759870800,5163.52
1759874400,5184.20
1759878000,5205.80
1759881600,5229.51
1759885200,5257.60
1759888800,5315.87
1759892400,5274.46
1759896000,5237.80
1759899600,5282.15
1759903200,5296.80
1759906800,5318.41
1759910400,5344.78
1759914000,5322.80
1759917600,5262.63
1759921200,5337.47
1759924800,5366.23
1759928400,5432.88
1759932000,5406.36
1759935600,5348.71
1759939200,5394.41
1759942800,5447.14
1759946400,5424.57
1759950000,5423.63
1759953600,5432.28
1759957200,5510.02
1759960800,5511.44
1759964400,5558.62
1759968000,5542.39
1759971600,5502.63
1759975200,5481.11
1759978800,5467.43
1759982400,5471.39
1759986000,5544.16
1759989600,5565.44
1759993200,5582.37
1759996800,5636.47
1760000400,5622.23
1760004000,5598.23
1760007600,5610.73
1760011200,5607.32
1760014800,5530.00
1760018400,5674.26
1760022000,5748.30
1760025600,5731.91
1760029200,5708.04
1760032800,5761.45
1760036400,5835.07
1760040000,5876.03
1760043600,5989.55
1760047200,6047.19
1760050800,6052.80
1760054400,6002.34
1760058000,5962.23
1760061600,5957.19
1760065200,5942.37
1760068800,5912.15
1760072400,5888.69
1760076000,5828.84
1760079600,5830.77
1760083200,5906.10
1760086800,5835.64
1760090400,5952.75
1760094000,5980.14
1760097600,5941.82
1760101200,5963.38
1760104800,5998.36
1760108400,6010.22
1760112000,5973.35
1760115600,5935.00
1760119200,5910.14
1760122800,5940.35
1760126400,5926.80
1760130000,5869.00
1760133600,5846.81
1760137200,5890.43
1760140800,5837.76
1760144400,5936.89
1760148000,5918.76
1760151600,5843.41
1760155200,5849.70
1760158800,5800.49
1760162400,5829.22
1760166000,5831.40
1760169600,5799.46
1760173200,5771.21
1760176800,5835.98
1760180400,5816.89
1760184000,5793.23
1760187600,5787.19
1760191200,5825.92
1760194800,5860.47
1760198400,5883.54
1760202000,5886.08
1760205600,5890.63
1760209200,5917.75
1760212800,5920.75
1760216400,5888.57
1760220000,5852.37
1760223600,5806.76
1760227200,5763.89
1760230800,5686.43
1760234400,5698.22
1760238000,5673.89
1760241600,5685.39
1760245200,5681.72
1760248800,5660.71
1760252400,5661.48
1760256000,5713.08
1760259600,5771.39
1760263200,5709.08
1760266800,5709.30
1760270400,5679.97
1760274000,5656.97
1760277600,5729.13
1760281200,5722.80
1760284800,5720.89
1760288400,5759.90
1760292000,5744.96
1760295600,5722.79
1760299200,5733.14
1760302800,5756.16
1760306400,5781.11
1760310000,5772.58
1760313600,5758.14
1760317200,5744.24
1760320800,5712.65
1760324400,5698.15
1760328000,5696.16
1760331600,5726.41
1760335200,5808.01
1760338800,5845.76
1760342400,5932.96
1760346000,5849.44
1760349600,5811.38
1760353200,5811.49
1760356800,5839.97
1760360400,5936.14
1760364000,5924.18
1760367600,5913.38
1760371200,5897.20
1760374800,5913.80
1760378400,5916.93
1760382000,5927.44
1760385600,5926.24
1760389200,5854.83
1760392800,5909.32
1760396400,5939.35
1760400000,5923.54
1760403600,5945.61
1760407200,5906.62
1760410800,5920.63
1760414400,5887.66
1760418000,5893.99
1760421600,5867.04
1760425200,5792.13
1760428800,5768.28
1760432400,5863.53
1760436000,5837.48
1760439600,5875.80
1760443200,5814.61
1760446800,5856.90
1760450400,5891.35
1760454000,5851.13
1760457600,5811.80
1760461200,5796.13
1760464800,5877.32
1760468400,5815.47
1760472000,5853.04
1760475600,5804.67
1760479200,5763.89
1760482800,5771.98
1760486400,5822.40
1760490000,5833.71
1760493600,5838.66
1760497200,5915.09
1760500800,5914.62
1760504400,5963.59
1760508000,5921.44
1760511600,5989.03
1760515200,6024.29
1760518800,6106.34
1760522400,6068.77
1760526000,5954.60
1760529600,5902.33
1760533200,5955.16
1760536800,5883.12
1760540400,5958.74
1760544000,5933.67
1760547600,5852.52
1760551200,5949.81
1760554800,5999.06
1760558400,6120.64
1760562000,6152.19
1760565600,6164.98
1760569200,6110.07
1760572800,6102.80
1760576400,6116.01
1760580000,6123.29
1760583600,6124.49
1760587200,6098.41
1760590800,6221.57
1760594400,6236.14
1760598000,6265.50
1760601600,6248.03
1760605200,6286.55
1760608800,6283.49
1760612400,6253.51
1760616000,6161.00
1760619600,6114.38
1760623200,6146.24
1760626800,6155.97
1760630400,6195.82
1760634000,6223.41
1760637600,6258.52
1760641200,6226.03
1760644800,6248.23
1760648400,6341.54
1760652000,6401.51
1760655600,6390.60
1760659200,6328.57
1760662800,6288.31
1760666400,6217.82
1760670000,6210.35
1760673600,6182.54
1760677200,6227.66
1760680800,6215.08
1760684400,6200.05
1760688000,6136.50
1760691600,6109.66
1760695200,6109.93
1760698800,6117.40
1760702400,6141.56
1760706000,6104.36
1760709600,6127.99
1760713200,6144.29
1760716800,6115.76
1760720400,6111.06
1760724000,6110.56
1760727600,6144.99
1760731200,6164.74
1760734800,6235.33
1760738400,6142.12
1760742000,6062.02
1760745600,5997.20
1760749200,5957.34
1760752800,6000.86
1760756400,6059.68
1760760000,6001.65
1760763600,6019.17
1760767200,6059.85
1760770800,6044.95
1760774400,6108.48
1760778000,6127.08
1760781600,6094.72
1760785200,6130.21
1760788800,6100.20
1760792400,6140.70
1760796000,6196.57
1760799600,6174.05
1760803200,6133.64
1760806800,6107.79
1760810400,6210.16
1760814000,6299.46
1760817600,6281.44
1760821200,6272.22
1760824800,6368.49
1760828400,6328.13
1760832000,6355.02
1760835600,6284.89
1760839200,6191.94
1760842800,6215.62
1760846400,6224.48
1760850000,6283.63
1760853600,6242.65
1760857200,6313.33
1760860800,6265.50
1760864400,6280.21
1760868000,6168.36
1760871600,6174.70
1760875200,6157.13
1760878800,6108.29
1760882400,6069.14
1760886000,6085.45
1760889600,6082.40
1760893200,6088.99
1760896800,6144.46
1760900400,6085.20
1760904000,6094.66
1760907600,6170.13
1760911200,6185.14
1760914800,6141.12
1760918400,6105.24
1760922000,6144.31
1760925600,6216.56
1760929200,6158.78
1760932800,6166.35
1760936400,6134.13
1760940000,6111.83
1760943600,6101.62
1760947200,6007.41
1760950800,6012.61
1760954400,6034.73
1760958000,6030.04
1760961600,6069.52
1760965200,6063.03
1760968800,6018.43
1760972400,5942.85
1760976000,5998.52
1760979600,6006.56
1760983200,6014.74
1760986800,6003.37
1760990400,5996.08
1760994000,6029.79
1760997600,6036.24
1761001200,6022.25
1761004800,5988.10
1761008400,5984.13
1761012000,5996.19
1761015600,5988.05
1761019200,6017.68
1761022800,6080.37
1761026400,6074.99
1761030000,6039.23
1761033600,6060.95
1761037200,6157.45
1761040800,6061.01
1761044400,6040.76
1761048000,6096.26
1761051600,6025.98
1761055200,6076.65
1761058800,6058.36
1761062400,5987.69
1761066000,5991.75
1761069600,5987.06
1761073200,6037.53
1761076800,5974.46
1761080400,5955.56
1761084000,5969.19
1761087600,5925.92
1761091200,6079.81
1761094800,6232.02
1761098400,6302.44
1761102000,6251.34
1761105600,6175.47
1761109200,6142.82
1761112800,6162.00
1761116400,6112.36
1761120000,6119.94
1761123600,6186.72
1761127200,6228.00
1761130800,6251.82
1761134400,6203.09
1761138000,6206.91
1761141600,6206.54
1761145200,6286.13
1761148800,6342.22
1761152400,6333.95
1761156000,6427.22
1761159600,6405.32
1761163200,6483.76
1761166800,6450.69
1761170400,6430.19
1761174000,6418.13
1761177600,6404.18
1761181200,6390.91
1761184800,6408.01
1761188400,6363.24
1761192000,6341.61
1761195600,6271.44
1761199200,6279.84
1761202800,6228.90
1761206400,6241.65
1761210000,6265.17
1761213600,6287.52
1761217200,6196.09
1761220800,6201.05
1761224400,6241.76
1761228000,6322.79
1761231600,6273.82
1761235200,6344.09
1761238800,6350.95
1761242400,6320.40
1761246000,6280.66
1761249600,6363.41
1761253200,6369.23
1761256800,6325.04
1761260400,6351.29
1761264000,6368.06
1761267600,6324.99
1761271200,6321.34
1761274800,6172.05
1761278400,6065.50
1761282000,6098.19
1761285600,6067.14
1761289200,6135.20
1761292800,6134.55
1761296400,6167.20
1761300000,6126.44
1761303600,6140.62
1761307200,6156.14
1761310800,6271.59
1761314400,6279.47
1761318000,6303.49
1761321600,6316.60
1761325200,6384.31
1761328800,6362.33
1761332400,6387.68
1761336000,6453.07
1761339600,6476.87
1761343200,6402.09
1761346800,6424.33
1761350400,6379.44
1761354000,6316.95
1761357600,6334.78
1761361200,6269.50
1761364800,6237.32
1761368400,6218.68
1761372000,6326.17
1761375600,6252.70
1761379200,6257.69
1761382800,6295.24
1761386400,6377.52
1761390000,6378.12
1761393600,6379.05
1761397200,6345.32
1761400800,6365.44
1761404400,6317.51
1761408000,6406.33
1761411600,6443.94
1761415200,6467.10
1761418800,6396.84
1761422400,6402.53
1761426000,6393.37
1761429600,6466.20
1761433200,6459.00
1761436800,6538.96
1761440400,6497.27
1761444000,6589.23
1761447600,6687.00
1761451200,6707.20
1761454800,6744.41
1761458400,6801.13
1761462000,6909.02
1761465600,6884.60
1761469200,7027.50
1761472800,7156.86
1761476400,7108.48
1761480000,7091.55
1761483600,7183.08
1761487200,7236.36
1761490800,7263.01
1761494400,7284.63
1761498000,7211.72
1761501600,7241.21
1761505200,7200.27
1761508800,7246.36
1761512400,7240.49
1761516000,7280.66
1761519600,7162.87
1761523200,7139.54
1761526800,7215.34
1761530400,7141.14
1761534000,7111.73
1761537600,7087.31
1761541200,7123.36
1761544800,7129.32
1761548400,6979.49
1761552000,6999.90
1761555600,6851.74
1761559200,6819.44
1761562800,6774.46
1761566400,6772.00
1761570000,6812.58
1761573600,6795.80
1761577200,6880.61
1761580800,6847.77
1761584400,6940.22
1761588000,6984.60
1761591600,6997.64
1761595200,7017.69
1761598800,6962.93
1761602400,6930.40
1761606000,6901.41
1761609600,6959.98
1761613200,6912.48
1761616800,6909.58
1761620400,6914.40
1761624000,6898.83
1761627600,6962.31
1761631200,6905.33
1761634800,6993.18
1761638400,7001.73
1761642000,6840.99
1761645600,6838.54
1761649200,6812.71
1761652800,6838.16
1761656400,6811.63
1761660000,6858.94
1761663600,6871.16
1761667200,6849.10
1761670800,6809.90
1761674400,6880.23
1761678000,6877.32
1761681600,6843.48
1761685200,6850.12
1761688800,6967.34
1761692400,6960.94
1761696000,6993.29
1761699600,6974.74
1761703200,7018.18
1761706800,7050.01
1761710400,7042.88
1761714000,6954.83
1761717600,6865.63
1761721200,6856.42
1761724800,6825.99
1761728400,6830.51
1761732000,6820.29
1761735600,6788.38
1761739200,6833.04
1761742800,6798.63
1761746400,6747.09
1761750000,6792.42
1761753600,6826.60
1761757200,6836.24
1761760800,6867.41
1761764400,6816.22
1761768000,6803.97
1761771600,6897.68
1761775200,6847.96
1761778800,6822.26
1761782400,6861.11
1761786000,6795.06
1761789600,6769.47
1761793200,6770.62
1761796800,6829.20
1761800400,6820.98
1761804000,6849.54
1761807600,6753.49
1761811200,6696.40
1761814800,6762.94
1761818400,6812.87
1761822000,6806.46
1761825600,6850.91
1761829200,6823.49
1761832800,6737.79
1761836400,6726.92
1761840000,6656.24
1761843600,6733.94
1761847200,6712.49
1761850800,6655.96
1761854400,6694.66
1761858000,6494.88
1761861600,6496.84
1761865200,6559.38
1761868800,6599.27
1761872400,6609.12
1761876000,6635.11
1761879600,6619.84
1761883200,6554.76
1761886800,6514.30
1761890400,6513.26
1761894000,6472.42
1761897600,6524.46
1761901200,6548.87
1761904800,6607.83
1761908400,6625.34
1761912000,6573.47
1761915600,6681.06
1761919200,6639.07
1761922800,6639.75
1761926400,6656.23
1761930000,6773.62
1761933600,6689.21
1761937200,6674.79
1761940800,6626.46
1761944400,6594.30
1761948000,6494.37
1761951600,6422.55
1761955200,6471.12
1761958800,6424.82
1761962400,6423.32
1761966000,6346.11
1761969600,6341.00
1761973200,6305.30
1761976800,6344.42
1761980400,6379.09
1761984000,6377.04
1761987600,6352.37
1761991200,6335.51
1761994800,6318.91
1761998400,6372.61
1762002000,6331.00
1762005600,6382.19
1762009200,6436.92
1762012800,6410.01
1762016400,6443.39
1762020000,6497.96
1762023600,6502.70
1762027200,6431.01
1762030800,6341.28
1762034400,6303.60
1762038000,6284.78
1762041600,6272.11
1762045200,6321.66
1762048800,6298.48
1762052400,6272.24
1762056000,6217.03
1762059600,6211.19
1762063200,6252.40
1762066800,6134.97
1762070400,6103.26
1762074000,6055.91
1762077600,6113.85
1762081200,6079.58
1762084800,6164.05
1762088400,6102.87
1762092000,6176.35
1762095600,6097.86
1762099200,6097.70
1762102800,6048.54
1762106400,6037.89
1762110000,6067.47
1762113600,6030.37
1762117200,6047.27
1762120800,6027.75
1762124400,6016.65
1762128000,6076.76
1762131600,6049.52
1762135200,5994.13
1762138800,6053.89
1762142400,6092.17
1762146000,6077.63
1762149600,6111.92
1762153200,6150.78
1762156800,6247.53
1762160400,6278.49
1762164000,6320.03
1762167600,6339.14
1762171200,6333.31
1762174800,6284.60
1762178400,6295.63
1762182000,6256.66
1762185600,6215.15
1762189200,6153.89
1762192800,6122.35
1762196400,6202.49
1762200000,6207.07
1762203600,6228.68
1762207200,6208.59
1762210800,6192.76
1762214400,6213.34
1762218000,6213.25
1762221600,6117.62
1762225200,6094.74
1762228800,6068.11
1762232400,6046.36
1762236000,6118.52
1762239600,6051.03
1762243200,6041.90
1762246800,6036.70
1762250400,6121.13
1762254000,6237.57
1762257600,6316.09
1762261200,6250.31
1762264800,6259.38
1762268400,6316.18
1762272000,6267.09
1762275600,6256.79
1762279200,6310.86
1762282800,6264.65
1762286400,6292.26
1762290000,6287.66
1762293600,6380.74
1762297200,6432.16
1762300800,6405.10
1762304400,6395.07
1762308000,6270.82
1762311600,6192.30
1762315200,6190.11
1762318800,6151.27
1762322400,6208.89
1762326000,6150.25
1762329600,6153.01
1762333200,6208.39
1762336800,6242.20
1762340400,6289.27
1762344000,6324.25
1762347600,6300.40
1762351200,6326.14
1762354800,6245.24
1762358400,6270.46
1762362000,6219.82
1762365600,6203.52
1762369200,6224.63
1762372800,6207.13
1762376400,6186.77
1762380000,6243.72
1762383600,6337.48
1762387200,6249.58
1762390800,6206.29
1762394400,6156.90
1762398000,6158.65
1762401600,6218.89
1762405200,6159.88
1762408800,6123.96
1762412400,6071.80
1762416000,6094.26
1762419600,5938.70
1762423200,5874.47
1762426800,5860.81
1762430400,5853.03
1762434000,5847.35
1762437600,5757.56
1762441200,5779.42
1762444800,5742.24
1762448400,5793.34
1762452000,5745.38
1762455600,5695.92
1762459200,5709.28
1762462800,5664.34
1762466400,5670.02
1762470000,5628.86
1762473600,5653.91
1762477200,5662.86
1762480800,5651.29
1762484400,5671.69
1762488000,5689.69
1762491600,5655.57
1762495200,5691.72
1762498800,5680.75
1762502400,5720.76
1762506000,5684.14
1762509600,5682.80
1762513200,5725.54
1762516800,5784.75
1762520400,5766.83
1762524000,5838.21
1762527600,5764.45
1762531200,5806.33
1762534800,5759.90
1762538400,5811.58
1762542000,5763.81
1762545600,5806.19
1762549200,5866.10
1762552800,5926.04
1762556400,5939.34
1762560000,5907.02
1762563600,5904.42
1762567200,5870.92
1762570800,5776.18
1762574400,5766.66
1762578000,5785.04
1762581600,5808.05
1762585200,5782.90
1762588800,5793.03
1762592400,5841.29
1762596000,5816.05
1762599600,5822.03
1762603200,5876.58
1762606800,5913.29
1762610400,5895.94
1762614000,5862.84
1762617600,5874.34
1762621200,5867.00
1762624800,5786.72
1762628400,5774.33
1762632000,5800.72
1762635600,5770.52
1762639200,5680.81
1762642800,5714.57
1762646400,5767.03
1762650000,5816.84
1762653600,5875.34
1762657200,5842.86
1762660800,5856.63
1762664400,5901.11
1762668000,5885.71
1762671600,5887.74
1762675200,5952.27
1762678800,5926.39
1762682400,5956.30
1762686000,5950.81
1762689600,5840.63
1762693200,5834.98
1762696800,5912.30
1762700400,5926.94
1762704000,5913.08
1762707600,5953.82
1762711200,5967.26
1762714800,5950.79
1762718400,5949.45
1762722000,5928.11
1762725600,5845.96
1762729200,5831.50
1762732800,5828.98
1762736400,5873.19
1762740000,5882.69
1762743600,5895.33
1762747200,5847.37
1762750800,5804.22
1762754400,5770.86
1762758000,5765.59
1762761600,5715.78
1762765200,5763.87
1762768800,5881.58
1762772400,5976.53
1762776000,5993.41
1762779600,5927.38
1762783200,5964.70
1762786800,5913.57
1762790400,5999.54
1762794000,5993.72
1762797600,5979.14
1762801200,6032.15
1762804800,5986.04
1762808400,5999.84
1762812000,6007.58
1762815600,6003.67
1762819200,5974.76
1762822800,6050.04
1762826400,5995.49
1762830000,5961.89
1762833600,6000.65
1762837200,5998.07
1762840800,5955.32
1762844400,5924.09
1762848000,5873.20
1762851600,5863.36
1762855200,5811.71
1762858800,5845.57
1762862400,5902.73
1762866000,5876.95
1762869600,5847.51
1762873200,5870.70
1762876800,5886.67
1762880400,5805.40
1762884000,5862.14
1762887600,5916.18
1762891200,5858.16
1762894800,5819.84
1762898400,5749.71
1762902000,5808.18
1762905600,5843.26
1762909200,5770.68
1762912800,5771.70
1762916400,5760.40
1762920000,5647.22
1762923600,5606.07
1762927200,5611.87
1762930800,5606.43
1762934400,5609.57
1762938000,5650.12
1762941600,5641.81
1762945200,5684.02
1762948800,5718.41
1762952400,5691.25
1762956000,5623.07
1762959600,5669.07
1762963200,5657.11
1762966800,5559.46
1762970400,5565.72
1762974000,5607.54
1762977600,5654.35
1762981200,5639.68
1762984800,5699.50
1762988400,5679.49
1762992000,5715.01
1762995600,5709.51
1762999200,5647.31
1763002800,5658.63
1763006400,5663.13
1763010000,5639.31
1763013600,5704.83
1763017200,5691.06
1763020800,5733.90
1763024400,5774.58
1763028000,5716.39
1763031600,5778.77
1763035200,5869.87
1763038800,5969.90
1763042400,5950.37
1763046000,5920.57
1763049600,5974.60
1763053200,6002.79
1763056800,6054.79
1763060400,6034.98
1763064000,5967.05
1763067600,6012.99
1763071200,6109.34
1763074800,6098.23
1763078400,6028.65
1763082000,6135.21
1763085600,6161.35
1763089200,6199.43
1763092800,6221.51
1763096400,6173.98
1763100000,6244.43
1763103600,6229.30
1763107200,6284.09
1763110800,6362.37
1763114400,6448.02
1763118000,6421.72
1763121600,6399.59
1763125200,6330.84
1763128800,6280.41
1763132400,6236.84
1763136000,6273.05
1763139600,6264.58
1763143200,6222.02
1763146800,6138.89
1763150400,6153.97
1763154000,6089.30
1763157600,6018.94
1763161200,6019.25
1763164800,5973.59
1763168400,5993.03
1763172000,5926.72
1763175600,5761.38
1763179200,5834.68
1763182800,5821.95
1763186400,5830.50
1763190000,5869.06
1763193600,5878.07
1763197200,5857.04
1763200800,5888.26
1763204400,5872.99
1763208000,5805.28
1763211600,5876.39
1763215200,5897.39
1763218800,5884.55
1763222400,5892.46
1763226000,5884.87
1763229600,5839.38
1763233200,5935.75
1763236800,5944.67
1763240400,5943.62
1763244000,5903.56
1763247600,5898.08
1763251200,5971.09
1763254800,5927.22
1763258400,5954.07
1763262000,5971.54
1763265600,5973.45
1763269200,5864.80
1763272800,5955.52
1763276400,5914.70
1763280000,5896.77
1763283600,5849.60
1763287200,5871.01
1763290800,5873.01
1763294400,5806.19
1763298000,5803.30
1763301600,5850.37
1763305200,5855.62
1763308800,5834.69
1763312400,5834.99
1763316000,5823.47
1763319600,5808.14
1763323200,5767.57
1763326800,5750.91
1763330400,5796.13
1763334000,5846.79
1763337600,5870.24
1763341200,5903.17
1763344800,5869.73
1763348400,5900.00
1763352000,5882.35
1763355600,5864.93
1763359200,5863.34
1763362800,5877.22
1763366400,5868.20
1763370000,5895.56
1763373600,5897.96
1763377200,5974.20
1763380800,6007.33
1763384400,6001.69
1763388000,6012.60
1763391600,5976.85
1763395200,6015.06
1763398800,5989.69
1763402400,6012.89
1763406000,6084.16
1763409600,6133.41
1763413200,6095.42
1763416800,6086.92
1763420400,6111.52
1763424000,6172.43
1763427600,6216.42
1763431200,6098.56
1763434800,6057.17
1763438400,6030.13
1763442000,5975.32
1763445600,5941.69
1763449200,6005.35
1763452800,6016.23
1763456400,6074.00
1763460000,6107.58
1763463600,6136.00
1763467200,6038.73
1763470800,6139.63
1763474400,6133.42
1763478000,6048.44
1763481600,6040.75
1763485200,6055.38
1763488800,6070.54
1763492400,6056.22
1763496000,6141.30
1763499600,6235.26
1763503200,6326.38
1763506800,6162.07
1763510400,6171.82
1763514000,6112.37
1763517600,6085.89
1763521200,6063.28
1763524800,6085.03
1763528400,6019.01
1763532000,5981.95
1763535600,6027.94
1763539200,5965.32
1763542800,5940.34
1763546400,5919.06
1763550000,5938.29
1763553600,5973.06
1763557200,5969.53
1763560800,5940.52
1763564400,5943.91
1763568000,5949.82
1763571600,6002.54
1763575200,6009.71
1763578800,6066.87
1763582400,6018.53
1763586000,6096.45
1763589600,6041.59
1763593200,6112.58
1763596800,6104.52
1763600400,6126.64
1763604000,6062.29
1763607600,6071.10
1763611200,5978.45
1763614800,5924.35
1763618400,5886.21
1763622000,5778.19
1763625600,5799.75
1763629200,5775.70
1763632800,5789.85
1763636400,5802.49
1763640000,5799.66
1763643600,5749.82
1763647200,5755.25
1763650800,5784.83
1763654400,5889.24
1763658000,5906.69
1763661600,5870.88
1763665200,5886.91
1763668800,5871.38
1763672400,5850.57
1763676000,5867.57
1763679600,5795.78
1763683200,5794.56
1763686800,5689.93
1763690400,5769.15
1763694000,5781.15
1763697600,5776.13
1763701200,5800.80
1763704800,5856.09
1763708400,5882.57
1763712000,5900.86
1763715600,5850.81
1763719200,5854.94
1763722800,5888.88
1763726400,5842.44
1763730000,5813.34
1763733600,5847.16
1763737200,5942.33
1763740800,5884.05
1763744400,5879.68
1763748000,5933.04
1763751600,5866.88
1763755200,5901.41
1763758800,5844.29
1763762400,5952.30
1763766000,5914.86
1763769600,5947.16
1763773200,5913.11
1763776800,5865.78
1763780400,5935.16
1763784000,5891.54
1763787600,5907.73
1763791200,6006.04
1763794800,5928.20
1763798400,5890.13
1763802000,5895.54
1763805600,5943.19
1763809200,5987.29
1763812800,5986.26
1763816400,6031.45
1763820000,6024.78
1763823600,6092.88
1763827200,6092.99
1763830800,6031.97
1763834400,5955.23
1763838000,5989.87
1763841600,5960.25
1763845200,5860.08
1763848800,5865.35
1763852400,5764.95
1763856000,5725.96
1763859600,5795.59
1763863200,5851.35
1763866800,5854.96
1763870400,5874.44
1763874000,5824.94
1763877600,5739.93
1763881200,5696.93
1763884800,5664.18
1763888400,5638.73
1763892000,5618.76
1763895600,5612.84
1763899200,5560.32
1763902800,5604.70
1763906400,5534.57
1763910000,5529.89
1763913600,5541.92
1763917200,5547.57
1763920800,5554.21
1763924400,5552.48
1763928000,5565.24
1763931600,5569.45
1763935200,5617.50
1763938800,5662.70
1763942400,5663.84
1763946000,5663.68
1763949600,5689.10
1763953200,5704.86
1763956800,5796.83
1763960400,5811.16
1763964000,5830.82
1763967600,5870.99
1763971200,5865.76
1763974800,5845.25
1763978400,5885.59
1763982000,5841.82
1763985600,5769.05
1763989200,5806.65
1763992800,5701.89
1763996400,5762.81
1764000000,5787.79
1764003600,5764.34
1764007200,5782.68
1764010800,5821.13
1764014400,5813.78
1764018000,5876.98
1764021600,5877.37
1764025200,5833.65
1764028800,5819.09
1764032400,5736.67
1764036000,5753.86
1764039600,5695.78
1764043200,5687.41
1764046800,5663.44
1764050400,5647.55
1764054000,5625.87
1764057600,5688.20
1764061200,5702.19
1764064800,5697.93
1764068400,5673.62
1764072000,5750.23
1764075600,5687.65
1764079200,5694.02
1764082800,5660.67
1764086400,5660.18
1764090000,5597.85
1764093600,5567.45
1764097200,5543.78
1764100800,5578.86
1764104400,5557.21
1764108000,5589.68
1764111600,5539.16
1764115200,5506.84
1764118800,5513.11
1764122400,5540.23
1764126000,5546.09
1764129600,5651.37
1764133200,5648.65
1764136800,5685.88
1764140400,5665.15
1764144000,5632.56
1764147600,5642.85
1764151200,5648.91
1764154800,5682.12
1764158400,5661.24
1764162000,5633.68
1764165600,5689.16
1764169200,5660.73
1764172800,5656.68
1764176400,5685.60
1764180000,5710.40
1764183600,5682.44
1764187200,5619.54
1764190800,5680.57
1764194400,5798.74
1764198000,5852.87
1764201600,5870.60
1764205200,5835.22
1764208800,5794.00
1764212400,5828.88
1764216000,5811.37
1764219600,5818.99
1764223200,5798.49
1764226800,5725.22
1764230400,5728.53
1764234000,5742.08
1764237600,5761.55
1764241200,5709.03
1764244800,5684.39
1764248400,5644.93
1764252000,5626.71
1764255600,5639.80
1764259200,5620.14
1764262800,5584.42
1764266400,5559.79
1764270000,5558.61
1764273600,5543.85
1764277200,5600.12
1764280800,5668.70
1764284400,5667.99
1764288000,5636.53
1764291600,5648.42
1764295200,5654.73
1764298800,5663.68
1764302400,5677.98
1764306000,5633.01
1764309600,5622.29
1764313200,5608.11
1764316800,5531.84
1764320400,5519.08
1764324000,5535.14
1764327600,5539.16
1764331200,5455.43
1764334800,5463.23
1764338400,5406.60
1764342000,5399.97
1764345600,5444.43
1764349200,5418.59
1764352800,5446.38
1764356400,5471.15
1764360000,5455.16
1764363600,5423.48
1764367200,5428.22
1764370800,5486.75
1764374400,5444.77
1764378000,5414.51
1764381600,5457.73
1764385200,5415.64
1764388800,5447.59
1764392400,5433.77
1764396000,5488.85
1764399600,5542.61
1764403200,5629.01
1764406800,5650.75
1764410400,5652.27
1764414000,5699.14
1764417600,5773.40
1764421200,5818.67
1764424800,5823.18
1764428400,5844.95
1764432000,5756.16
1764435600,5690.85
1764439200,5685.44
1764442800,5736.19
1764446400,5653.01
1764450000,5599.81
1764453600,5495.96
1764457200,5534.02
1764460800,5460.14
1764464400,5463.07
1764468000,5523.29
1764471600,5591.51
1764475200,5559.81
1764478800,5567.22
1764482400,5573.15
1764486000,5566.51
1764489600,5596.15
1764493200,5539.61
1764496800,5515.15
1764500400,5633.87
1764504000,5683.46
1764507600,5685.47
1764511200,5738.39
1764514800,5766.53
1764518400,5815.73
1764522000,5778.23
1764525600,5820.26
1764529200,5848.59
1764532800,5813.85
1764536400,5895.55
1764540000,5873.99
1764543600,5870.25
1764547200,5947.86
1764550800,5902.02
1764554400,5962.03
1764558000,5935.36
1764561600,5970.66
1764565200,5995.91
1764568800,6009.23
1764572400,5978.60
1764576000,5950.47
1764579600,5943.09
1764583200,6013.10
1764586800,5944.65
1764590400,5973.94
1764594000,5882.12
1764597600,5953.65
1764601200,5958.83
1764604800,5996.51
1764608400,5988.64
1764612000,5915.55
1764615600,5975.93
1764619200,5976.65
1764622800,5999.72
1764626400,5959.13
1764630000,5944.86
1764633600,5990.39
1764637200,5985.68
1764640800,5934.26
1764644400,5941.92
1764648000,5931.39
1764651600,5905.77
1764655200,5868.22
1764658800,5886.29
1764662400,5791.05
1764666000,5731.81
1764669600,5761.05
1764673200,5772.65
1764676800,5714.32
1764680400,5758.82
1764684000,5779.80
1764687600,5816.30
1764691200,5782.43
1764694800,5732.38
1764698400,5728.50
1764702000,5800.97
1764705600,5761.81
1764709200,5734.95
1764712800,5757.52
1764716400,5736.82
1764720000,5709.11
1764723600,5693.75
1764727200,5737.92
1764730800,5627.40
1764734400,5568.49
1764738000,5539.64
1764741600,5559.80
1764745200,5541.23
1764748800,5522.07
1764752400,5580.76
1764756000,5562.66
1764759600,5579.01
1764763200,5542.05
1764766800,5544.92
1764770400,5585.53
1764774000,5579.07
1764777600,5663.36
1764781200,5763.58
1764784800,5685.67
1764788400,5608.19
1764792000,5518.95
1764795600,5497.31
1764799200,5510.05
1764802800,5506.46
1764806400,5518.38
1764810000,5517.46
1764813600,5498.71
1764817200,5516.39
1764820800,5558.46
1764824400,5543.75
1764828000,5472.10
1764831600,5484.98
1764835200,5524.56
1764838800,5468.43
1764842400,5517.73
1764846000,5519.42
1764849600,5503.99
1764853200,5475.88
1764856800,5389.56
1764860400,5396.48
1764864000,5356.18
1764867600,5351.43
1764871200,5315.85
1764874800,5306.49
1764878400,5250.23
1764882000,5211.71
1764885600,5187.33
1764889200,5196.48
1764892800,5220.97
1764896400,5173.54
1764900000,5123.60
1764903600,5049.52
1764907200,5047.72
1764910800,5072.88
1764914400,5123.41
1764918000,5136.98
1764921600,5114.55
1764925200,5083.09
1764928800,5098.24
1764932400,5088.56
1764936000,5132.29
1764939600,5095.11
1764943200,5125.41
1764946800,5118.22
1764950400,5098.46
1764954000,5039.82
1764957600,5153.58
1764961200,5146.86
1764964800,5082.91
1764968400,5131.72
1764972000,5086.30
1764975600,5117.63
1764979200,5091.34
1764982800,5024.96
1764986400,5006.46
1764990000,4909.11
1764993600,4853.49
1764997200,4870.62
1765000800,4930.60
1765004400,4968.14
1765008000,5002.51
1765011600,5063.66
1765015200,5008.76
1765018800,4954.37
1765022400,4960.57
1765026000,5038.28
1765029600,5104.42
1765033200,5166.60
1765036800,5120.36
1765040400,5169.13
1765044000,5126.13
1765047600,5138.65
1765051200,5099.31
1765054800,5053.33
1765058400,5098.83
1765062000,5122.33
1765065600,5056.58
1765069200,5019.11
1765072800,5057.02
1765076400,5062.20
1765080000,5029.82
1765083600,5024.51
1765087200,5045.06
1765090800,4997.19
1765094400,4998.17
1765098000,5081.91
1765101600,5053.77
1765105200,5010.23
1765108800,5026.21
1765112400,5006.83
1765116000,5000.12
1765119600,5048.91
1765123200,5018.86
1765126800,4974.58
1765130400,5010.31
1765134000,5000.72
1765137600,4966.39
1765141200,5007.21
1765144800,4984.17
1765148400,4937.73
1765152000,4940.26
1765155600,4974.14
1765159200,5034.48
1765162800,5037.75
1765166400,5018.87
1765170000,5048.70
1765173600,5021.08
1765177200,4979.79
1765180800,4990.13
1765184400,4985.43
1765188000,4998.16
1765191600,5045.04
1765195200,5065.32
1765198800,5043.98
1765202400,5039.36
1765206000,5006.29
1765209600,5018.45
1765213200,4993.89
1765216800,5074.55
1765220400,5054.71
1765224000,5023.19
1765227600,5012.79
1765231200,4960.99
1765234800,4970.17
1765238400,5006.99
1765242000,4953.68
1765245600,4914.01
1765249200,4899.68
1765252800,4891.90
1765256400,4933.35
1765260000,4911.55
1765263600,4924.32
1765267200,4929.51
1765270800,5013.13
1765274400,4987.64
1765278000,5024.33
1765281600,4984.94
1765285200,4973.80
1765288800,4969.57
1765292400,4973.29
1765296000,5038.45
1765299600,4979.85
1765303200,4912.45
1765306800,4932.41
1765310400,4947.06
1765314000,4944.32
1765317600,4919.68
1765321200,4903.75
1765324800,4823.08
1765328400,4895.10
1765332000,4968.18
1765335600,5045.09
1765339200,5063.09
1765342800,5010.08
1765346400,5037.91
1765350000,4983.29
1765353600,4963.06
1765357200,4978.69
1765360800,4915.94
1765364400,4956.73
1765368000,4958.32
1765371600,4905.85
1765375200,4865.87
1765378800,4871.72
1765382400,4889.20
1765386000,4890.20
1765389600,4902.73
1765393200,4909.10
1765396800,4902.94
1765400400,4934.05
1765404000,4950.59
1765407600,4973.89
1765411200,4988.19
1765414800,5063.21
1765418400,5022.89
1765422000,5045.86
1765425600,5056.61
1765429200,5090.56
1765432800,5063.13
1765436400,5059.59
1765440000,5081.52
1765443600,5159.31
1765447200,5151.26
1765450800,5150.47
1765454400,5076.74
1765458000,5106.32
1765461600,5088.06
1765465200,5050.43
1765468800,5031.36
1765472400,4972.80
1765476000,4982.20
1765479600,4979.80
1765483200,4997.30
1765486800,5033.82
1765490400,5007.39
1765494000,5036.04
1765497600,5020.74
1765501200,5058.22
1765504800,5042.92
1765508400,5025.88
1765512000,5007.03
1765515600,4943.37
1765519200,4930.35
1765522800,4895.63
1765526400,4936.19
1765530000,4925.96
1765533600,4938.56
1765537200,4936.47
1765540800,4920.14
1765544400,4848.17
1765548000,4844.15
1765551600,4829.78
1765555200,4848.33
1765558800,4830.18
1765562400,4835.54
1765566000,4863.43
1765569600,4861.13
1765573200,4887.10
1765576800,4951.89
1765580400,4942.01
1765584000,4960.42
1765587600,4988.50
1765591200,4974.44
1765594800,5005.81
1765598400,5002.83
1765602000,4996.57
1765605600,4971.28
1765609200,4985.39
1765612800,4986.36
1765616400,4899.85
1765620000,4948.95
1765623600,4961.69
1765627200,4919.52
1765630800,4910.31
1765634400,4965.07
1765638000,4934.73
1765641600,4955.71
1765645200,4976.22
1765648800,4932.20
1765652400,4871.70
1765656000,4875.05
1765659600,4900.25
1765663200,4918.75
1765666800,4901.90
1765670400,4916.51
1765674000,4894.85
1765677600,4846.29
1765681200,4857.66
1765684800,4833.87
1765688400,4813.91
1765692000,4764.71
1765695600,4752.63
1765699200,4717.21
1765702800,4745.56
1765706400,4813.73
1765710000,4781.10
1765713600,4822.62
1765717200,4936.79
1765720800,4967.23
1765724400,4871.18
1765728000,4864.06
1765731600,4838.80
1765735200,4814.92
1765738800,4842.07
1765742400,4855.77
1765746000,4922.80
1765749600,4880.96
1765753200,4809.41
1765756800,4779.71
1765760400,4766.44
1765764000,4819.78
1765767600,4781.03
1765771200,4790.87
1765774800,4779.60
1765778400,4770.26
1765782000,4760.45
1765785600,4731.02
1765789200,4699.38
1765792800,4711.78
1765796400,4725.07
1765800000,4815.59
1765803600,4736.22
1765807200,4693.08
1765810800,4631.82
1765814400,4630.85
1765818000,4633.95
1765821600,4589.12
1765825200,4600.42
1765828800,4628.70
1765832400,4646.64
1765836000,4675.55
1765839600,4688.37
1765843200,4636.65
1765846800,4576.31
1765850400,4593.93
1765854000,4630.75
1765857600,4681.58
1765861200,4642.67
1765864800,4616.72
1765868400,4620.71
1765872000,4665.08
1765875600,4660.27
1765879200,4620.31
1765882800,4579.26
1765886400,4683.77
1765890000,4720.55
1765893600,4734.67
1765897200,4716.08
1765900800,4728.76
1765904400,4687.15
1765908000,4641.90
1765911600,4601.12
1765915200,4626.99
1765918800,4594.95
1765922400,4595.07
1765926000,4575.79
1765929600,4567.99
1765933200,4579.48
1765936800,4574.13
1765940400,4630.76
1765944000,4588.51
1765947600,4644.41
1765951200,4673.13
1765954800,4650.75
1765958400,4632.64
1765962000,4663.04
1765965600,4641.54
1765969200,4713.10
1765972800,4691.60
1765976400,4677.94
1765980000,4711.10
1765983600,4724.46
1765987200,4759.18
1765990800,4744.73
1765994400,4790.68
1765998000,4799.50
1766001600,4762.84
1766005200,4688.93
1766008800,4688.96
1766012400,4676.82
1766016000,4668.55
1766019600,4718.68
1766023200,4642.85
1766026800,4618.62
1766030400,4640.05
1766034000,4645.62
1766037600,4652.94
1766041200,4645.51
1766044800,4662.76
1766048400,4642.96
1766052000,4618.68
1766055600,4597.69
1766059200,4565.74
1766062800,4519.60
1766066400,4538.98
1766070000,4565.83
1766073600,4610.48
1766077200,4609.89
1766080800,4640.25
1766084400,4537.16
1766088000,4574.43
1766091600,4538.89
1766095200,4500.48
1766098800,4493.06
1766102400,4472.98
1766106000,4463.24
1766109600,4471.51
1766113200,4428.79
1766116800,4440.50
1766120400,4424.97
1766124000,4391.31
1766127600,4395.60
1766131200,4429.33
1766134800,4359.11
1766138400,4435.92
1766142000,4475.29
1766145600,4421.00
1766149200,4359.40
1766152800,4349.24
1766156400,4344.42
1766160000,4322.80
1766163600,4298.69
1766167200,4252.15
1766170800,4297.98
1766174400,4304.29
1766178000,4286.36
1766181600,4328.17
1766185200,4388.56
1766188800,4457.74
1766192400,4443.55
1766196000,4472.02
1766199600,4473.40
1766203200,4407.68
1766206800,4419.99
1766210400,4459.80
1766214000,4502.47
1766217600,4483.54
1766221200,4451.46
1766224800,4444.00
1766228400,4469.37
1766232000,4529.90
1766235600,4557.83
1766239200,4527.29
1766242800,4587.12
1766246400,4561.70
1766250000,4546.75
1766253600,4579.58
1766257200,4576.47
1766260800,4587.01
1766264400,4655.50
1766268000,4644.56
1766271600,4633.12
1766275200,4713.09
1766278800,4721.86
1766282400,4722.89
1766286000,4657.04
1766289600,4684.78
1766293200,4733.78
1766296800,4676.66
1766300400,4676.50
1766304000,4653.22
1766307600,4592.87
1766311200,4612.21
1766314800,4551.28
1766318400,4568.89
1766322000,4598.10
1766325600,4603.78
1766329200,4601.08
1766332800,4580.29
1766336400,4532.11
1766340000,4487.56
1766343600,4491.33
1766347200,4466.45
1766350800,4528.46
1766354400,4482.13
1766358000,4401.95
1766361600,4362.28
1766365200,4392.26
1766368800,4402.14
1766372400,4368.59
1766376000,4326.47
1766379600,4369.18
1766383200,4343.62
1766386800,4422.98
1766390400,4390.41
1766394000,4361.30
1766397600,4334.08
1766401200,4312.82
1766404800,4303.37
1766408400,4321.75
1766412000,4328.44
1766415600,4329.29
1766419200,4321.30
1766422800,4293.72
1766426400,4289.10
1766430000,4272.24
1766433600,4259.81
1766437200,4297.47
1766440800,4319.49
1766444400,4304.61
1766448000,4297.17
1766451600,4306.20
1766455200,4243.10
1766458800,4326.33
1766462400,4340.46
1766466000,4271.26
1766469600,4256.80
1766473200,4262.92
1766476800,4309.09
1766480400,4272.49
1766484000,4316.46
1766487600,4320.81
1766491200,4301.27
1766494800,4297.51
1766498400,4273.01
1766502000,4322.09
1766505600,4298.63
1766509200,4290.17
1766512800,4295.55
1766516400,4309.11
1766520000,4310.07
1766523600,4278.50
1766527200,4299.27
1766530800,4213.98
1766534400,4211.05
1766538000,4200.19
1766541600,4229.69
1766545200,4274.94
1766548800,4285.38
1766552400,4360.79
1766556000,4267.57
1766559600,4287.40
1766563200,4215.89
1766566800,4184.34
1766570400,4221.84
1766574000,4200.04
1766577600,4181.59
1766581200,4183.36
1766584800,4172.94
1766588400,4149.02
1766592000,4122.81
1766595600,4128.36
1766599200,4167.79
1766602800,4129.12
1766606400,4124.51
1766610000,4060.17
1766613600,4073.31
1766617200,4086.70
1766620800,4110.92
1766624400,4107.82
1766628000,4095.81
1766631600,4037.75
1766635200,4058.24
1766638800,4034.02
1766642400,4061.81
1766646000,4103.98
1766649600,4153.69
1766653200,4152.17
1766656800,4193.04
1766660400,4169.32
1766664000,4189.94
1766667600,4186.62
1766671200,4160.79
1766674800,4134.01
1766678400,4098.99
1766682000,4097.31
1766685600,4088.74
1766689200,4079.83
1766692800,4068.87
1766696400,4062.36
1766700000,4024.22
1766703600,4041.15
1766707200,4064.95
1766710800,4060.95
1766714400,4115.02
1766718000,4099.97
1766721600,4106.15
1766725200,4087.97
1766728800,4075.29
1766732400,4116.88
1766736000,4152.95
1766739600,4190.41
1766743200,4192.04
1766746800,4161.74
1766750400,4119.29
1766754000,4110.44
1766757600,4092.57
1766761200,4077.80
1766764800,4172.41
1766768400,4195.80
1766772000,4186.93
1766775600,4136.59
1766779200,4136.39
1766782800,4098.38
1766786400,4078.60
1766790000,4096.58
1766793600,4147.86
1766797200,4109.95
1766800800,4093.19
1766804400,4095.65
1766808000,4078.99
1766811600,4103.27
1766815200,4102.01
1766818800,4082.42
1766822400,4022.54
1766826000,4072.63
1766829600,4092.33
1766833200,4114.32
1766836800,4117.19
1766840400,4109.73
1766844000,4118.49
1766847600,4032.78
1766851200,4010.62
1766854800,3998.45
1766858400,3984.37
1766862000,4035.29
1766865600,4058.21
1766869200,4080.14
1766872800,4106.39
1766876400,4109.45
1766880000,4166.17
1766883600,4261.34
1766887200,4299.70
1766890800,4281.39
1766894400,4267.78
1766898000,4277.98
1766901600,4223.78
1766905200,4231.41
1766908800,4260.23
1766912400,4274.27
1766916000,4315.47
1766919600,4299.13
1766923200,4348.30
1766926800,4375.97
1766930400,4403.50
1766934000,4388.18
1766937600,4348.09
1766941200,4328.05
1766944800,4318.42
1766948400,4380.35
1766952000,4394.04
1766955600,4383.07
1766959200,4443.23
1766962800,4467.71
1766966400,4499.15
1766970000,4495.75
1766973600,4440.44
1766977200,4405.29
1766980800,4360.20
1766984400,4340.28
1766988000,4360.98
1766991600,4438.42
1766995200,4433.98
1766998800,4482.74
1767002400,4457.47
1767006000,4504.52
1767009600,4508.43
1767013200,4539.60
1767016800,4559.42
1767020400,4548.23
1767024000,4492.69
1767027600,4524.16
1767031200,4528.63
1767034800,4476.95
1767038400,4506.44
1767042000,4506.53
1767045600,4543.69
1767049200,4594.49
1767052800,4631.16
1767056400,4589.74
1767060000,4571.57
1767063600,4548.49
1767067200,4509.86
1767070800,4521.65
1767074400,4474.84
1767078000,4466.85
1767081600,4464.65
1767085200,4436.59
1767088800,4436.38
1767092400,4432.31
1767096000,4459.01
1767099600,4419.92
1767103200,4459.96
1767106800,4408.87
1767110400,4363.83
1767114000,4404.44
1767117600,4374.64
1767121200,4388.45
1767124800,4378.49
1767128400,4390.64
1767132000,4408.87
1767135600,4362.67
1767139200,4332.55
1767142800,4333.41
1767146400,4360.38
1767150000,4349.94
1767153600,4314.45
1767157200,4302.66
1767160800,4375.92
1767164400,4381.51
1767168000,4406.79
1767171600,4370.32
1767175200,4348.50
1767178800,4402.60
1767182400,4394.48
1767186000,4338.86
1767189600,4273.82
1767193200,4348.84
1767196800,4355.41
1767200400,4331.20
1767204000,4337.87
1767207600,4300.45
1767211200,4336.56
1767214800,4350.12
1767218400,4287.78
1767222000,4248.11
1767225600,4195.14
1767229200,4217.87
1767232800,4179.07
1767236400,4176.21
1767240000,4157.15
1767243600,4139.06
1767247200,4128.82
1767250800,4109.58
1767254400,4079.68
1767258000,4015.88
1767261600,4011.31
1767265200,4010.82
1767268800,4006.84
1767272400,4072.81
1767276000,4089.26
1767279600,4069.27
1767283200,4056.12
1767286800,4069.55
1767290400,4052.35
1767294000,4025.86
1767297600,3995.52
1767301200,4027.98
1767304800,4041.67
1767308400,4034.28
1767312000,4030.15
1767315600,4069.11
1767319200,4044.12
1767322800,4058.17
1767326400,4146.76
1767330000,4172.63
1767333600,4176.88
1767337200,4170.68
1767340800,4162.62
1767344400,4133.21
1767348000,4141.32
1767351600,4246.02
1767355200,4276.88
1767358800,4285.15
1767362400,4313.04
1767366000,4350.21
1767369600,4347.27
1767373200,4344.56
1767376800,4414.03
1767380400,4437.69
1767384000,4412.00
1767387600,4414.04
1767391200,4445.07
1767394800,4444.85
1767398400,4464.13
1767402000,4466.61
1767405600,4471.03
1767409200,4435.03
1767412800,4461.93
1767416400,4418.76
1767420000,4429.42
1767423600,4450.59
1767427200,4448.06
1767430800,4415.22
1767434400,4405.88
1767438000,4412.57
1767441600,4337.00
1767445200,4326.22
1767448800,4304.68
1767452400,4289.23
1767456000,4286.03
1767459600,4343.62
1767463200,4303.61
1767466800,4305.50
1767470400,4344.21
1767474000,4392.60
1767477600,4382.49
1767481200,4427.98
1767484800,4359.53
1767488400,4334.09
1767492000,4356.75
1767495600,4330.87
1767499200,4297.05
1767502800,4377.29
1767506400,4359.88
1767510000,4360.86
1767513600,4377.00
1767517200,4402.70
1767520800,4418.36
1767524400,4400.15
1767528000,4354.20
1767531600,4314.77
1767535200,4397.06
1767538800,4379.83
1767542400,4366.04
1767546000,4349.90
1767549600,4377.24
1767553200,4412.00
1767556800,4428.47
1767560400,4477.81
1767564000,4439.02
1767567600,4480.12
1767571200,4462.01
1767574800,4415.90
1767578400,4349.83
1767582000,4353.86
1767585600,4355.36
1767589200,4318.87
1767592800,4343.76
1767596400,4335.53
1767600000,4364.95
1767603600,4315.18
1767607200,4289.55
1767610800,4302.57
1767614400,4353.80
1767618000,4332.18
1767621600,4294.23
1767625200,4261.44
1767628800,4317.84
1767632400,4288.23
1767636000,4321.54
1767639600,4312.01
1767643200,4348.11
1767646800,4324.86
1767650400,4264.83
1767654000,4256.41
1767657600,4212.43
1767661200,4213.87
1767664800,4181.75
1767668400,4180.70
1767672000,4164.85
1767675600,4147.06
1767679200,4095.79
1767682800,4057.25
1767686400,4013.94
1767690000,4001.69
1767693600,4032.22
1767697200,4049.28
1767700800,4095.57
1767704400,4076.10
1767708000,4096.26
1767711600,4118.97
1767715200,4104.45
1767718800,4102.14
1767722400,4104.27
1767726000,4162.35
1767729600,4156.63
1767733200,4158.60
1767736800,4149.57
1767740400,4130.67
1767744000,4067.34
1767747600,4052.68
1767751200,4044.63
1767754800,4022.70
1767758400,4110.24
1767762000,4138.79
1767765600,4187.49
1767769200,4225.67
1767772800,4255.22
1767776400,4326.79
1767780000,4261.66
1767783600,4272.04
1767787200,4275.64
1767790800,4358.26
1767794400,4396.06
1767798000,4459.24
1767801600,4436.28
1767805200,4448.52
1767808800,4460.42
1767812400,4437.76
1767816000,4412.79
1767819600,4380.56
1767823200,4375.57
1767826800,4407.46
1767830400,4372.33
1767834000,4385.61
1767837600,4381.03
1767841200,4381.73
1767844800,4390.48
1767848400,4342.85
1767852000,4398.09
1767855600,4377.47
1767859200,4411.96
1767862800,4384.94
1767866400,4429.02
1767870000,4469.55
1767873600,4466.38
1767877200,4473.89
1767880800,4428.84
1767884400,4381.09
1767888000,4394.89
1767891600,4351.99
1767895200,4360.02
1767898800,4342.13
1767902400,4302.81
1767906000,4336.84
1767909600,4363.56
1767913200,4310.45
1767916800,4345.63
1767920400,4375.77
1767924000,4455.94
1767927600,4460.02
1767931200,4444.70
1767934800,4439.91
1767938400,4321.13
1767942000,4286.02
1767945600,4291.51
1767949200,4331.24
1767952800,4338.45
1767956400,4322.60
1767960000,4337.24
1767963600,4365.36
1767967200,4348.73
1767970800,4318.40
1767974400,4324.22
1767978000,4346.16
1767981600,4358.93
1767985200,4357.53
1767988800,4358.33
1767992400,4306.28
1767996000,4295.83
1767999600,4230.48
1768003200,4206.42
1768006800,4255.95
1768010400,4212.79
1768014000,4192.56
1768017600,4204.19
1768021200,4202.54
1768024800,4200.10
1768028400,4159.42
1768032000,4137.43
1768035600,4087.98
1768039200,4120.66
1768042800,4119.22
1768046400,4127.14
1768050000,4167.08
1768053600,4182.27
1768057200,4177.17
1768060800,4183.77
1768064400,4222.07
1768068000,4273.61
1768071600,4311.28
1768075200,4323.42
1768078800,4321.44
1768082400,4329.39
1768086000,4283.25
1768089600,4218.04
1768093200,4240.65
1768096800,4232.61
1768100400,4222.94
1768104000,4180.61
1768107600,4183.77
1768111200,4186.81
1768114800,4214.22
1768118400,4255.12
1768122000,4259.05
1768125600,4274.77
1768129200,4242.84
1768132800,4213.34
1768136400,4217.64
1768140000,4204.04
1768143600,4139.27
1768147200,4187.97
1768150800,4201.79
1768154400,4128.86
1768158000,4114.03
1768161600,4118.80
1768165200,4135.11
1768168800,4108.67
1768172400,4172.96
1768176000,4151.49
1768179600,4217.17
1768183200,4227.65
1768186800,4205.43
1768190400,4219.20
1768194000,4192.48
1768197600,4176.13
1768201200,4204.88
1768204800,4284.59
1768208400,4341.94
1768212000,4285.03
1768215600,4277.73
1768219200,4271.20
1768222800,4267.51
1768226400,4296.98
1768230000,4268.17
1768233600,4239.71
1768237200,4218.13
1768240800,4196.97
1768244400,4203.48
1768248000,4192.32
1768251600,4210.21
1768255200,4180.54
1768258800,4162.82
1768262400,4209.24
1768266000,4201.93
1768269600,4203.75
1768273200,4226.44
1768276800,4276.93
1768280400,4255.51
1768284000,4246.32
1768287600,4210.86
1768291200,4161.72
1768294800,4199.17
1768298400,4262.49
1768302000,4229.22
1768305600,4265.09
1768309200,4321.41
1768312800,4357.32
1768316400,4332.37
1768320000,4379.41
1768323600,4363.37
1768327200,4285.79
1768330800,4333.02
1768334400,4353.08
1768338000,4408.96
1768341600,4452.16
1768345200,4458.85
1768348800,4449.03
1768352400,4462.68
1768356000,4437.24
1768359600,4483.47
1768363200,4494.62
1768366800,4471.46
1768370400,4475.70
1768374000,4464.84
1768377600,4383.65
1768381200,4311.89
1768384800,4349.85
1768388400,4329.40
1768392000,4417.18
1768395600,4437.01
1768399200,4437.92
1768402800,4454.60
1768406400,4481.30
1768410000,4532.71
1768413600,4505.55
1768417200,4528.91
1768420800,4576.37
1768424400,4570.34
1768428000,4604.40
1768431600,4616.54
1768435200,4563.99
1768438800,4577.53
1768442400,4518.54
1768446000,4602.46
1768449600,4627.10
1768453200,4685.80
1768456800,4678.32
1768460400,4656.12
1768464000,4653.46
1768467600,4677.44
1768471200,4696.35
1768474800,4677.04
1768478400,4633.90
1768482000,4618.41
1768485600,4667.09
1768489200,4618.35
1768492800,4566.63
1768496400,4579.46
1768500000,4567.65
1768503600,4507.26
1768507200,4442.24
1768510800,4475.52
1768514400,4407.46
1768518000,4446.22
1768521600,4452.98
1768525200,4440.40
1768528800,4481.54
1768532400,4492.50
1768536000,4492.90
1768539600,4488.96
1768543200,4496.99
1768546800,4474.41
1768550400,4453.48
1768554000,4483.91
1768557600,4501.39
1768561200,4520.63
1768564800,4523.14
1768568400,4534.54
1768572000,4558.37
1768575600,4529.41
1768579200,4624.64
1768582800,4730.01
1768586400,4761.26
1768590000,4806.84
1768593600,4793.98
1768597200,4783.12
1768600800,4815.07
1768604400,4855.64
1768608000,4822.40
1768611600,4806.32
1768615200,4785.62
1768618800,4752.49
1768622400,4779.74
1768626000,4792.59
1768629600,4856.84
1768633200,4814.58
1768636800,4863.61
1768640400,4844.35
1768644000,4855.09
1768647600,4853.51
1768651200,4867.85
1768654800,4839.94
1768658400,4869.76
1768662000,4868.80
1768665600,4892.16
1768669200,4900.22
1768672800,4923.47
1768676400,5006.08
1768680000,5051.73
1768683600,5049.34
1768687200,4988.86
1768690800,4912.91
1768694400,4937.62
1768698000,4930.89
1768701600,4956.92
1768705200,5006.60
1768708800,4989.54
1768712400,4994.34
1768716000,4993.59
1768719600,5003.77
1768723200,5024.54
1768726800,5002.74
1768730400,4984.52
1768734000,4976.00
1768737600,4930.40
1768741200,4911.96
1768744800,4942.86
1768748400,4984.63
1768752000,5001.79
1768755600,5016.11
1768759200,5083.14
1768762800,5052.58
1768766400,5084.22
1768770000,5156.54
1768773600,5137.72
1768777200,5145.13
1768780800,5138.11
1768784400,5160.75
1768788000,5146.35
1768791600,5142.14
1768795200,5134.07
1768798800,5135.40
1768802400,5154.90
1768806000,5189.81
1768809600,5256.05
1768813200,5262.57
1768816800,5311.35
1768820400,5316.86
1768824000,5362.63
1768827600,5343.58
1768831200,5336.24
1768834800,5342.20
1768838400,5342.59
1768842000,5335.19
1768845600,5313.59
1768849200,5333.73
1768852800,5294.76
1768856400,5347.73
1768860000,5323.70
1768863600,5292.64
1768867200,5309.92
1768870800,5325.05
1768874400,5317.49
1768878000,5326.94
1768881600,5263.49
1768885200,5239.98
1768888800,5265.64
1768892400,5348.26
1768896000,5439.16
1768899600,5380.56
1768903200,5301.55
1768906800,5288.21
1768910400,5288.78
1768914000,5245.90
1768917600,5315.68
1768921200,5311.51
1768924800,5254.63
1768928400,5254.96
1768932000,5256.21
1768935600,5183.35
1768939200,5255.15
1768942800,5177.06
1768946400,5165.81
1768950000,5144.47
1768953600,5122.25
1768957200,5137.08
1768960800,5146.73
1768964400,5162.23
1768968000,5183.34
1768971600,5173.21
1768975200,5136.82
1768978800,5172.88
1768982400,5152.26
1768986000,5158.24
1768989600,5147.72
1768993200,5193.32
1768996800,5153.30
1769000400,5121.69
1769004000,5104.11
1769007600,5128.17
1769011200,5091.55
1769014800,5083.36
1769018400,5098.13
1769022000,5099.11
1769025600,5063.04
1769029200,5049.77
1769032800,5043.91
1769036400,5057.02
1769040000,5070.16
1769043600,5025.34
1769047200,5061.81
1769050800,5086.44
1769054400,5128.42
1769058000,5099.78
1769061600,5140.50
1769065200,5163.08
1769068800,5193.71
1769072400,5146.49
1769076000,5160.46
1769079600,5212.26
1769083200,5223.85
1769086800,5239.72
1769090400,5197.28
1769094000,5216.55
1769097600,5200.94
1769101200,5177.12
1769104800,5205.52
1769108400,5188.18
1769112000,5192.65
1769115600,5216.35
1769119200,5234.51
1769122800,5194.18
1769126400,5180.51
1769130000,5139.04
1769133600,5191.99
1769137200,5140.30
1769140800,5130.45
1769144400,5146.84
1769148000,5221.92
1769151600,5281.96
1769155200,5242.02
1769158800,5196.55
1769162400,5122.76
1769166000,5147.61
1769169600,5151.46
1769173200,5220.89
1769176800,5304.29
1769180400,5282.10
1769184000,5309.80
1769187600,5417.74
1769191200,5412.88
1769194800,5471.50
1769198400,5433.80
1769202000,5444.68
1769205600,5332.20
1769209200,5308.79
1769212800,5326.09
1769216400,5289.53
1769220000,5308.29
1769223600,5296.16
1769227200,5249.92
1769230800,5275.04
1769234400,5253.32
1769238000,5186.32
1769241600,5150.34
1769245200,5116.03
1769248800,5145.59
1769252400,5119.42
1769256000,5124.71
1769259600,5088.24
1769263200,5073.52
1769266800,5054.52
1769270400,5084.15
1769274000,5133.01
1769277600,5148.15
1769281200,5106.56
1769284800,5086.35
1769288400,5114.57
1769292000,5133.15
1769295600,5222.16
1769299200,5230.78
1769302800,5220.14
1769306400,5169.12
1769310000,5163.43
1769313600,5161.90
1769317200,5126.38
1769320800,5077.36
1769324400,5049.19
1769328000,5082.89
1769331600,5074.45
1769335200,5026.64
1769338800,5109.86
1769342400,5116.18
1769346000,5126.02
1769349600,5137.60
1769353200,5162.21
1769356800,5173.45
1769360400,5152.28
1769364000,5183.29
1769367600,5267.77
1769371200,5305.37
1769374800,5312.76
1769378400,5300.96
1769382000,5353.19
1769385600,5323.38
1769389200,5441.17
1769392800,5383.93
1769396400,5386.80
1769400000,5363.25
1769403600,5343.92
1769407200,5300.78
1769410800,5297.50
1769414400,5279.00
1769418000,5286.00
1769421600,5304.03
1769425200,5260.51
1769428800,5327.99
1769432400,5276.60
1769436000,5259.44
1769439600,5293.75
1769443200,5295.20
1769446800,5287.65
1769450400,5242.95
1769454000,5239.61
1769457600,5214.83
1769461200,5156.04
1769464800,5068.84
1769468400,5038.04
1769472000,5080.57
1769475600,5045.01
1769479200,5031.29
1769482800,5019.58
1769486400,4998.85
1769490000,4985.95
1769493600,4988.79
1769497200,4994.98
1769500800,4980.95
1769504400,5002.83
1769508000,5010.94
1769511600,5053.01
1769515200,5070.82
1769518800,5095.68
1769522400,5049.16
1769526000,5027.02
1769529600,5007.04
1769533200,5009.64
1769536800,4961.40
1769540400,4927.21
1769544000,4912.28
1769547600,4856.73
1769551200,4882.34
1769554800,4901.21
1769558400,4901.81
1769562000,4951.69
1769565600,4956.27
1769569200,5014.73
1769572800,5043.48
1769576400,5039.87
1769580000,5016.11
1769583600,4956.40
1769587200,4976.26
1769590800,4978.26
1769594400,4934.96
1769598000,4905.05
1769601600,4932.58
1769605200,4975.22
1769608800,4913.01
1769612400,4892.39
1769616000,4870.54
1769619600,4895.22
1769623200,4909.02
1769626800,4907.69
1769630400,4932.18
1769634000,4886.50
1769637600,4916.91
1769641200,4941.46
1769644800,4967.35
1769648400,4959.03
1769652000,4985.76
1769655600,4937.01
1769659200,4959.52
1769662800,4975.13
1769666400,5001.28
1769670000,5025.38
1769673600,5037.11
1769677200,5085.57
1769680800,5142.89
1769684400,5165.54
1769688000,5164.73
1769691600,5202.65
1769695200,5212.41
1769698800,5212.25
1769702400,5272.38
1769706000,5223.69
1769709600,5128.19
1769713200,5141.96
1769716800,5128.95
1769720400,5124.16
1769724000,5075.89
1769727600,5041.76
1769731200,5020.80
1769734800,5023.96
1769738400,5054.34
1769742000,5088.63
1769745600,5004.19
1769749200,4983.86
1769752800,4970.58
1769756400,4927.12
1769760000,4929.26
1769763600,4913.41
1769767200,4903.69
1769770800,4882.70
1769774400,4840.59
1769778000,4899.31
1769781600,4925.05
1769785200,4895.47
1769788800,4891.58
1769792400,4817.70
1769796000,4802.06
1769799600,4819.10
1769803200,4796.85
1769806800,4781.45
1769810400,4782.27
1769814000,4800.41
1769817600,4754.88
1769821200,4738.06
1769824800,4710.38
1769828400,4701.36
1769832000,4714.91
1769835600,4692.11
1769839200,4734.78
1769842800,4746.55
1769846400,4783.57
1769850000,4786.69
1769853600,4788.85
1769857200,4720.50
1769860800,4697.27
1769864400,4735.73
1769868000,4770.00
1769871600,4689.54
1769875200,4701.53
1769878800,4640.56
1769882400,4636.68
1769886000,4665.52
1769889600,4616.16
1769893200,4637.80
1769896800,4623.31
1769900400,4650.69
1769904000,4656.86
1769907600,4673.86
1769911200,4667.10
1769914800,4715.82
1769918400,4745.41
1769922000,4743.61
1769925600,4786.65
1769929200,4740.85
1769932800,4746.53
1769936400,4674.99
1769940000,4654.37
1769943600,4576.65
1769947200,4576.54
1769950800,4518.69
1769954400,4535.15
1769958000,4511.31
1769961600,4479.58
1769965200,4509.35
1769968800,4565.01
1769972400,4597.17
1769976000,4625.11
1769979600,4617.73
1769983200,4695.08
1769986800,4711.83
1769990400,4701.90
1769994000,4716.26
1769997600,4744.24
1770001200,4767.62
1770004800,4776.30
1770008400,4796.20
1770012000,4780.67
1770015600,4780.99
1770019200,4743.58
1770022800,4711.09
1770026400,4708.16
1770030000,4762.03
1770033600,4780.16
1770037200,4813.04
1770040800,4801.66
1770044400,4822.50
1770048000,4844.50
1770051600,4810.79
1770055200,4844.00
1770058800,4831.08
1770062400,4791.48
1770066000,4824.06
1770069600,4866.99
1770073200,4866.76
1770076800,4908.65
1770080400,4868.68
1770084000,4954.14
1770087600,4916.07
1770091200,4897.18
1770094800,4857.04
1770098400,4832.42
1770102000,4758.29
1770105600,4742.22
1770109200,4789.40
1770112800,4795.01
1770116400,4791.15
1770120000,4792.68
1770123600,4785.00
1770127200,4820.75
1770130800,4811.90
1770134400,4791.47
1770138000,4752.49
1770141600,4778.25
1770145200,4840.16
1770148800,4817.19
1770152400,4832.20
1770156000,4839.63
1770159600,4902.01
1770163200,4895.55
1770166800,4868.91
1770170400,4904.99
1770174000,4931.93
1770177600,4948.37
1770181200,4972.05
1770184800,4965.72
1770188400,4952.80
1770192000,4964.30
1770195600,5033.06
1770199200,5058.45
1770202800,5041.95
1770206400,5113.88
1770210000,5119.36
1770213600,5127.80
1770217200,5111.66
1770220800,5084.14
1770224400,5055.12
1770228000,5048.61
1770231600,5078.21
1770235200,5081.43
1770238800,5027.97
1770242400,5014.22
1770246000,5019.42
1770249600,4980.26
1770253200,4944.59
1770256800,4939.24
1770260400,4947.64
1770264000,4937.82
1770267600,4988.37
1770271200,4959.89
1770274800,4941.77
1770278400,4931.34
1770282000,4916.55
1770285600,4880.56
1770289200,4845.94
1770292800,4856.08
1770296400,4837.35
1770300000,4830.30
1770303600,4828.23
1770307200,4876.32
1770310800,4840.94
1770314400,4819.13
1770318000,4863.02
1770321600,4844.66
1770325200,4890.54
1770328800,4949.56
1770332400,4929.72
1770336000,4905.66
1770339600,4860.71
1770343200,4877.82
1770346800,4935.88
1770350400,4959.04
1770354000,4968.22
1770357600,4883.83
1770361200,4865.68
1770364800,4887.80
1770368400,4843.75
1770372000,4871.12
1770375600,4873.60
1770379200,4884.81
1770382800,4891.75
1770386400,4864.13
1770390000,4884.65
1770393600,4864.43
1770397200,4837.54
1770400800,4792.50
1770404400,4821.39
1770408000,4812.04
1770411600,4787.82
1770415200,4744.23
1770418800,4750.73
1770422400,4742.46
1770426000,4716.79
1770429600,4621.25
1770433200,4704.69
1770436800,4709.28
1770440400,4683.71
1770444000,4636.42
1770447600,4637.57
1770451200,4619.54
1770454800,4580.35
1770458400,4587.49
1770462000,4544.05
1770465600,4587.24
1770469200,4600.45
1770472800,4621.63
1770476400,4659.74
1770480000,4683.48
1770483600,4679.80
1770487200,4709.16
1770490800,4695.17
1770494400,4671.21
1770498000,4677.87
1770501600,4634.47
1770505200,4664.11
1770508800,4670.53
1770512400,4647.66
1770516000,4691.37
1770519600,4738.93
1770523200,4759.42
1770526800,4770.22
1770530400,4707.61
1770534000,4663.04
1770537600,4669.10
1770541200,4679.04
1770544800,4599.85
1770548400,4624.45
1770552000,4634.14
1770555600,4653.19
1770559200,4622.66
1770562800,4615.73
1770566400,4608.01
1770570000,4630.03
1770573600,4638.93
1770577200,4651.98
1770580800,4704.12
1770584400,4680.22
1770588000,4751.74
1770591600,4800.68
1770595200,4774.80
1770598800,4798.96
1770602400,4893.04
1770606000,4897.49
1770609600,4924.79
1770613200,4921.03
1770616800,4920.88
1770620400,4917.09
1770624000,4902.91
1770627600,4919.39
1770631200,4883.64
1770634800,4880.80
1770638400,4892.57
1770642000,4915.27
1770645600,4844.32
1770649200,4898.82
1770652800,4921.98
1770656400,4939.54
1770660000,4893.09
1770663600,4812.02
1770667200,4821.97
1770670800,4784.41
1770674400,4727.52
1770678000,4677.40
1770681600,4651.12
1770685200,4641.48
1770688800,4578.73
1770692400,4558.83
1770696000,4585.77
1770699600,4616.08
1770703200,4633.14
1770706800,4667.22
1770710400,4638.16
1770714000,4641.19
1770717600,4659.61
1770721200,4639.58
1770724800,4674.95
1770728400,4701.95
1770732000,4680.62
1770735600,4687.76
1770739200,4648.33
1770742800,4664.56
1770746400,4634.61
1770750000,4642.73
1770753600,4613.84
1770757200,4647.53
1770760800,4607.90
1770764400,4574.25
1770768000,4552.25
1770771600,4559.70
1770775200,4584.96
1770778800,4628.61
1770782400,4623.39
1770786000,4645.15
1770789600,4628.58
1770793200,4600.84
1770796800,4584.61
1770800400,4570.33
1770804000,4575.61
1770807600,4566.55
1770811200,4597.27
1770814800,4585.18
1770818400,4603.96
1770822000,4615.18
1770825600,4637.59
1770829200,4629.70
1770832800,4670.72
1770836400,4742.15
1770840000,4773.81
1770843600,4692.38
1770847200,4651.61
1770850800,4594.80
1770854400,4586.46
1770858000,4541.62
1770861600,4548.40
1770865200,4551.51
1770868800,4597.56
1770872400,4619.02
1770876000,4581.45
1770879600,4550.63
1770883200,4580.25
1770886800,4628.30
1770890400,4646.30
1770894000,4639.87
1770897600,4607.51
1770901200,4627.86
1770904800,4634.42
1770908400,4571.22
1770912000,4583.31
1770915600,4597.24
1770919200,4614.56
1770922800,4566.14
1770926400,4550.30
1770930000,4621.95
1770933600,4621.65
1770937200,4628.56
1770940800,4706.78
1770944400,4758.28
1770948000,4771.92
1770951600,4797.34
1770955200,4790.01
1770958800,4824.88
1770962400,4834.72
1770966000,4856.83
1770969600,4907.34
1770973200,4924.22
1770976800,4855.62
1770980400,4863.98
1770984000,4896.98
1770987600,4959.58
1770991200,5010.70
1770994800,5008.91
1770998400,5021.05
1771002000,5018.77
1771005600,4994.55
1771009200,5058.67
1771012800,5115.63
1771016400,5126.20
1771020000,5086.15
1771023600,5068.28
1771027200,5161.74
1771030800,5143.52
1771034400,5196.71
1771038000,5249.30
1771041600,5247.35
1771045200,5267.69
1771048800,5270.63
1771052400,5289.88
1771056000,5270.53
1771059600,5210.01
1771063200,5232.50
1771066800,5262.88
1771070400,5322.19
1771074000,5374.80
1771077600,5397.48
1771081200,5403.68
1771084800,5439.90
1771088400,5434.57
1771092000,5438.98
1771095600,5428.32
1771099200,5410.14
1771102800,5472.92
1771106400,5464.92
1771110000,5464.24
1771113600,5491.19
1771117200,5471.82
1771120800,5537.04
1771124400,5535.99
1771128000,5616.94
1771131600,5565.90
1771135200,5536.28
1771138800,5507.31
1771142400,5499.85
1771146000,5538.48
1771149600,5522.37
1771153200,5594.37
1771156800,5585.89
1771160400,5472.74
1771164000,5442.97
1771167600,5410.75
1771171200,5474.74
1771174800,5461.29
1771178400,5455.88
1771182000,5387.51
1771185600,5327.79
1771189200,5333.57
1771192800,5336.86
1771196400,5284.99
1771200000,5265.36
1771203600,5320.11
1771207200,5413.82
1771210800,5343.58
1771214400,5344.50
1771218000,5362.29
1771221600,5383.70
1771225200,5398.27
1771228800,5397.21
1771232400,5484.24
1771236000,5521.20
1771239600,5565.13
1771243200,5635.41
1771246800,5630.58
1771250400,5641.89
1771254000,5663.30
1771257600,5663.47
1771261200,5678.43
1771264800,5698.41
1771268400,5660.79
1771272000,5683.62
1771275600,5728.46
1771279200,5738.99
1771282800,5750.45
1771286400,5722.98
1771290000,5693.09
1771293600,5702.19
1771297200,5666.97
1771300800,5640.93
1771304400,5622.27
1771308000,5614.70
1771311600,5554.73
1771315200,5532.11
1771318800,5597.07
1771322400,5606.44
1771326000,5584.05
1771329600,5545.51
1771333200,5651.27
1771336800,5612.91
1771340400,5626.08
1771344000,5582.46
1771347600,5508.96
1771351200,5487.40
1771354800,5469.10
1771358400,5415.14
1771362000,5332.37
1771365600,5265.39
1771369200,5290.01
1771372800,5339.71
1771376400,5279.99
1771380000,5333.50
1771383600,5287.62
1771387200,5405.38
1771390800,5361.72
1771394400,5434.42
1771398000,5453.89
1771401600,5415.10
1771405200,5434.27
1771408800,5349.39
1771412400,5333.10
1771416000,5261.79
1771419600,5300.55
1771423200,5330.76
1771426800,5316.83
1771430400,5309.16
1771434000,5300.91
1771437600,5302.49
1771441200,5324.16
1771444800,5359.60
1771448400,5335.68
1771452000,5370.67
1771455600,5339.90
1771459200,5390.05
1771462800,5349.23
1771466400,5315.79
1771470000,5313.92
1771473600,5287.49
1771477200,5273.66
1771480800,5317.97
1771484400,5304.67
1771488000,5325.22
1771491600,5282.11
1771495200,5342.49
1771498800,5310.15
1771502400,5380.87
1771506000,5381.98
1771509600,5398.49
1771513200,5451.18
1771516800,5497.39
1771520400,5493.99
1771524000,5482.85
1771527600,5474.68
1771531200,5465.15
1771534800,5403.73
1771538400,5410.19
1771542000,5352.72
1771545600,5404.92
1771549200,5429.58
1771552800,5394.05
1771556400,5362.19
1771560000,5319.35
1771563600,5235.60
1771567200,5225.97
1771570800,5277.55
1771574400,5360.05
1771578000,5347.10
1771581600,5323.89
1771585200,5281.64
1771588800,5301.83
1771592400,5283.67
1771596000,5281.02
1771599600,5302.66
1771603200,5310.81
1771606800,5322.01
1771610400,5353.77
1771614000,5384.42
1771617600,5389.52
1771621200,5380.61
1771624800,5416.32
1771628400,5394.05
1771632000,5351.21
1771635600,5321.58
1771639200,5284.68
1771642800,5269.75
1771646400,5272.22
1771650000,5282.64
1771653600,5254.50
1771657200,5283.01
1771660800,5286.79
1771664400,5323.51
1771668000,5375.82
1771671600,5286.96
1771675200,5301.71
1771678800,5301.33
1771682400,5305.13
1771686000,5374.36
1771689600,5386.72
1771693200,5356.53
1771696800,5302.56
1771700400,5284.40
1771704000,5354.69
1771707600,5314.08
1771711200,5261.07
1771714800,5228.59
1771718400,5206.92
1771722000,5197.08
1771725600,5180.71
1771729200,5221.79
1771732800,5267.26
1771736400,5240.68
1771740000,5303.43
1771743600,5294.72
1771747200,5230.46
1771750800,5240.20
1771754400,5202.69
1771758000,5294.88
1771761600,5296.01
1771765200,5279.50
1771768800,5276.09
1771772400,5304.88
1771776000,5281.99
1771779600,5300.50
1771783200,5361.00
1771786800,5389.38
1771790400,5382.14
1771794000,5376.20
1771797600,5315.20
1771801200,5282.34
1771804800,5293.61
1771808400,5308.26
1771812000,5341.18
1771815600,5308.38
1771819200,5337.98
1771822800,5317.73
1771826400,5368.67
1771830000,5381.96
1771833600,5350.73
1771837200,5399.74
1771840800,5370.02
1771844400,5404.50
1771848000,5424.24
1771851600,5337.22
1771855200,5323.35
1771858800,5325.97
1771862400,5354.76
1771866000,5437.14
1771869600,5426.72
1771873200,5456.00
1771876800,5442.10
1771880400,5408.66
1771884000,5446.64
1771887600,5425.54
1771891200,5465.02
1771894800,5502.06
1771898400,5415.49
1771902000,5486.37
1771905600,5487.01
1771909200,5483.60
1771912800,5505.58
1771916400,5487.26
1771920000,5509.09
1771923600,5495.64
1771927200,5522.30
1771930800,5483.60
1771934400,5439.56
1771938000,5500.02
1771941600,5514.74
1771945200,5495.52
1771948800,5481.55
1771952400,5530.30
1771956000,5471.01
1771959600,5469.25
1771963200,5462.62
1771966800,5485.57
1771970400,5508.63
1771974000,5514.40
1771977600,5511.48
1771981200,5526.73
1771984800,5539.56
1771988400,5440.57
1771992000,5419.03
1771995600,5389.08
1771999200,5442.15
1772002800,5465.63
1772006400,5475.82
1772010000,5476.01
1772013600,5351.36
1772017200,5390.72
1772020800,5415.84
1772024400,5439.83
1772028000,5390.59
1772031600,5392.53
1772035200,5344.58
1772038800,5345.00
1772042400,5369.47
1772046000,5386.90
1772049600,5434.22
1772053200,5358.66
1772056800,5325.57
1772060400,5352.01
1772064000,5336.91
1772067600,5335.06
1772071200,5333.84
1772074800,5300.46
1772078400,5272.37
1772082000,5244.84
1772085600,5202.17
1772089200,5166.81
1772092800,5120.72
1772096400,5160.47
1772100000,5143.39
1772103600,5092.14
1772107200,5113.65
1772110800,5135.85
1772114400,5166.47
1772118000,5094.06
1772121600,5083.59
1772125200,5103.06
1772128800,5050.11
1772132400,5018.55
1772136000,5034.33
1772139600,5021.00
1772143200,4989.08
1772146800,5030.19
1772150400,5033.32
1772154000,5079.86
1772157600,5078.94
1772161200,5097.24
1772164800,5117.53
1772168400,5139.44
1772172000,5175.90
1772175600,5147.22
1772179200,5196.24
1772182800,5247.83
1772186400,5276.27
1772190000,5348.96
1772193600,5325.70
1772197200,5376.51
1772200800,5383.05
1772204400,5353.16
1772208000,5384.21
1772211600,5389.68
1772215200,5340.12
1772218800,5288.69
1772222400,5290.09
1772226000,5231.15
1772229600,5208.35
1772233200,5258.54
1772236800,5325.39
1772240400,5311.40
1772244000,5348.22
1772247600,5321.13
1772251200,5309.20
1772254800,5253.33
1772258400,5288.93
1772262000,5263.81
1772265600,5234.45
1772269200,5290.66
1772272800,5235.18
1772276400,5218.40
1772280000,5217.77
1772283600,5175.43
1772287200,5187.72
1772290800,5239.31
1772294400,5258.67
1772298000,5163.12
1772301600,5126.65
1772305200,5065.82
1772308800,5156.38
1772312400,5209.24
1772316000,5209.27
1772319600,5187.67
1772323200,5224.39
1772326800,5291.62
1772330400,5227.31
1772334000,5239.24
1772337600,5293.48
1772341200,5285.16
1772344800,5242.48
1772348400,5221.50
1772352000,5196.26
1772355600,5130.34
1772359200,5088.25
1772362800,5020.88
1772366400,4959.76
1772370000,4955.93
1772373600,5027.15
1772377200,4985.30
1772380800,4974.04
1772384400,5028.22
1772388000,4971.60
1772391600,4994.54
1772395200,5044.20
1772398800,5089.53
1772402400,5061.13
1772406000,5029.78
1772409600,4967.30
1772413200,4980.69
1772416800,5015.57
1772420400,5018.77
1772424000,4976.05
1772427600,5013.91
1772431200,5047.22
1772434800,5009.96
1772438400,5007.38
1772442000,5042.00
1772445600,5006.34
1772449200,5025.99
1772452800,5086.58
1772456400,5059.81
1772460000,5015.01
1772463600,4999.18
1772467200,5012.04
1772470800,5041.57
1772474400,5056.62
1772478000,5068.31
1772481600,5038.90
1772485200,4928.92
1772488800,4920.76
1772492400,4887.94
1772496000,4926.55
1772499600,4866.19
1772503200,4908.25
1772506800,4953.73
1772510400,4949.55
1772514000,4965.96
1772517600,4974.95
1772521200,5024.18
1772524800,5078.31
1772528400,4988.12
1772532000,4980.34
1772535600,4928.81
1772539200,5003.94
1772542800,4962.11
1772546400,4942.66
1772550000,4967.14
1772553600,5013.07
1772557200,4975.08
1772560800,4960.58
1772564400,4958.34
1772568000,4993.58
1772571600,4967.15
1772575200,4824.21
1772578800,4832.44
1772582400,4804.92
1772586000,4735.89
1772589600,4681.31
1772593200,4645.74
1772596800,4633.95
1772600400,4614.01
1772604000,4643.02
1772607600,4659.09
1772611200,4627.65
1772614800,4615.32
1772618400,4614.83
1772622000,4640.38
1772625600,4636.92
1772629200,4594.86
1772632800,4586.43
1772636400,4619.50
1772640000,4634.24
1772643600,4678.80
1772647200,4639.41
1772650800,4608.73
1772654400,4590.66
1772658000,4600.86
1772661600,4550.66
1772665200,4581.14
1772668800,4554.90
1772672400,4552.67
1772676000,4493.13
1772679600,4456.15
1772683200,4460.41
1772686800,4513.30
1772690400,4570.57
1772694000,4583.50
1772697600,4600.94
1772701200,4582.74
1772704800,4599.53
1772708400,4561.06
1772712000,4524.66
1772715600,4572.82
1772719200,4533.27
1772722800,4542.59
1772726400,4583.09
1772730000,4559.77
1772733600,4604.92
1772737200,4600.68
1772740800,4545.49
1772744400,4518.57
1772748000,4505.62
1772751600,4487.45
1772755200,4430.72
1772758800,4426.19
1772762400,4425.73
1772766000,4493.24
1772769600,4474.63
1772773200,4519.76
1772776800,4522.55
1772780400,4579.96
1772784000,4585.97
1772787600,4603.83
1772791200,4581.08
1772794800,4561.20
1772798400,4625.91
1772802000,4675.07
1772805600,4721.48
1772809200,4743.86
1772812800,4722.60
1772816400,4696.65
1772820000,4678.11
1772823600,4744.79
1772827200,4775.53
1772830800,4734.19
1772834400,4789.50
1772838000,4805.13
1772841600,4734.15
1772845200,4689.22
1772848800,4616.87
1772852400,4613.28
1772856000,4661.25
1772859600,4646.26
1772863200,4628.56
1772866800,4629.42
1772870400,4618.28
1772874000,4650.23
1772877600,4634.98
1772881200,4674.52
1772884800,4646.73
1772888400,4707.51
1772892000,4685.39
1772895600,4747.60
1772899200,4747.33
1772902800,4766.40
1772906400,4748.76
1772910000,4784.84
1772913600,4794.33
1772917200,4807.58
1772920800,4878.36
1772924400,4864.80
1772928000,4835.75
1772931600,4855.84
1772935200,4871.54
1772938800,4874.84
1772942400,4941.24
1772946000,5006.51
1772949600,5012.59
1772953200,5028.56
1772956800,5118.39
1772960400,5063.29
1772964000,5049.50
1772967600,5050.70
1772971200,4989.37
1772974800,4971.00
1772978400,5039.81
1772982000,5078.51
1772985600,5063.50
1772989200,4998.72
1772992800,4913.01
1772996400,4966.62
1773000000,4972.87
1773003600,4969.39
1773007200,4966.71
1773010800,5005.68
1773014400,5002.18
1773018000,4950.59
1773021600,4954.66
1773025200,4965.96
1773028800,4943.27
1773032400,4973.06
1773036000,4948.49
1773039600,4877.26
1773043200,4856.82
1773046800,4872.61
1773050400,4870.33
1773054000,4879.15
1773057600,4939.06
1773061200,4926.85
1773064800,4941.69
1773068400,4979.76
1773072000,4937.82
1773075600,4945.55
1773079200,4931.95
1773082800,4982.11
1773086400,4982.67
1773090000,4965.77
1773093600,4936.21
1773097200,4965.28
1773100800,4900.92
1773104400,4963.54
1773108000,4918.98
1773111600,4939.79
1773115200,5041.42
1773118800,4943.01
1773122400,4913.30
1773126000,4913.85
1773129600,4955.32
1773133200,4882.00
1773136800,4809.59
1773140400,4765.12
1773144000,4695.02
1773147600,4672.17
1773151200,4650.76
1773154800,4574.99
1773158400,4588.66
1773162000,4543.73
1773165600,4560.85
1773169200,4568.26
1773172800,4559.57
1773176400,4516.86
1773180000,4537.96
1773183600,4532.19
1773187200,4554.22
1773190800,4537.72
1773194400,4585.34
1773198000,4611.89
1773201600,4589.80
1773205200,4538.61
1773208800,4574.16
1773212400,4599.90
1773216000,4603.03
1773219600,4588.57
1773223200,4617.31
1773226800,4619.50
1773230400,4644.85
1773234000,4742.95
1773237600,4770.41
1773241200,4781.14
1773244800,4829.41
1773248400,4820.22
1773252000,4782.12
1773255600,4788.61
1773259200,4825.51
1773262800,4821.15
1773266400,4823.83
1773270000,4823.66
1773273600,4861.84
1773277200,4863.12
1773280800,4874.15
1773284400,4874.19
1773288000,4887.57
1773291600,4927.76
1773295200,4920.37
1773298800,4947.93
1773302400,4919.79
1773306000,4943.61
1773309600,4911.13
1773313200,4891.89
1773316800,4855.88
1773320400,4887.78
1773324000,4931.99
1773327600,4952.23
1773331200,5029.42
1773334800,5011.15
1773338400,5006.75
1773342000,4974.02
1773345600,5007.70
1773349200,5007.02
1773352800,5026.17
1773356400,5068.74
1773360000,5061.39
1773363600,5072.74
1773367200,5094.24
1773370800,5146.84
1773374400,5123.53
1773378000,5092.99
1773381600,5084.02
1773385200,5090.58
1773388800,5071.77
1773392400,5128.10
1773396000,5121.85
1773399600,5072.86
1773403200,5184.58
1773406800,5184.23
1773410400,5129.62
1773414000,5101.49
1773417600,5111.43
1773421200,5117.61
1773424800,5136.32
1773428400,5148.33
1773432000,5125.69
1773435600,5117.93
1773439200,5111.17
1773442800,5177.21
1773446400,5174.02
1773450000,5184.76
1773453600,5177.45
1773457200,5214.55
1773460800,5254.15
1773464400,5242.38
1773468000,5185.57
1773471600,5276.74
1773475200,5291.04
1773478800,5303.62
1773482400,5264.15
1773486000,5239.83
1773489600,5302.17
1773493200,5283.14
1773496800,5285.68
1773500400,5274.53
1773504000,5228.78
1773507600,5227.65
1773511200,5222.78
1773514800,5215.85
1773518400,5158.58
1773522000,5104.08
1773525600,5042.89
1773529200,5088.26
1773532800,5090.95
1773536400,5148.56
1773540000,5087.82
1773543600,5131.59
1773547200,5095.23
1773550800,5093.41
1773554400,5087.78
1773558000,5062.94
1773561600,5092.42
1773565200,5086.75
1773568800,5007.84
1773572400,4946.27
1773576000,4921.34
1773579600,4956.42
1773583200,4930.48
1773586800,4883.91
1773590400,4902.47
1773594000,4862.23
1773597600,4898.45
1773601200,4968.29
1773604800,4937.85
1773608400,4983.46
1773612000,4981.29
1773615600,4999.11
1773619200,4988.68
1773622800,4990.51
1773626400,5048.79
1773630000,5076.58
1773633600,5109.83
1773637200,5111.06
1773640800,5151.74
1773644400,5101.16
1773648000,5045.74
1773651600,5065.61
1773655200,5071.60
1773658800,5049.22
1773662400,5059.07
1773666000,4995.40
1773669600,4967.46
1773673200,4964.03
1773676800,4953.99
1773680400,5009.86
1773684000,5016.71
1773687600,5003.46
1773691200,5040.58
1773694800,4988.77
1773698400,4983.96
1773702000,4957.64
1773705600,4917.60
1773709200,4910.10
1773712800,4900.65
1773716400,4855.03
1773720000,4889.70
1773723600,4881.88
1773727200,4857.27
1773730800,4839.15
1773734400,4821.46
1773738000,4804.01
1773741600,4827.87
1773745200,4879.21
1773748800,4929.56
1773752400,4939.59
1773756000,4931.23
1773759600,4958.50
1773763200,4936.00
1773766800,4881.44
1773770400,4845.01
1773774000,4868.08
1773777600,4836.39
1773781200,4790.84
1773784800,4795.35
1773788400,4804.67
1773792000,4827.33
1773795600,4761.08
1773799200,4733.29
1773802800,4779.52
1773806400,4716.43
1773810000,4714.75
1773813600,4686.96
1773817200,4687.81
1773820800,4708.05
1773824400,4722.90
1773828000,4724.34
1773831600,4743.15
1773835200,4690.06
1773838800,4669.98
1773842400,4633.78
1773846000,4597.92
1773849600,4672.01
1773853200,4710.61
1773856800,4685.75
1773860400,4720.89
1773864000,4686.69
1773867600,4724.14
1773871200,4731.68
1773874800,4812.67
1773878400,4810.62
1773882000,4848.74
1773885600,4812.53
1773889200,4879.05
1773892800,4821.34
1773896400,4842.82
1773900000,4840.63
1773903600,4822.48
1773907200,4873.50
1773910800,4883.70
1773914400,4931.16
1773918000,4928.48
1773921600,4910.76
1773925200,4971.01
1773928800,4924.91
1773932400,4952.76
1773936000,5000.96
1773939600,5079.62
1773943200,5054.12
1773946800,5069.37
1773950400,5021.88
1773954000,5016.49
1773957600,5024.72
1773961200,5034.94
1773964800,5076.95
1773968400,5038.28
1773972000,5035.81
1773975600,5121.62
1773979200,5055.08
1773982800,5021.90
1773986400,5042.85
1773990000,5082.39
1773993600,5026.82
1773997200,4988.40
1774000800,5013.81
1774004400,5005.71
1774008000,5022.73
1774011600,5075.04
1774015200,5081.59
1774018800,5044.56
1774022400,5008.03
1774026000,5008.44
1774029600,4969.68
1774033200,4993.69
1774036800,5005.75
1774040400,5032.57
1774044000,5030.75
1774047600,5063.83
1774051200,5050.78
1774054800,5036.63
1774058400,5070.56
1774062000,5081.24
1774065600,5067.28
1774069200,5026.19
1774072800,5063.16
1774076400,5012.49
1774080000,5071.58
1774083600,5023.00
1774087200,4958.45
1774090800,4945.97
1774094400,4933.27
1774098000,4948.78
1774101600,4972.53
1774105200,4932.19
1774108800,4930.77
1774112400,4867.46
1774116000,4891.20
1774119600,4935.43
1774123200,4992.52
1774126800,5048.64
1774130400,5052.77
1774134000,5049.50
1774137600,5009.89
1774141200,5007.93
1774144800,4973.89
1774148400,5013.01
1774152000,5008.79
1774155600,5005.56
1774159200,5007.99
1774162800,5006.96
1774166400,4960.35
1774170000,4974.78
1774173600,4919.03
1774177200,4909.90
1774180800,4903.60
1774184400,4948.80
1774188000,4916.96
1774191600,4901.78
1774195200,4881.73
1774198800,4856.17
1774202400,4895.72
1774206000,4891.52
1774209600,4865.28
1774213200,4908.14
1774216800,4943.08
1774220400,4922.38
1774224000,4982.55
1774227600,4967.14
1774231200,4934.49
1774234800,4940.93
1774238400,4905.36
1774242000,4872.14
1774245600,4872.23
1774249200,4896.53
1774252800,4933.47
1774256400,4900.09
1774260000,4877.96
1774263600,4880.72
1774267200,4895.14
1774270800,5001.18
1774274400,4910.82
1774278000,4961.91
1774281600,4960.04
1774285200,4919.83
1774288800,4942.83
1774292400,4959.22
1774296000,4967.10
1774299600,5002.10
1774303200,4955.00
1774306800,4970.92
1774310400,4960.89
1774314000,4931.30
1774317600,4926.94
1774321200,4939.68
1774324800,4892.42
1774328400,4821.36
1774332000,4749.21
1774335600,4725.32
1774339200,4683.73
1774342800,4794.31
1774346400,4808.00
1774350000,4853.00
1774353600,4839.96
1774357200,4900.33
1774360800,4948.79
1774364400,4967.19
1774368000,5030.45
1774371600,5094.89
1774375200,5054.47
1774378800,5038.42
1774382400,5026.78
1774386000,5021.31
1774389600,5037.41
1774393200,5040.87
1774396800,4998.75
1774400400,4944.95
1774404000,4951.89
1774407600,4923.16
1774411200,4960.75
1774414800,5007.21
1774418400,4914.60
1774422000,4862.29
1774425600,4777.40
1774429200,4747.76
1774432800,4777.36
1774436400,4787.57
1774440000,4806.35
1774443600,4826.05
1774447200,4899.79
1774450800,4967.97
1774454400,4992.19
1774458000,5038.60
1774461600,5087.09
1774465200,5148.68
1774468800,5169.89
1774472400,5209.02
1774476000,5181.92
1774479600,5206.67
1774483200,5210.74
1774486800,5227.16
1774490400,5219.48
1774494000,5217.46
1774497600,5213.85
1774501200,5187.45
1774504800,5175.02
1774508400,5182.01
1774512000,5134.25
1774515600,5152.67
1774519200,5121.23
1774522800,5096.94
1774526400,5145.25
1774530000,5113.16
1774533600,5094.24
1774537200,5124.58
1774540800,5083.47
1774544400,5056.16
1774548000,5022.78
1774551600,4976.68
1774555200,4952.05
1774558800,4932.65
1774562400,4959.13
1774566000,4984.13
1774569600,4980.39
1774573200,4979.20
1774576800,5020.05
1774580400,4971.70
1774584000,5013.58
1774587600,5019.32
1774591200,4982.52
1774594800,4986.00
1774598400,4963.06
1774602000,4979.82
1774605600,4985.55
1774609200,5046.44
1774612800,5043.59
1774616400,5056.22
1774620000,5046.92
1774623600,5084.06
1774627200,5060.48
1774630800,5087.68
1774634400,5044.23
1774638000,4977.83
1774641600,4979.45
1774645200,4971.87
1774648800,4965.22
1774652400,5027.28
1774656000,5021.39
1774659600,5021.58
1774663200,5093.08
1774666800,5151.79
1774670400,5236.97
1774674000,5332.15
1774677600,5357.34
1774681200,5332.37
1774684800,5329.24
1774688400,5246.81
1774692000,5202.27
1774695600,5222.56
1774699200,5243.90
1774702800,5306.76
1774706400,5336.99
1774710000,5324.75
1774713600,5379.18
1774717200,5432.45
1774720800,5585.56
1774724400,5513.78
1774728000,5530.10
1774731600,5516.32
1774735200,5510.01
1774738800,5555.01
1774742400,5552.89
1774746000,5520.83
1774749600,5442.47
1774753200,5470.60
1774756800,5506.22
1774760400,5469.78
1774764000,5508.56
1774767600,5524.35
1774771200,5529.24
1774774800,5529.99
1774778400,5560.63
1774782000,5630.53
1774785600,5591.12
1774789200,5602.49
1774792800,5594.23
1774796400,5585.26
1774800000,5529.11
1774803600,5552.58
1774807200,5532.79
1774810800,5529.41
1774814400,5488.54
1774818000,5559.82
1774821600,5525.56
1774825200,5486.24
1774828800,5467.31
1774832400,5393.24
1774836000,5382.45
1774839600,5369.66
1774843200,5361.16
1774846800,5381.57
1774850400,5457.62
1774854000,5508.77
1774857600,5505.67
1774861200,5505.14
1774864800,5430.86
1774868400,5448.73
1774872000,5500.31
1774875600,5562.67
1774879200,5537.98
1774882800,5571.08
1774886400,5498.35
1774890000,5476.09
1774893600,5449.65
1774897200,5409.37
1774900800,5413.16
1774904400,5401.98
1774908000,5471.84
1774911600,5387.41
1774915200,5384.32
1774918800,5374.26
1774922400,5371.68
1774926000,5358.35
1774929600,5310.78
1774933200,5323.45
1774936800,5394.82
1774940400,5330.88
1774944000,5330.42
1774947600,5307.37
1774951200,5356.22
1774954800,5346.83
1774958400,5344.84
1774962000,5300.67
1774965600,5318.47
1774969200,5267.93
1774972800,5153.37
1774976400,5166.21
1774980000,5208.56
1774983600,5176.06
1774987200,5201.95
1774990800,5201.01
1774994400,5159.96
1774998000,5177.06
1775001600,5137.55
1775005200,5080.19
1775008800,5139.62
1775012400,5156.44
1775016000,5111.60
1775019600,5106.06
1775023200,5160.07
1775026800,5166.48
1775030400,5161.69
1775034000,5146.66
1775037600,5086.59
1775041200,5147.42
1775044800,5139.86
1775048400,5164.12
1775052000,5108.45
1775055600,5183.11
1775059200,5191.93
1775062800,5201.39
1775066400,5197.99
1775070000,5172.18
1775073600,5187.42
1775077200,5252.99
1775080800,5256.05
1775084400,5275.98
1775088000,5280.67
1775091600,5298.52
1775095200,5294.06
1775098800,5284.69
1775102400,5258.35
1775106000,5303.99
1775109600,5249.16
1775113200,5306.68
1775116800,5294.53
1775120400,5273.43
1775124000,5333.95
1775127600,5377.80
1775131200,5351.89
1775134800,5350.94
1775138400,5416.49
1775142000,5442.92
1775145600,5483.42
1775149200,5487.36
1775152800,5401.74
1775156400,5356.36
1775160000,5330.22
1775163600,5381.70
1775167200,5344.84
1775170800,5360.01
1775174400,5429.16
1775178000,5421.24
1775181600,5480.32
1775185200,5443.46
1775188800,5475.07
1775192400,5518.78
1775196000,5572.05
1775199600,5597.78
1775203200,5562.72
1775206800,5619.91
1775210400,5607.06
1775214000,5517.84
1775217600,5534.49
1775221200,5485.80
1775224800,5480.57
1775228400,5538.70
1775232000,5468.32
1775235600,5412.15
1775239200,5472.68
1775242800,5510.74
1775246400,5475.29
1775250000,5413.82
1775253600,5390.85
1775257200,5361.13
1775260800,5354.79
1775264400,5359.67
1775268000,5441.81
1775271600,5451.89
1775275200,5501.11
1775278800,5466.91
1775282400,5536.49
1775286000,5493.78
1775289600,5436.71
1775293200,5384.03
1775296800,5359.01
1775300400,5395.20
1775304000,5356.00
1775307600,5387.50
1775311200,5495.59
1775314800,5526.12
1775318400,5571.93
1775322000,5621.77
1775325600,5594.53
1775329200,5560.03
1775332800,5587.33
1775336400,5648.27
1775340000,5716.98
1775343600,5762.09
1775347200,5728.31
1775350800,5706.21
1775354400,5720.36
1775358000,5737.62
1775361600,5755.07
1775365200,5778.47
1775368800,5790.76
1775372400,5810.88
1775376000,5862.85
1775379600,5916.84
1775383200,5917.34
1775386800,5939.93
1775390400,5968.56
1775394000,5963.73
1775397600,5957.87
1775401200,5982.68
1775404800,6057.47
1775408400,6066.61
1775412000,6034.65
1775415600,6039.55
1775419200,6028.41
1775422800,5961.78
1775426400,5888.76
1775430000,5890.08
1775433600,5912.84
1775437200,5867.83
1775440800,5901.94
1775444400,5896.29
1775448000,5896.67
1775451600,5912.91
1775455200,5858.83
1775458800,5802.72
1775462400,5756.52
1775466000,5704.16
1775469600,5707.92
1775473200,5724.30
1775476800,5765.76
1775480400,5759.17
1775484000,5663.95
1775487600,5640.24
1775491200,5719.67
1775494800,5746.04
1775498400,5649.48
1775502000,5650.05
1775505600,5706.48
1775509200,5657.18
1775512800,5662.09
1775516400,5659.20
1775520000,5692.82
1775523600,5679.43
1775527200,5676.90
1775530800,5646.85
1775534400,5660.76
1775538000,5614.52
1775541600,5594.30
1775545200,5515.74
1775548800,5497.04
1775552400,5511.42
1775556000,5486.91
1775559600,5448.31
1775563200,5474.75
1775566800,5413.73
1775570400,5419.48
1775574000,5405.96
1775577600,5440.53
1775581200,5438.03
1775584800,5380.79
1775588400,5383.64
1775592000,5432.37
1775595600,5397.48
1775599200,5399.68
1775602800,5441.70
1775606400,5406.59
1775610000,5368.89
1775613600,5358.60
1775617200,5394.76
1775620800,5406.02
1775624400,5403.33
1775628000,5422.27
1775631600,5426.20
1775635200,5377.42
1775638800,5346.49
1775642400,5286.46
1775646000,5328.70
1775649600,5260.57
1775653200,5265.67
1775656800,5248.85
1775660400,5220.17
1775664000,5184.10
1775667600,5151.65
1775671200,5128.02
1775674800,5145.35
1775678400,5141.49
1775682000,5185.26
1775685600,5190.11
1775689200,5199.90
1775692800,5162.20
1775696400,5202.23
1775700000,5164.32
1775703600,5147.12
1775707200,5162.02
1775710800,5133.64
1775714400,5031.81
1775718000,5046.97
1775721600,5014.48
1775725200,4973.74
1775728800,4892.53
1775732400,4830.43
1775736000,4854.84
1775739600,4927.82
1775743200,4909.75
1775746800,4887.41
1775750400,4882.44
1775754000,4833.99
1775757600,4831.84
1775761200,4884.46
1775764800,4945.05
1775768400,4920.00
1775772000,4932.60
1775775600,4934.75
1775779200,4920.95
1775782800,4998.97
1775786400,4995.22
1775790000,4993.32
1775793600,5043.08
1775797200,5104.88
1775800800,5152.95
1775804400,5193.29
1775808000,5173.02
1775811600,5178.06
1775815200,5155.51
1775818800,5172.48
1775822400,5194.18
1775826000,5216.93
1775829600,5107.75
1775833200,5095.46
1775836800,5093.17
1775840400,5019.32
1775844000,4995.23
1775847600,5039.39
1775851200,5044.77
1775854800,5020.86
1775858400,4965.04
1775862000,4941.09
1775865600,4951.91
1775869200,4931.20
1775872800,4991.60
1775876400,4933.70
1775880000,4929.56
1775883600,4918.64
1775887200,4956.84
1775890800,4989.05
1775894400,5069.36
1775898000,5070.82
1775901600,5199.26
1775905200,5176.28
1775908800,5230.01
1775912400,5186.73
1775916000,5286.30
1775919600,5313.02
1775923200,5305.76
1775926800,5234.92
1775930400,5236.58
1775934000,5223.41
1775937600,5215.51
1775941200,5151.88
1775944800,5188.61
1775948400,5194.52
1775952000,5194.98
1775955600,5132.91
1775959200,5157.55
1775962800,5106.77
1775966400,5108.36
1775970000,5140.66
1775973600,5162.06
1775977200,5154.68
1775980800,5122.49
1775984400,5097.74
1775988000,5110.49
1775991600,5021.82
1775995200,5017.26
1775998800,5047.57
1776002400,5009.99
1776006000,5026.40
1776009600,5095.93
1776013200,5043.05
1776016800,5033.76
1776020400,5018.86
1776024000,4971.09
1776027600,4934.25
1776031200,4964.47
1776034800,5008.11
1776038400,4978.47
1776042000,5022.64
1776045600,4989.54
1776049200,4982.53
1776052800,4986.35
1776056400,4966.04
1776060000,4982.14
1776063600,4964.51
1776067200,4976.29
1776070800,4891.42
1776074400,4887.63
1776078000,4838.70
1776081600,4779.91
1776085200,4707.45
1776088800,4678.42
1776092400,4720.78
1776096000,4703.85
1776099600,4669.98
1776103200,4635.60
1776106800,4632.36
1776110400,4665.22
1776114000,4694.66
1776117600,4704.33
1776121200,4704.95
1776124800,4698.85
1776128400,4657.06
1776132000,4663.34
1776135600,4647.09
1776139200,4643.44
1776142800,4638.70
1776146400,4611.64
1776150000,4602.02
1776153600,4655.72
1776157200,4638.09
1776160800,4610.48
1776164400,4667.14
1776168000,4618.41
1776171600,4604.73
1776175200,4580.55
1776178800,4536.65
1776182400,4515.68
1776186000,4556.87
1776189600,4519.61
1776193200,4488.99
1776196800,4508.28
1776200400,4564.37
1776204000,4555.03
1776207600,4541.40
1776211200,4529.29
1776214800,4500.20
1776218400,4476.27
1776222000,4509.22
1776225600,4573.02
1776229200,4565.02
1776232800,4537.68
1776236400,4525.86
1776240000,4509.59
1776243600,4530.66
1776247200,4554.28
1776250800,4533.91
1776254400,4538.69
1776258000,4521.86
1776261600,4507.83
1776265200,4516.19
1776268800,4537.73
1776272400,4580.41
1776276000,4613.73
1776279600,4619.82
1776283200,4623.00
1776286800,4556.93
1776290400,4524.36
1776294000,4523.02
1776297600,4553.68
1776301200,4597.44
1776304800,4613.62
1776308400,4641.61
1776312000,4673.25
1776315600,4620.04
1776319200,4597.58
1776322800,4597.68
1776326400,4611.77
1776330000,4493.96
1776333600,4505.49
1776337200,4540.63
1776340800,4562.75
1776344400,4566.02
1776348000,4536.40
1776351600,4496.55
1776355200,4516.44
1776358800,4513.68
1776362400,4570.26
1776366000,4585.79
1776369600,4581.29
1776373200,4597.97
1776376800,4629.18
1776380400,4571.88
1776384000,4544.38
1776387600,4536.03
1776391200,4501.15
1776394800,4507.99
1776398400,4556.50
1776402000,4511.08
1776405600,4557.34
1776409200,4549.74
1776412800,4577.51
1776416400,4609.08
1776420000,4684.70
1776423600,4641.79
1776427200,4719.61
1776430800,4762.08
1776434400,4778.38
1776438000,4733.93
1776441600,4692.46
1776445200,4642.02
1776448800,4637.78
1776452400,4623.32
1776456000,4570.14
1776459600,4565.72
1776463200,4592.83
1776466800,4551.41
1776470400,4586.40
1776474000,4556.03
1776477600,4584.07
1776481200,4666.04
1776484800,4702.55
1776488400,4698.84
1776492000,4639.31
1776495600,4692.46
1776499200,4661.83
1776502800,4686.68
1776506400,4703.72
1776510000,4777.19
1776513600,4802.38
1776517200,4812.12
1776520800,4811.94
1776524400,4795.52
1776528000,4797.97
1776531600,4832.13
1776535200,4843.79
1776538800,4825.01
1776542400,4833.65
1776546000,4850.96
1776549600,4805.45
1776553200,4822.11
1776556800,4847.97
1776560400,4887.27
1776564000,4879.20
1776567600,4931.97
1776571200,4935.87
1776574800,4888.76
1776578400,4933.41
1776582000,4946.12
1776585600,4943.17
1776589200,4993.50
1776592800,5056.82
1776596400,5027.55
1776600000,4995.70
1776603600,4952.26
1776607200,5043.54
1776610800,5012.71
1776614400,5073.99
1776618000,5113.17
1776621600,5098.40
1776625200,5155.25
1776628800,5187.94
1776632400,5102.52
1776636000,5067.38
1776639600,5068.19
1776643200,5074.43
1776646800,5049.57
1776650400,4987.57
1776654000,4953.10
1776657600,4950.03
1776661200,4945.93
1776664800,4909.03
1776668400,4941.23
1776672000,4949.33
1776675600,4900.26
1776679200,4941.81
1776682800,4946.77
1776686400,4937.54
1776690000,4937.12
1776693600,4972.35
1776697200,4904.10
1776700800,4899.29
1776704400,4954.67
1776708000,4959.44
1776711600,4972.21
1776715200,5050.92
1776718800,5021.02
1776722400,5061.72
1776726000,5057.59
1776729600,4978.12
1776733200,5033.52
1776736800,5111.07
1776740400,5124.37
1776744000,5127.58
1776747600,5163.83
1776751200,5189.47
1776754800,5253.06
1776758400,5194.74
1776762000,5188.49
1776765600,5236.70
1776769200,5235.16
1776772800,5228.24
1776776400,5240.70
1776780000,5248.93
1776783600,5281.26
1776787200,5309.46
1776790800,5263.74
1776794400,5207.79
1776798000,5125.20
1776801600,5135.20
1776805200,5119.03
1776808800,5070.59
1776812400,4999.09
1776816000,5047.00
1776819600,5062.77
1776823200,5055.08
1776826800,5075.05
1776830400,4992.02
1776834000,5027.83
1776837600,5019.47
1776841200,4966.81
1776844800,4935.46
1776848400,4915.53
1776852000,4887.45
1776855600,4837.43
1776859200,4841.66
1776862800,4839.45
1776866400,4886.69
1776870000,4884.13
1776873600,4947.03
1776877200,4939.45
1776880800,4908.01
1776884400,4941.75
1776888000,4957.86
1776891600,4930.61
1776895200,4923.20
1776898800,4958.59
1776902400,4902.92
1776906000,4824.86
1776909600,4865.48
1776913200,4831.04
1776916800,4791.78
1776920400,4814.13
1776924000,4809.65
1776927600,4803.65
1776931200,4752.05
1776934800,4762.27
1776938400,4796.54
1776942000,4841.41
1776945600,4884.94
1776949200,4914.89
1776952800,4968.39
1776956400,5011.49
1776960000,5042.24
1776963600,5002.53
1776967200,5014.20
1776970800,5048.59
1776974400,4984.84
1776978000,5007.67
1776981600,5001.37
1776985200,4944.90
1776988800,4934.84
1776992400,4936.80
1776996000,4928.98
1776999600,4936.38
1777003200,4925.76
1777006800,4884.60
1777010400,4927.03
1777014000,5008.95
1777017600,5013.92
1777021200,5016.92
1777024800,4995.09
1777028400,4999.02
1777032000,5052.50
1777035600,5061.34
1777039200,5071.42
1777042800,5056.86
1777046400,5002.39
1777050000,5004.78
1777053600,4992.19
1777057200,4920.88
1777060800,4974.74
1777064400,4943.98
1777068000,4885.72
1777071600,4892.81
1777075200,4998.34
1777078800,5071.61
1777082400,5039.35
1777086000,5089.73
1777089600,5047.27
1777093200,5068.12
1777096800,5100.12
1777100400,5137.36
1777104000,5211.50
1777107600,5225.43
1777111200,5194.39
1777114800,5203.40
1777118400,5239.83
1777122000,5214.39
1777125600,5161.04
1777129200,5128.30
1777132800,5105.86
1777136400,5049.99
1777140000,4989.87
1777143600,5011.55
1777147200,4987.99
1777150800,5007.03
1777154400,5020.09
1777158000,4991.94
1777161600,5005.63
1777165200,4993.58
1777168800,5014.25
1777172400,5009.63
1777176000,4993.56
1777179600,5012.89
1777183200,4971.04
1777186800,4985.55
1777190400,4957.81
1777194000,4935.39
1777197600,4978.15
1777201200,5000.78
1777204800,4990.91
1777208400,4993.04
1777212000,4946.92
1777215600,4947.52
1777219200,4898.90
1777222800,4862.51
1777226400,4895.77
1777230000,4875.46
1777233600,4944.55
1777237200,4897.56
1777240800,4899.55
1777244400,4854.52
1777248000,4816.73
1777251600,4834.08
1777255200,4766.57
1777258800,4822.07
1777262400,4894.12
1777266000,4860.14
1777269600,4878.75
1777273200,4897.62
1777276800,4956.92
1777280400,4965.57
1777284000,5004.87
1777287600,4990.13
1777291200,5014.43
1777294800,5006.84
1777298400,4989.62
1777302000,4914.01
1777305600,4939.18
1777309200,4960.95
1777312800,4939.58
1777316400,4919.46
1777320000,4919.69
1777323600,4956.70
1777327200,4969.54
1777330800,4995.44
1777334400,4969.32
1777338000,4956.78
1777341600,5037.03
1777345200,5022.02
1777348800,5005.37
1777352400,4947.94
1777356000,4976.93
1777359600,5012.71
1777363200,4959.00
1777366800,4942.92
1777370400,4898.70
1777374000,4872.94
1777377600,4931.68
1777381200,4855.33
1777384800,4833.10
1777388400,4809.26
1777392000,4795.56
1777395600,4756.69
1777399200,4801.70
1777402800,4782.55
1777406400,4803.05
1777410000,4825.95
1777413600,4788.07
1777417200,4821.69
1777420800,4856.39
1777424400,4856.49
1777428000,4861.74
1777431600,4935.31
1777435200,4916.54
1777438800,4922.81
1777442400,4897.86
1777446000,4908.84
1777449600,4914.39
1777453200,4863.06
1777456800,4919.21
1777460400,4906.93
1777464000,4896.01
1777467600,4901.20
1777471200,4883.84
1777474800,4886.75
1777478400,4896.55
1777482000,4903.74
1777485600,4887.19
1777489200,4876.18
1777492800,4949.65
1777496400,4988.94
1777500000,4949.30
1777503600,5013.80
1777507200,4957.00
1777510800,4882.72
1777514400,4869.97
1777518000,4812.59
1777521600,4794.09
1777525200,4798.97
1777528800,4875.87
1777532400,4854.61
1777536000,4808.52
1777539600,4835.86
1777543200,4838.33
1777546800,4866.63
1777550400,4897.89
1777554000,4800.66
1777557600,4759.51
1777561200,4765.34
1777564800,4774.73
1777568400,4806.73
1777572000,4817.31
1777575600,4787.64
1777579200,4739.54
1777582800,4689.61
1777586400,4690.10
1777590000,4644.96
1777593600,4670.38
1777597200,4692.15
1777600800,4653.19
1777604400,4658.35
1777608000,4642.88
1777611600,4580.14
1777615200,4610.79
1777618800,4600.48
1777622400,4580.74
1777626000,4616.01
1777629600,4566.75
1777633200,4564.65
1777636800,4547.26
1777640400,4614.25
1777644000,4646.59
1777647600,4640.27
1777651200,4608.13
1777654800,4612.43
1777658400,4560.31
1777662000,4641.57
1777665600,4668.63
1777669200,4652.37
1777672800,4597.39
1777676400,4617.99
1777680000,4633.89
1777683600,4647.40
1777687200,4653.96
1777690800,4628.08
1777694400,4625.37
1777698000,4618.00
1777701600,4606.18
1777705200,4622.40
1777708800,4575.71
1777712400,4600.25
1777716000,4567.07
1777719600,4589.85
1777723200,4593.41
1777726800,4660.45
1777730400,4641.36
1777734000,4599.82
1777737600,4565.81
1777741200,4523.09
1777744800,4543.48
1777748400,4483.19
1777752000,4472.52
1777755600,4526.05
1777759200,4473.72
1777762800,4441.29
1777766400,4473.63
1777770000,4494.79
1777773600,4539.13
1777777200,4559.98
1777780800,4528.96
1777784400,4539.98
1777788000,4509.52
1777791600,4521.37
1777795200,4515.55
1777798800,4458.82
1777802400,4515.91
1777806000,4454.74
1777809600,4460.27
1777813200,4412.52
1777816800,4404.82
1777820400,4400.92
1777824000,4430.93
1777827600,4339.63
1777831200,4302.39
1777834800,4363.06
1777838400,4407.86
1777842000,4405.56
1777845600,4385.27
1777849200,4391.21
1777852800,4358.10
1777856400,4449.88
1777860000,4391.24
1777863600,4396.01
1777867200,4399.76
1777870800,4444.44
1777874400,4441.31
1777878000,4448.86
1777881600,4458.16
1777885200,4502.43
1777888800,4538.42
1777892400,4546.73
1777896000,4599.45
1777899600,4560.19
1777903200,4554.02
1777906800,4535.54
1777910400,4529.42
1777914000,4522.57
1777917600,4535.06
1777921200,4546.69
1777924800,4590.15
1777928400,4603.90
1777932000,4571.07
1777935600,4550.98
1777939200,4572.94
1777942800,4551.89
1777946400,4541.85
1777950000,4550.94
1777953600,4518.57
1777957200,4437.32
1777960800,4472.42
1777964400,4467.76
1777968000,4433.75
1777971600,4486.12
1777975200,4540.70
1777978800,4577.89
1777982400,4568.56
1777986000,4580.74
1777989600,4565.41
1777993200,4539.84
1777996800,4584.76
1778000400,4552.22
1778004000,4578.99
1778007600,4553.47
1778011200,4549.70
1778014800,4562.70
1778018400,4600.28
1778022000,4565.39
1778025600,4582.57
1778029200,4568.45
1778032800,4546.08
1778036400,4543.72
1778040000,4639.97
1778043600,4667.96
1778047200,4679.43
1778050800,4647.72
1778054400,4672.20
1778058000,4656.22
1778061600,4688.76
1778065200,4683.02
1778068800,4765.52
1778072400,4754.27
1778076000,4779.99
1778079600,4797.82
1778083200,4732.84
1778086800,4702.29
1778090400,4711.20
1778094000,4713.68
1778097600,4745.45
1778101200,4789.96
1778104800,4818.53
1778108400,4869.11
1778112000,4911.29
1778115600,4935.62
1778119200,4904.48
1778122800,4931.71
1778126400,4983.02
1778130000,5047.26
1778133600,4999.47
1778137200,4960.66
1778140800,4873.88
1778144400,4825.57
1778148000,4819.77
1778151600,4843.04
1778155200,4832.22
1778158800,4849.38
1778162400,4845.33
1778166000,4848.28
1778169600,4897.78
1778173200,4878.53
1778176800,4843.85
1778180400,4848.83
1778184000,4805.39
1778187600,4803.54
1778191200,4805.82
1778194800,4773.82
1778198400,4795.76
1778202000,4803.45
1778205600,4794.79
1778209200,4856.11
1778212800,4802.04
1778216400,4810.82
1778220000,4893.66
1778223600,4896.84
1778227200,4896.94
1778230800,4862.01
1778234400,4917.78
1778238000,4953.35
1778241600,4914.69
1778245200,4934.06
1778248800,4979.83
1778252400,4968.52
1778256000,4957.84
1778259600,5031.47
1778263200,5014.71
1778266800,4995.95
1778270400,5015.47
1778274000,5065.65
1778277600,5049.85
1778281200,5037.87
1778284800,5036.83
1778288400,5098.77
1778292000,5098.77
1778295600,5113.86
1778299200,5105.40
1778302800,5048.86
1778306400,5017.41
1778310000,5020.68
1778313600,5000.15
1778317200,5015.05
1778320800,5064.10
1778324400,5091.91
1778328000,5118.91
1778331600,5121.51
1778335200,5038.04
1778338800,5108.83
1778342400,5126.18
1778346000,5079.05
1778349600,5023.78
1778353200,5062.71
1778356800,5048.66
1778360400,5078.74
1778364000,5107.84
1778367600,5142.18
1778371200,5153.46
1778374800,5183.05
1778378400,5040.34
1778382000,5026.95
1778385600,4998.40
1778389200,4992.53
1778392800,4951.51
1778396400,4935.39
1778400000,4983.57
1778403600,4939.15
1778407200,4899.29
1778410800,4879.23
1778414400,4864.33
1778418000,4914.95
1778421600,4910.16
1778425200,4937.13
1778428800,4912.72
1778432400,4874.81
1778436000,4977.26
1778439600,5030.01
1778443200,5056.72
1778446800,5017.72
1778450400,4987.21
1778454000,4978.64
1778457600,4927.51
1778461200,4897.50
1778464800,4930.00
1778468400,4885.79
1778472000,4822.27
1778475600,4850.78
1778479200,4863.26
1778482800,4844.41
1778486400,4827.76
1778490000,4882.58
1778493600,4882.07
1778497200,4790.60
1778500800,4791.02
1778504400,4760.83
1778508000,4748.30
1778511600,4664.05
1778515200,4643.11
1778518800,4604.62
1778522400,4584.93
1778526000,4577.91
1778529600,4606.93
1778533200,4579.26
1778536800,4531.28
1778540400,4499.25
1778544000,4550.13
1778547600,4605.37
1778551200,4643.39
1778554800,4674.96
1778558400,4675.32
1778562000,4702.21
1778565600,4643.49
1778569200,4642.57
1778572800,4639.70
1778576400,4605.43
1778580000,4678.47
1778583600,4725.34
1778587200,4725.48
1778590800,4707.98
1778594400,4722.52
1778598000,4649.44
1778601600,4649.05
1778605200,4638.20
1778608800,4599.95
1778612400,4633.62
1778616000,4679.72
1778619600,4681.07
1778623200,4721.26
1778626800,4756.57
1778630400,4792.51
1778634000,4819.57
1778637600,4814.39
1778641200,4799.90
1778644800,4796.12
1778648400,4757.79
1778652000,4762.70
1778655600,4814.30
1778659200,4777.77
1778662800,4805.73
1778666400,4813.82
1778670000,4801.84
1778673600,4775.01
1778677200,4791.60
1778680800,4822.70
1778684400,4851.11
1778688000,4863.99
1778691600,4860.09
1778695200,4861.92
1778698800,4838.45
1778702400,4820.97
1778706000,4808.70
1778709600,4810.27
1778713200,4835.98
1778716800,4806.61
1778720400,4814.22
1778724000,4776.85
1778727600,4738.37
1778731200,4766.02
1778734800,4795.61
1778738400,4812.23
1778742000,4795.30
1778745600,4805.83
1778749200,4800.41
1778752800,4826.19
1778756400,4807.65
1778760000,4886.22
1778763600,4942.06
1778767200,4903.48
1778770800,4890.96
1778774400,4906.82
1778778000,4910.27
1778781600,4836.53
1778785200,4800.74
1778788800,4813.64
1778792400,4827.34
1778796000,4901.01
1778799600,4924.91
1778803200,4906.02
1778806800,4943.50
1778810400,4978.17
1778814000,4989.34
1778817600,4945.40
1778821200,4917.08
1778824800,4894.08
1778828400,4978.82
1778832000,5030.44
1778835600,4991.69
1778839200,5008.22
1778842800,5045.47
1778846400,5031.58
1778850000,4974.61
1778853600,4996.53
1778857200,5006.07
1778860800,4990.45
1778864400,4910.08
1778868000,4980.77
1778871600,4993.47
1778875200,5000.54
1778878800,5056.73
1778882400,5028.86
1778886000,5040.43
1778889600,5121.39
1778893200,5058.52
1778896800,5018.77
1778900400,4991.37
1778904000,4960.07
1778907600,4945.14
1778911200,4944.82
1778914800,4944.06
1778918400,4933.02
1778922000,4934.88
1778925600,4940.12
1778929200,5001.05
1778932800,4918.09
1778936400,4906.84
1778940000,4908.48
1778943600,4869.09
1778947200,4849.33
1778950800,4864.38
1778954400,4819.84
1778958000,4816.58
1778961600,4810.01
1778965200,4813.94
1778968800,4870.70
1778972400,4846.15
1778976000,4862.79
1778979600,4743.04
1778983200,4719.09
1778986800,4695.72
1778990400,4695.00
1778994000,4662.29
1778997600,4686.75
1779001200,4679.02
1779004800,4719.75
1779008400,4670.63
1779012000,4609.01
1779015600,4645.78
1779019200,4602.95
1779022800,4593.30
1779026400,4637.12
1779030000,4593.31
1779033600,4610.60
1779037200,4681.00
1779040800,4689.60
1779044400,4600.87
1779048000,4585.25
1779051600,4559.02
1779055200,4574.49
1779058800,4561.46
1779062400,4595.07
1779066000,4517.09
1779069600,4575.83
1779073200,4592.96
1779076800,4568.31
1779080400,4568.00
1779084000,4564.23
1779087600,4597.03
1779091200,4618.26
1779094800,4644.60
1779098400,4654.50
1779102000,4609.89
1779105600,4587.79
1779109200,4537.56
1779112800,4542.43
1779116400,4518.00
1779120000,4505.03
1779123600,4515.07
1779127200,4481.22
1779130800,4549.10
1779134400,4549.47
1779138000,4507.46
1779141600,4502.41
1779145200,4480.19
1779148800,4493.10
1779152400,4527.96
1779156000,4572.23
1779159600,4549.64
1779163200,4533.80
1779166800,4530.49
1779170400,4508.68
1779174000,4447.16
1779177600,4447.21
1779181200,4432.84
1779184800,4431.04
1779188400,4448.65
1779192000,4462.54
1779195600,4438.67
1779199200,4451.37
1779202800,4447.90
1779206400,4405.97
1779210000,4403.37
1779213600,4395.38
1779217200,4387.32
1779220800,4359.62
1779224400,4303.24
1779228000,4242.51
1779231600,4223.88
1779235200,4175.75
1779238800,4235.73
1779242400,4254.92
1779246000,4271.18
1779249600,4326.18
1779253200,4329.65
1779256800,4276.66
1779260400,4244.66
1779264000,4292.73
1779267600,4306.63
1779271200,4309.56
1779274800,4346.14
1779278400,4320.48
1779282000,4327.70
1779285600,4313.50
1779289200,4345.16
1779292800,4399.69
1779296400,4457.63
1779300000,4491.14
1779303600,4465.01
1779307200,4453.47
1779310800,4477.03
1779314400,4472.77
1779318000,4383.04
1779321600,4344.79
1779325200,4351.13
1779328800,4298.73
1779332400,4303.76
1779336000,4352.19
1779339600,4326.16
1779343200,4318.60
1779346800,4312.39
1779350400,4343.94
1779354000,4392.94
1779357600,4355.38
1779361200,4334.77
1779364800,4276.67
1779368400,4293.76
1779372000,4257.34
1779375600,4212.95
1779379200,4213.38
1779382800,4184.95
1779386400,4227.86
1779390000,4187.10
1779393600,4158.76
1779397200,4172.70
1779400800,4145.78
1779404400,4165.92
1779408000,4169.41
1779411600,4210.02
1779415200,4244.87
1779418800,4281.17
1779422400,4310.47
1779426000,4264.33
1779429600,4268.28
1779433200,4206.55
1779436800,4232.29
1779440400,4288.05
1779444000,4271.11
1779447600,4233.18
1779451200,4236.89
1779454800,4271.02
1779458400,4234.47
1779462000,4239.85
1779465600,4250.04
1779469200,4281.39
1779472800,4270.26
1779476400,4290.38
1779480000,4315.77
1779483600,4273.11
1779487200,4264.62
1779490800,4309.89
1779494400,4283.86
1779498000,4272.19
1779501600,4224.02
1779505200,4267.81
1779508800,4249.22
1779512400,4251.82
1779516000,4240.65
1779519600,4181.43
1779523200,4221.86
1779526800,4262.70
1779530400,4278.64
1779534000,4221.02
1779537600,4201.96
1779541200,4256.93
1779544800,4242.33
1779548400,4210.10
1779552000,4252.15
1779555600,4290.77
1779559200,4315.25
1779562800,4280.60
1779566400,4279.68
1779570000,4215.50
1779573600,4214.78
1779577200,4263.96
1779580800,4254.60
1779584400,4286.80
1779588000,4296.67
1779591600,4275.69
1779595200,4239.43
1779598800,4245.66
1779602400,4233.54
1779606000,4201.29
1779609600,4193.98
1779613200,4182.77
1779616800,4150.17
1779620400,4184.71
1779624000,4231.92
1779627600,4272.83
1779631200,4318.90
1779634800,4311.24
1779638400,4356.82
1779642000,4349.51
1779645600,4307.30
1779649200,4342.87
1779652800,4285.74
1779656400,4288.73
1779660000,4229.95
1779663600,4213.21
1779667200,4224.60
1779670800,4192.94
1779674400,4213.55
1779678000,4236.26
1779681600,4298.88
1779685200,4277.24
1779688800,4244.38
1779692400,4204.13
1779696000,4216.80
1779699600,4297.55
1779703200,4276.75
1779706800,4277.13
1779710400,4229.12
1779714000,4249.10
1779717600,4261.86
1779721200,4275.54
1779724800,4295.24
1779728400,4313.49
1779732000,4402.47
1779735600,4332.89
1779739200,4334.18
1779742800,4298.51
1779746400,4236.03
1779750000,4268.59
1779753600,4260.99
1779757200,4309.44
1779760800,4269.92
1779764400,4228.30
1779768000,4206.37
1779771600,4205.77
1779775200,4213.75
1779778800,4192.93
1779782400,4228.65
1779786000,4258.38
1779789600,4259.81
1779793200,4308.02
1779796800,4400.94
1779800400,4427.46
1779804000,4394.55
1779807600,4425.94
1779811200,4432.76
1779814800,4408.22
1779818400,4388.84
1779822000,4316.08
1779825600,4314.83
1779829200,4333.87
1779832800,4312.23
1779836400,4384.28
1779840000,4379.06
1779843600,4408.34
1779847200,4392.86
1779850800,4461.08
1779854400,4437.80
1779858000,4421.74
1779861600,4399.77
1779865200,4371.79
1779868800,4396.76
1779872400,4389.28
1779876000,4416.20
1779879600,4469.20
1779883200,4455.01
1779886800,4458.31
1779890400,4420.93
1779894000,4394.90
1779897600,4477.47
1779901200,4502.71
1779904800,4518.92
1779908400,4446.91
1779912000,4407.04
1779915600,4451.31
1779919200,4455.78
1779922800,4476.99
1779926400,4468.82
1779930000,4474.06
1779933600,4486.56
1779937200,4510.29
1779940800,4455.45
1779944400,4479.69
1779948000,4435.13
1779951600,4454.31
1779955200,4413.72
1779958800,4446.99
1779962400,4404.13
1779966000,4402.80
1779969600,4347.21
1779973200,4394.89
1779976800,4327.32
1779980400,4234.55
1779984000,4273.58
1779987600,4257.77
1779991200,4316.59
1779994800,4231.32
1779998400,4260.77
1780002000,4281.63
1780005600,4278.15
1780009200,4307.17
1780012800,4271.68
1780016400,4259.80
1780020000,4268.46
1780023600,4283.28
1780027200,4292.60
1780030800,4280.56
1780034400,4298.82
1780038000,4281.98
1780041600,4253.22
1780045200,4297.76
1780048800,4333.86
1780052400,4327.07
1780056000,4327.49
1780059600,4319.28
1780063200,4328.50
1780066800,4318.96
1780070400,4333.13
1780074000,4343.48
1780077600,4339.78
1780081200,4367.48
1780084800,4336.35
1780088400,4352.35
1780092000,4385.54
1780095600,4356.31
1780099200,4345.60
1780102800,4354.24
1780106400,4363.72
1780110000,4382.11
1780113600,4401.96
1780117200,4406.74
1780120800,4455.14
1780124400,4517.44
1780128000,4535.72
1780131600,4572.30
1780135200,4530.49
1780138800,4534.72
1780142400,4507.39
1780146000,4487.27
1780149600,4454.31
1780153200,4436.04
1780156800,4431.33
1780160400,4407.43
1780164000,4375.86
1780167600,4386.00
1780171200,4365.78
1780174800,4398.49
1780178400,4415.18
1780182000,4400.29
1780185600,4410.03
1780189200,4462.11
1780192800,4432.70
1780196400,4433.40
1780200000,4408.46
1780203600,4367.05
1780207200,4312.70
1780210800,4276.71
1780214400,4196.18
1780218000,4194.75
1780221600,4205.03
1780225200,4168.60
1780228800,4192.35
1780232400,4197.40
1780236000,4188.14
1780239600,4154.94
1780243200,4165.36
1780246800,4123.75
1780250400,4188.55
1780254000,4231.07
1780257600,4260.25
1780261200,4279.11
1780264800,4250.56
1780268400,4308.11
1780272000,4344.90
1780275600,4329.35
1780279200,4284.85
1780282800,4264.98
1780286400,4223.40
1780290000,4209.24
1780293600,4175.82
1780297200,4169.03
1780300800,4161.46
1780304400,4116.90
1780308000,4124.54
1780311600,4167.81
1780315200,4128.11
1780318800,4085.48
1780322400,4093.92
1780326000,4106.46
1780329600,4127.11
1780333200,4054.33
1780336800,4042.20
1780340400,4014.48
1780344000,4025.55
1780347600,4013.30
1780351200,4002.98
1780354800,4037.94
1780358400,4096.31
1780362000,4081.89
1780365600,4104.56
1780369200,4132.61
1780372800,4153.98
1780376400,4189.21
1780380000,4235.91
1780383600,4219.41
1780387200,4204.53
1780390800,4207.73
1780394400,4225.44
1780398000,4216.01
1780401600,4241.02
1780405200,4175.54
1780408800,4119.05
1780412400,4150.63
1780416000,4090.79
1780419600,4090.60
1780423200,4070.47
1780426800,4052.25
1780430400,4071.36
1780434000,4132.43
1780437600,4152.60
1780441200,4142.62
1780444800,4182.96
1780448400,4167.64
1780452000,4140.70
1780455600,4102.35
1780459200,4112.62
1780462800,4119.46
1780466400,4123.48
1780470000,4129.77
1780473600,4148.70
1780477200,4154.14
1780480800,4185.04
1780484400,4162.80
1780488000,4169.50
1780491600,4151.32
1780495200,4095.96
1780498800,4084.25
1780502400,4112.78
1780506000,4092.72
1780509600,4134.29
1780513200,4092.87
1780516800,4098.11
1780520400,4078.52
1780524000,4118.23
1780527600,4071.21
1780531200,4073.23
1780534800,4063.18
1780538400,4006.74
1780542000,3960.99
1780545600,3983.77
1780549200,3974.60
1780552800,3934.77
1780556400,3953.81
1780560000,3900.54
1780563600,3908.29
1780567200,3908.07
1780570800,3896.82
1780574400,3886.90
1780578000,3884.03
1780581600,3886.22
1780585200,3937.73
1780588800,3924.54
1780592400,3923.15
1780596000,3941.13
1780599600,3949.53
1780603200,3954.32
1780606800,3929.19
1780610400,3947.71
1780614000,3949.84
1780617600,3933.01
1780621200,3931.16
1780624800,3890.40
1780628400,3841.45
1780632000,3847.28
1780635600,3814.44
1780639200,3863.75
1780642800,3881.13
1780646400,3871.68
1780650000,3807.31
1780653600,3801.89
1780657200,3811.68
1780660800,3826.45
1780664400,3896.12
1780668000,3924.17
1780671600,3968.99
1780675200,3945.30
1780678800,3900.49
1780682400,3915.12
1780686000,3937.44
1780689600,3922.06
1780693200,3921.13
1780696800,3916.14
1780700400,3908.01
1780704000,3889.70
1780707600,3820.33
1780711200,3838.33
1780714800,3809.14
1780718400,3847.65
1780722000,3887.50
1780725600,3906.18
1780729200,3886.42
1780732800,3942.83
1780736400,3916.72
1780740000,3869.64
1780743600,3877.09
1780747200,3884.24
1780750800,3889.01
1780754400,3879.65
1780758000,3853.00
1780761600,3905.54
1780765200,3962.02
1780768800,3938.97
1780772400,3949.33
1780776000,3977.47
1780779600,3960.31
1780783200,3910.10
1780786800,3916.28
1780790400,3966.00
1780794000,3982.51
1780797600,4020.07
1780801200,3998.51
1780804800,3998.93
1780808400,3935.60
1780812000,3930.29
1780815600,3948.23
1780819200,4003.99
1780822800,3996.48
1780826400,4016.65
1780830000,4093.24
1780833600,4082.43
1780837200,4074.40
1780840800,4107.78
1780844400,4120.96
1780848000,4141.42
1780851600,4116.70
1780855200,4138.76
1780858800,4179.90
1780862400,4216.11
1780866000,4222.98
1780869600,4212.69
1780873200,4241.15
1780876800,4332.96
1780880400,4406.71
1780884000,4479.43
1780887600,4509.46
1780891200,4511.90
1780894800,4486.96
1780898400,4440.97
1780902000,4421.78
1780905600,4437.97
1780909200,4395.83
1780912800,4359.85
1780916400,4403.00
1780920000,4399.72
1780923600,4433.03
1780927200,4453.30
1780930800,4502.18
1780934400,4518.10
1780938000,4576.49
1780941600,4568.92
1780945200,4596.32
1780948800,4694.66
1780952400,4657.36
1780956000,4664.65
1780959600,4710.79
1780963200,4715.00
1780966800,4720.00
1780970400,4793.72
1780974000,4686.98
1780977600,4709.43
1780981200,4738.09
1780984800,4785.64
1780988400,4789.32
1780992000,4766.40
1780995600,4817.76
1780999200,4795.98
1781002800,4784.12
1781006400,4746.83
1781010000,4760.80
1781013600,4742.90
1781017200,4735.07
1781020800,4739.61
1781024400,4731.75
1781028000,4786.36
1781031600,4812.22
1781035200,4842.42
1781038800,4795.39
1781042400,4831.35
1781046000,4808.41
1781049600,4761.05
1781053200,4793.11
1781056800,4770.35
1781060400,4753.02
1781064000,4740.62
1781067600,4667.99
1781071200,4693.05
1781074800,4663.22
1781078400,4617.25
1781082000,4589.02
1781085600,4629.23
1781089200,4631.02
1781092800,4655.94
1781096400,4674.57
1781100000,4655.33
1781103600,4688.47
1781107200,4696.78
1781110800,4735.79
1781114400,4725.04
1781118000,4698.27
1781121600,4659.44
1781125200,4582.62
1781128800,4564.51
1781132400,4506.83
1781136000,4560.09
1781139600,4517.75
1781143200,4469.16
1781146800,4443.36
1781150400,4503.46
1781154000,4522.97
1781157600,4537.36
1781161200,4517.69
1781164800,4492.61
1781168400,4524.57
1781172000,4461.09
1781175600,4487.44
1781179200,4479.10
1781182800,4465.93
1781186400,4491.46
1781190000,4508.06
1781193600,4537.80
1781197200,4583.51
1781200800,4666.31
1781204400,4635.06
1781208000,4608.36
1781211600,4563.86
1781215200,4605.98
1781218800,4545.35
1781222400,4546.05
1781226000,4467.51
1781229600,4472.10
1781233200,4438.01
1781236800,4453.83
1781240400,4443.80
1781244000,4462.77
1781247600,4452.37
1781251200,4489.26
1781254800,4548.56
1781258400,4572.82
1781262000,4579.84
1781265600,4590.14
1781269200,4641.54
1781272800,4673.20
1781276400,4676.72
1781280000,4602.26
1781283600,4556.21
1781287200,4510.63
1781290800,4443.16
1781294400,4406.27
1781298000,4377.32
1781301600,4342.28
1781305200,4332.51
1781308800,4369.71
1781312400,4349.18
1781316000,4344.17
1781319600,4351.61
1781323200,4335.69
1781326800,4377.02
1781330400,4352.42
1781334000,4420.45
1781337600,4444.05
1781341200,4460.73
1781344800,4428.73
1781348400,4388.90
1781352000,4354.90
1781355600,4329.16
1781359200,4362.25
1781362800,4374.35
1781366400,4393.30
1781370000,4411.57
1781373600,4409.42
1781377200,4470.57
1781380800,4526.96
1781384400,4574.62
1781388000,4549.03
1781391600,4567.15
1781395200,4480.10
1781398800,4492.74
1781402400,4475.05
1781406000,4459.29
1781409600,4507.89
1781413200,4556.41
1781416800,4562.82
1781420400,4599.03
1781424000,4620.22
1781427600,4618.10
1781431200,4604.97
1781434800,4661.41
1781438400,4711.31
1781442000,4702.04
1781445600,4659.11
1781449200,4698.86
1781452800,4690.54
1781456400,4690.81
1781460000,4753.88
1781463600,4739.16
1781467200,4818.11
1781470800,4811.00
1781474400,4863.04
1781478000,4914.06
1781481600,4934.69
1781485200,4925.32
1781488800,4965.51
1781492400,4970.93
1781496000,4945.57
1781499600,4962.22
1781503200,5002.44
1781506800,4967.98
1781510400,4963.80
1781514000,4978.74
1781517600,4972.49
1781521200,4913.08
1781524800,4920.30
1781528400,4924.78
1781532000,4953.20
1781535600,4964.10
1781539200,4940.30
1781542800,4900.20
1781546400,4926.58
1781550000,4993.21
1781553600,4944.37
1781557200,4929.46
1781560800,4970.62
1781564400,4986.50
1781568000,4997.87
1781571600,5019.22
1781575200,4972.88
1781578800,4970.96
1781582400,4979.30
1781586000,4933.05
1781589600,4918.86
1781593200,4941.33
1781596800,4915.70
1781600400,4942.42
1781604000,4925.14
1781607600,4889.71
1781611200,4892.57
1781614800,4887.15
1781618400,4848.32
1781622000,4787.04
1781625600,4813.83
1781629200,4855.25
1781632800,4888.31
1781636400,4908.36
1781640000,4895.50
1781643600,4859.09
1781647200,4852.27
1781650800,4911.34
1781654400,4923.87
1781658000,4943.45
1781661600,4906.60
1781665200,4923.52
1781668800,4844.66
1781672400,4782.32
1781676000,4723.12
1781679600,4723.04
1781683200,4718.56
1781686800,4746.19
1781690400,4809.84
1781694000,4743.46
1781697600,4779.75
1781701200,4761.52
1781704800,4760.36
1781708400,4736.78
1781712000,4767.90
1781715600,4807.19
1781719200,4844.08
1781722800,4857.66
1781726400,4875.79
1781730000,4931.39
1781733600,4948.68
1781737200,4977.26
1781740800,4953.49
1781744400,4962.66
1781748000,4896.76
1781751600,4881.03
1781755200,4921.55
1781758800,4936.41
1781762400,4894.23
1781766000,4946.33
1781769600,4912.01
1781773200,4878.68
1781776800,4856.64
1781780400,4829.22
1781784000,4829.10
1781787600,4827.74
1781791200,4820.57
1781794800,4848.83
1781798400,4850.45
1781802000,4886.56
1781805600,4932.98
1781809200,4926.32
1781812800,4901.63
1781816400,4906.11
1781820000,4896.25
1781823600,4933.21
1781827200,4951.45
1781830800,4941.02
1781834400,4955.61
1781838000,5022.95
1781841600,5033.99
1781845200,5019.77
1781848800,4995.06
1781852400,4980.95
1781856000,4910.03
1781859600,4948.47
1781863200,4942.06
1781866800,4941.52
1781870400,4945.34
1781874000,4954.41
1781877600,4937.78
1781881200,4956.14
1781884800,4969.77
1781888400,4928.99
1781892000,4910.48
1781895600,4919.25
1781899200,4939.43
1781902800,4967.71
1781906400,4985.08
1781910000,4983.07
1781913600,4950.70
1781917200,5010.31
1781920800,4995.65
1781924400,5003.66
1781928000,4992.37
1781931600,4949.46
1781935200,4946.84
1781938800,4946.50
1781942400,4987.20
1781946000,5010.39
1781949600,5006.15
1781953200,5083.49
1781956800,5165.35
1781960400,5178.15
1781964000,5157.96
1781967600,5206.87
1781971200,5133.74
1781974800,5099.26
1781978400,5092.87
1781982000,5097.51
1781985600,5079.85
1781989200,5083.64
1781992800,5137.94
1781996400,5132.79
1782000000,5184.26
1782003600,5134.40
1782007200,5139.37
1782010800,5200.47
1782014400,5142.90
1782018000,5205.34
1782021600,5121.77
1782025200,5103.91
1782028800,5096.97
1782032400,5107.84
1782036000,5110.84
1782039600,5067.58
1782043200,5088.25
1782046800,5051.01
1782050400,4922.23
1782054000,4897.56
1782057600,4862.94
1782061200,4893.48
1782064800,4853.73
1782068400,4815.97
1782072000,4843.98
1782075600,4852.86
1782079200,4891.48
1782082800,4921.90
1782086400,4967.18
1782090000,4978.97
1782093600,4938.56
1782097200,4999.37
1782100800,5013.82
1782104400,4951.98
1782108000,4921.15
1782111600,4887.93
1782115200,4863.07
1782118800,4910.29
1782122400,4920.62
1782126000,4895.31
1782129600,4878.95
1782133200,4783.72
1782136800,4800.27
1782140400,4786.84
1782144000,4809.25
1782147600,4791.44
1782151200,4771.06
1782154800,4839.14
1782158400,4832.59
1782162000,4850.97
1782165600,4852.29
1782169200,4823.85
1782172800,4842.66
1782176400,4879.19
1782180000,4893.53
1782183600,4863.65
1782187200,4906.99
1782190800,4939.91
1782194400,4832.06
1782198000,4804.27
1782201600,4883.11
1782205200,4840.46
1782208800,4747.61
1782212400,4756.52
1782216000,4742.41
1782219600,4665.29
1782223200,4669.00
1782226800,4677.21
1782230400,4709.91
1782234000,4728.40
1782237600,4716.55
1782241200,4721.80
1782244800,4717.46
1782248400,4686.50
1782252000,4674.34
1782255600,4681.93
1782259200,4640.94
1782262800,4620.54
1782266400,4649.62
1782270000,4631.39
1782273600,4653.77
1782277200,4664.93
1782280800,4659.62
1782284400,4706.89
1782288000,4749.48
1782291600,4712.70
1782295200,4663.91
1782298800,4641.50
1782302400,4675.62
1782306000,4685.16
1782309600,4764.33
1782313200,4764.87
1782316800,4749.53
1782320400,4797.48
1782324000,4780.54
1782327600,4810.79
1782331200,4726.17
1782334800,4754.44
1782338400,4780.21
1782342000,4778.22
1782345600,4746.30
1782349200,4672.02
1782352800,4656.66
1782356400,4639.75
1782360000,4665.00
1782363600,4639.95
1782367200,4628.63
1782370800,4589.55
1782374400,4497.52
1782378000,4511.73
1782381600,4493.50
1782385200,4464.37
1782388800,4437.89
1782392400,4427.76
1782396000,4479.56
1782399600,4459.92
1782403200,4449.95
1782406800,4475.50
1782410400,4563.60
1782414000,4508.48
1782417600,4477.65
1782421200,4483.61
1782424800,4484.75
1782428400,4514.28
1782432000,4535.31
1782435600,4488.52
1782439200,4529.15
1782442800,4548.31
1782446400,4545.47
1782450000,4494.38
1782453600,4496.98
1782457200,4467.45
1782460800,4491.70
1782464400,4506.78
1782468000,4505.13
1782471600,4513.14
1782475200,4549.43
1782478800,4556.09
1782482400,4575.90
1782486000,4601.82
1782489600,4631.48
1782493200,4596.35
1782496800,4594.98
1782500400,4580.23
1782504000,4577.40
1782507600,4517.35
1782511200,4469.07
1782514800,4499.89
1782518400,4478.11
1782522000,4536.76
1782525600,4516.32
1782529200,4548.35
1782532800,4562.07
1782536400,4582.11
1782540000,4570.54
1782543600,4547.83
1782547200,4457.40
1782550800,4427.34
1782554400,4411.38
1782558000,4468.56
1782561600,4467.03
1782565200,4484.69
1782568800,4499.67
1782572400,4504.64
1782576000,4521.53
1782579600,4592.34
1782583200,4657.81
1782586800,4643.02
1782590400,4676.81
1782594000,4673.07
1782597600,4712.20
1782601200,4722.61
1782604800,4688.20
1782608400,4688.48
1782612000,4736.33
1782615600,4755.51
1782619200,4726.12
1782622800,4724.00
1782626400,4600.68
1782630000,4623.76
1782633600,4657.67
1782637200,4645.67
1782640800,4592.72
1782644400,4602.99
1782648000,4629.81
1782651600,4616.07
1782655200,4649.38
1782658800,4611.63
1782662400,4620.60
1782666000,4598.20
1782669600,4580.04
1782673200,4501.58
1782676800,4486.52
1782680400,4431.85
1782684000,4472.66
1782687600,4484.92
1782691200,4554.08
1782694800,4542.60
1782698400,4547.97
1782702000,4572.56
1782705600,4609.63
1782709200,4558.67
1782712800,4574.12
1782716400,4566.12
1782720000,4576.32
1782723600,4578.13
1782727200,4624.20
1782730800,4680.94
1782734400,4695.43
1782738000,4715.04
1782741600,4698.97
1782745200,4712.96
1782748800,4711.54
1782752400,4681.13
1782756000,4760.99
1782759600,4751.96
1782763200,4816.43
1782766800,4845.21
1782770400,4826.65
1782774000,4836.47
1782777600,4942.65
1782781200,4944.59
1782784800,4931.64
1782788400,4930.68
1782792000,4851.81
1782795600,4892.17
1782799200,4916.66
1782802800,4884.26
1782806400,4860.85
1782810000,4851.75
1782813600,4825.20
1782817200,4824.04
1782820800,4819.72
1782824400,4801.21
1782828000,4831.97
1782831600,4873.36
1782835200,4869.84
1782838800,4869.09
1782842400,4868.49
1782846000,4845.84
1782849600,4852.64
1782853200,4864.04
1782856800,4857.55
1782860400,4829.08
1782864000,4839.66
1782867600,4868.69
1782871200,4883.78
1782874800,4892.77
1782878400,4892.14
1782882000,4904.89
1782885600,4912.03
1782889200,4910.70
1782892800,4899.32
1782896400,4857.95
1782900000,4842.83
1782903600,4860.40
1782907200,4844.59
1782910800,4740.95
1782914400,4751.01
1782918000,4740.47
1782921600,4782.98
1782925200,4795.07
1782928800,4753.32
1782932400,4721.15
1782936000,4698.74
1782939600,4728.76
1782943200,4674.23
1782946800,4650.72
1782950400,4627.66
1782954000,4616.05
1782957600,4601.31
1782961200,4541.42
1782964800,4461.23
1782968400,4463.27
1782972000,4414.93
1782975600,4386.50
1782979200,4397.10
1782982800,4364.79
1782986400,4367.47
1782990000,4371.80
1782993600,4392.95
1782997200,4374.91
1783000800,4375.04
1783004400,4425.28
1783008000,4485.88
1783011600,4548.73
1783015200,4527.25
1783018800,4529.66
1783022400,4523.93
1783026000,4513.82
1783029600,4507.77
1783033200,4486.05
1783036800,4447.45
1783040400,4492.31
1783044000,4484.88
1783047600,4465.89
1783051200,4426.81
1783054800,4466.30
1783058400,4494.70
1783062000,4549.80
1783065600,4572.88
1783069200,4592.80
1783072800,4602.87
1783076400,4664.98
1783080000,4682.28
1783083600,4804.06
1783087200,4774.86
1783090800,4826.14
1783094400,4820.23
1783098000,4867.87
1783101600,4899.72
1783105200,4862.85
1783108800,4850.99
1783112400,4865.51
1783116000,4794.07
1783119600,4819.31
1783123200,4831.60
1783126800,4832.29
1783130400,4844.81
1783134000,4853.23
1783137600,4823.44
1783141200,4795.53
1783144800,4815.96
1783148400,4834.06
1783152000,4892.04
1783155600,4894.31
1783159200,4861.71
1783162800,4813.53
1783166400,4842.59
1783170000,4891.28
1783173600,4877.19
1783177200,4903.50
1783180800,4863.91
1783184400,4913.21
1783188000,4952.72
1783191600,4924.22
1783195200,4951.36
1783198800,4919.96
1783202400,4921.83
1783206000,4913.36
1783209600,4944.86
1783213200,4941.55
1783216800,4894.71
1783220400,4912.61
1783224000,4917.92
1783227600,4929.67
1783231200,4958.28
1783234800,5005.53
1783238400,5077.58
1783242000,5108.16
1783245600,5152.18
1783249200,5157.43
1783252800,5161.59
1783256400,5172.82
1783260000,5157.69
1783263600,5113.19
1783267200,5108.41
1783270800,5085.05
1783274400,5077.47
1783278000,5071.46
1783281600,5120.17
1783285200,5111.71
1783288800,5085.08
1783292400,5035.70
1783296000,5082.61
1783299600,5040.75
1783303200,4988.45
1783306800,5031.06
1783310400,5095.64
1783314000,5067.40
1783317600,5111.94
1783321200,5100.96
1783324800,5165.53
1783328400,5172.47
1783332000,5177.94
1783335600,5180.20
1783339200,5143.66
1783342800,5124.04
1783346400,5099.39
1783350000,5106.73
1783353600,5064.81
1783357200,5042.00
1783360800,5049.56
1783364400,4998.52
1783368000,5071.72
1783371600,5073.65
1783375200,5086.75
1783378800,5094.68
1783382400,4999.49
1783386000,5005.37
1783389600,5033.15
1783393200,5042.21
1783396800,5037.77
1783400400,5032.55
1783404000,5080.49
1783407600,5024.87
1783411200,5035.23
1783414800,5073.58
1783418400,5082.53
1783422000,5090.64
1783425600,5045.31
1783429200,5076.49
1783432800,5044.77
1783436400,5058.16
1783440000,5016.86
1783443600,5002.41
1783447200,5011.60
1783450800,5037.78
1783454400,5096.17
1783458000,5087.97
1783461600,5082.09
1783465200,5070.57
1783468800,5046.89
1783472400,4960.58
1783476000,4952.91
1783479600,4898.31
1783483200,4867.75
1783486800,4864.91
1783490400,4862.54
1783494000,4781.78
1783497600,4731.85
1783501200,4735.04
1783504800,4674.72
1783508400,4663.40
1783512000,4638.87
1783515600,4667.52
1783519200,4690.27
1783522800,4705.89
1783526400,4726.63
1783530000,4840.09
1783533600,4887.92
1783537200,4886.86
1783540800,4861.87
1783544400,4837.25
1783548000,4801.22
1783551600,4791.69
1783555200,4792.55
1783558800,4842.12
1783562400,4846.22
1783566000,4784.85
1783569600,4784.11
1783573200,4762.44
1783576800,4761.76
1783580400,4715.57
1783584000,4667.75
1783587600,4600.94
1783591200,4580.24
1783594800,4574.83
1783598400,4591.11
1783602000,4618.35
1783605600,4625.13
1783609200,4614.52
1783612800,4631.94
1783616400,4587.11
1783620000,4591.15
1783623600,4594.56
1783627200,4583.12
1783630800,4576.73
1783634400,4599.10
1783638000,4654.42
1783641600,4735.63
1783645200,4688.23
1783648800,4672.31
1783652400,4663.10
1783656000,4615.82
1783659600,4578.87
1783663200,4555.37
1783666800,4555.07
1783670400,4562.56
1783674000,4628.47
1783677600,4622.05
1783681200,4565.58
1783684800,4538.33
1783688400,4468.88
1783692000,4407.63
1783695600,4394.55
1783699200,4369.30
1783702800,4301.70
1783706400,4266.55
1783710000,4296.49
1783713600,4342.48
1783717200,4388.67
1783720800,4384.95
1783724400,4380.06
1783728000,4358.40
1783731600,4373.30
1783735200,4368.03
1783738800,4408.24
1783742400,4420.42
1783746000,4443.34
1783749600,4463.40
1783753200,4489.04
1783756800,4473.28
1783760400,4541.34
1783764000,4546.86
1783767600,4569.53
1783771200,4493.93
1783774800,4495.30
1783778400,4438.97
1783782000,4423.57
1783785600,4429.84
1783789200,4424.00
1783792800,4466.94
1783796400,4398.51
1783800000,4390.39
1783803600,4366.46
1783807200,4378.49
1783810800,4419.21
1783814400,4424.95
1783818000,4441.40
1783821600,4496.20
1783825200,4462.05
1783828800,4502.29
1783832400,4543.79
1783836000,4549.92
1783839600,4568.02
1783843200,4569.12
1783846800,4514.79
1783850400,4572.24
1783854000,4530.29
1783857600,4548.80
1783861200,4561.47
1783864800,4561.83
1783868400,4573.07
1783872000,4530.74
1783875600,4565.77
1783879200,4580.36
1783882800,4599.16
1783886400,4648.04
1783890000,4715.24
1783893600,4743.93
1783897200,4722.49
1783900800,4729.03
1783904400,4637.45
1783908000,4617.47
1783911600,4644.92
1783915200,4641.23
1783918800,4669.68
1783922400,4678.18
1783926000,4718.86
1783929600,4699.58
1783933200,4772.29
1783936800,4779.13
1783940400,4746.22
1783944000,4803.83
1783947600,4792.16
1783951200,4776.22
1783954800,4827.33
1783958400,4834.29
1783962000,4871.76
1783965600,4922.21
1783969200,4979.31
1783972800,4943.96
1783976400,4925.62
1783980000,4862.73
1783983600,4920.82
1783987200,4948.43
1783990800,4857.45
1783994400,4855.02
1783998000,4906.44
1784001600,4947.28
1784005200,4905.93
1784008800,4942.10
1784012400,4892.72
1784016000,4856.28
1784019600,4897.65
1784023200,4868.24
1784026800,4863.23
1784030400,4886.53
1784034000,4842.40
1784037600,4875.32
1784041200,4798.09
1784044800,4858.92
1784048400,4898.01
1784052000,4907.85
1784055600,4882.29
1784059200,4833.09
1784062800,4833.44
1784066400,4850.21
1784070000,4830.93
1784073600,4787.41
1784077200,4732.24
1784080800,4702.84
1784084400,4743.47
1784088000,4753.71
1784091600,4760.86
1784095200,4823.08
1784098800,4817.79
1784102400,4802.40
1784106000,4749.40
1784109600,4763.40
1784113200,4770.39
1784116800,4795.27
1784120400,4769.88
1784124000,4775.43
1784127600,4797.07
1784131200,4884.60
1784134800,4889.30
1784138400,4955.52
1784142000,4958.75
1784145600,4966.09
1784149200,5053.90
1784152800,5064.29
1784156400,5094.71
1784160000,5032.66
1784163600,4999.74
1784167200,4989.78
1784170800,4959.24
1784174400,4916.16
1784178000,4923.78
1784181600,4942.66
1784185200,4964.16
1784188800,4979.30
1784192400,4997.25
1784196000,5084.28
1784199600,5074.54
1784203200,5131.77
1784206800,5178.26
1784210400,5183.03
1784214000,5228.98
1784217600,5270.50
1784221200,5227.75
1784224800,5243.93
1784228400,5279.07
1784232000,5279.09
1784235600,5313.91
1784239200,5316.40
1784242800,5355.97
1784246400,5294.01
1784250000,5300.81
1784253600,5307.39
1784257200,5321.88
1784260800,5302.42
1784264400,5285.30
1784268000,5259.46
1784271600,5318.12
1784275200,5365.53
1784278800,5415.83
1784282400,5433.60
1784286000,5459.85
1784289600,5374.24
1784293200,5435.34
1784296800,5448.83
1784300400,5475.92
1784304000,5458.83
1784307600,5412.64
1784311200,5414.35
1784314800,5334.17
1784318400,5322.17
1784322000,5339.56
1784325600,5252.82
1784329200,5311.67
1784332800,5328.61
1784336400,5323.64
1784340000,5387.79
1784343600,5347.49
1784347200,5414.94
1784350800,5372.08
1784354400,5363.57
1784358000,5319.03
1784361600,5336.82
1784365200,5339.67
1784368800,5388.08
1784372400,5381.17
1784376000,5346.59
1784379600,5414.14
1784383200,5375.13
1784386800,5313.56
1784390400,5405.97
1784394000,5400.54
1784397600,5350.45
1784401200,5245.67
1784404800,5361.24
1784408400,5371.69
1784412000,5474.66
1784415600,5473.50
1784419200,5444.73
1784422800,5441.25
1784426400,5426.64
1784430000,5468.07
1784433600,5564.85
1784437200,5503.18
1784440800,5445.63
1784444400,5523.37
1784448000,5597.22
1784451600,5557.69
1784455200,5508.70
1784458800,5524.07
1784462400,5577.86
1784466000,5601.52
1784469600,5561.52
1784473200,5614.88
1784476800,5559.17
1784480400,5610.17
1784484000,5543.01
1784487600,5627.59
1784491200,5685.65
1784494800,5663.74
1784498400,5698.23
1784502000,5643.60
1784505600,5637.22
1784509200,5691.50
1784512800,5745.45
1784516400,5717.25
1784520000,5574.83
1784523600,5571.56
1784527200,5494.28
1784530800,5440.11
1784534400,5494.05
1784538000,5494.06
1784541600,5455.03
1784545200,5425.19
1784548800,5523.23
1784552400,5497.83
1784556000,5547.49
1784559600,5564.16
1784563200,5565.98
1784566800,5566.59
1784570400,5523.85
1784574000,5489.89
1784577600,5472.49
1784581200,5443.55
1784584800,5433.65
1784588400,5459.02
1784592000,5489.85
1784595600,5425.38
1784599200,5408.03
1784602800,5401.96
1784606400,5468.01
1784610000,5435.49
1784613600,5358.12
1784617200,5311.71
1784620800,5260.89
1784624400,5205.23
1784628000,5173.94
1784631600,5160.76
1784635200,5121.60
1784638800,5061.14
1784642400,5060.47
1784646000,5090.70
1784649600,5020.76
1784653200,4984.18
1784656800,5012.63
1784660400,4923.00
1784664000,4903.43
1784667600,4898.87
1784671200,4936.90
1784674800,4891.16
1784678400,4873.92
1784682000,4879.44
1784685600,4856.37
1784689200,4889.09
1784692800,4864.56
1784696400,4816.88
1784700000,4797.31
1784703600,4857.60
1784707200,4752.29
1784710800,4705.67
1784714400,4702.27
1784718000,4663.40
1784721600,4643.47
1784725200,4736.22
1784728800,4786.31
1784732400,4759.85
1784736000,4762.39
1784739600,4801.40
1784743200,4825.19
1784746800,4786.42
1784750400,4848.66
1784754000,4814.30
1784757600,4810.00
1784761200,4768.22
1784764800,4764.73
1784768400,4782.05
1784772000,4703.36
1784775600,4728.35
1784779200,4804.62
1784782800,4823.56
1784786400,4844.19
1784790000,4883.69
1784793600,4864.65
1784797200,4868.61
1784800800,4887.38
1784804400,4838.65
1784808000,4834.11
1784811600,4763.09
1784815200,4715.06
1784818800,4618.38
1784822400,4628.88
1784826000,4707.56
1784829600,4728.88
1784833200,4716.12
1784836800,4712.82
1784840400,4785.49
1784844000,4814.46
1784847600,4825.74
1784851200,4745.95
1784854800,4746.37
1784858400,4736.40
1784862000,4669.49
1784865600,4607.67
1784869200,4635.48
1784872800,4673.97
1784876400,4682.63
1784880000,4720.99
1784883600,4688.71
1784887200,4757.29
1784890800,4723.69
1784894400,4777.98
1784898000,4751.44
1784901600,4767.58
1784905200,4777.27
1784908800,4726.52
1784912400,4693.09
1784916000,4592.12
1784919600,4651.01
1784923200,4677.21
1784926800,4710.94
1784930400,4630.26
1784934000,4666.71
1784937600,4699.75
1784941200,4691.26
1784944800,4678.48
1784948400,4686.74
1784952000,4690.80
1784955600,4648.32
1784959200,4675.38
1784962800,4633.62
1784966400,4626.81
1784970000,4685.55
1784973600,4727.48
1784977200,4771.66
1784980800,4843.28
1784984400,4790.78
1784988000,4777.54
1784991600,4764.89
1784995200,4762.19
1784998800,4763.53
1785002400,4778.25
1785006000,4738.41
1785009600,4717.06
1785013200,4693.98
1785016800,4735.49
1785020400,4736.53
1785024000,4734.57
1785027600,4723.59
1785031200,4629.93
1785034800,4640.97
1785038400,4697.15
1785042000,4642.05
1785045600,4669.26
1785049200,4637.99
1785052800,4627.80
1785056400,4629.76
1785060000,4627.77
1785063600,4646.56
1785067200,4676.94
1785070800,4715.43
1785074400,4765.67
1785078000,4740.69
1785081600,4743.52
1785085200,4675.26
1785088800,4698.64
1785092400,4660.46
1785096000,4660.58
1785099600,4660.60
1785103200,4653.87
1785106800,4638.59
1785110400,4605.78
1785114000,4588.52
1785117600,4639.36
1785121200,4622.12
1785124800,4594.11
1785128400,4557.54
1785132000,4536.22
1785135600,4504.07
1785139200,4454.77
1785142800,4470.79
1785146400,4480.76
1785150000,4483.41
1785153600,4444.54
1785157200,4482.94
1785160800,4449.26
1785164400,4461.06
1785168000,4443.98
1785171600,4425.57
1785175200,4386.05
1785178800,4463.39
1785182400,4521.94
1785186000,4514.38
1785189600,4508.09
1785193200,4447.84
1785196800,4476.33
1785200400,4498.09
1785204000,4449.78
1785207600,4417.73
1785211200,4488.62
1785214800,4521.71
1785218400,4523.40
1785222000,4516.13
1785225600,4511.49
1785229200,4492.73
1785232800,4540.76
1785236400,4582.16
1785240000,4594.50
1785243600,4598.81
1785247200,4636.55
1785250800,4620.09
1785254400,4569.65
1785258000,4562.06
1785261600,4594.73
1785265200,4599.05
1785268800,4652.15
1785272400,4631.37
1785276000,4612.30
1785279600,4566.02
1785283200,4554.15
1785286800,4555.38
1785290400,4557.87
1785294000,4632.40
1785297600,4666.54
1785301200,4604.12
1785304800,4516.99
1785308400,4495.59
1785312000,4530.28
1785315600,4563.12
1785319200,4543.51
1785322800,4504.63
1785326400,4494.89
1785330000,4510.08
1785333600,4515.71
1785337200,4526.65
1785340800,4508.59
1785344400,4453.01
1785348000,4482.64
1785351600,4485.74
1785355200,4437.58
1785358800,4425.19
1785362400,4406.04
1785366000,4399.14
1785369600,4422.43
1785373200,4451.03
1785376800,4464.43
1785380400,4484.92
1785384000,4498.79
1785387600,4523.58
1785391200,4497.35
1785394800,4481.64
1785398400,4505.05
1785402000,4554.37
1785405600,4563.63
1785409200,4585.37
1785412800,4561.38
1785416400,4540.62
1785420000,4518.09
1785423600,4574.06
1785427200,4553.39
1785430800,4518.58
1785434400,4510.77
1785438000,4517.40
1785441600,4583.79
1785445200,4581.21
1785448800,4573.21
1785452400,4510.09
1785456000,4504.86
1785459600,4456.88
1785463200,4473.41
1785466800,4446.23
1785470400,4393.58
1785474000,4383.76
1785477600,4342.89
1785481200,4336.44
1785484800,4382.57
1785488400,4333.28
1785492000,4296.32
1785495600,4300.32
1785499200,4314.16
1785502800,4260.10
1785506400,4307.17
1785510000,4319.53
1785513600,4300.86
1785517200,4286.01
1785520800,4328.75
1785524400,4314.11
1785528000,4299.80
1785531600,4306.36
1785535200,4253.99
1785538800,4217.82
1785542400,4187.10
1785546000,4197.61
1785549600,4226.02
1785553200,4267.19
1785556800,4239.37
1785560400,4184.50
1785564000,4175.40
1785567600,4180.83
1785571200,4244.20
1785574800,4249.76
1785578400,4250.43
1785582000,4245.08
1785585600,4239.62
1785589200,4248.87
1785592800,4241.80
1785596400,4249.16
1785600000,4208.12
1785603600,4135.94
1785607200,4126.49
1785610800,4171.29
1785614400,4207.25
1785618000,4185.40
1785621600,4153.29
1785625200,4191.08
1785628800,4213.70
1785632400,4177.73
1785636000,4137.23
1785639600,4103.32
1785643200,4056.02
1785646800,4042.16
1785650400,4068.50
1785654000,4033.51
1785657600,4025.53
1785661200,3999.78
1785664800,4020.86
1785668400,4013.89
1785672000,4013.18
1785675600,4012.90
1785679200,4050.06
1785682800,4053.77
1785686400,4070.12
1785690000,4061.96
1785693600,4007.28
1785697200,4014.18
1785700800,4004.18
1785704400,4061.73
1785708000,4039.92
1785711600,4078.77
1785715200,4073.12
1785718800,4084.58
1785722400,4073.94
1785726000,4046.75
1785729600,4018.21
1785733200,3963.15
1785736800,3954.40
1785740400,3997.11
1785744000,4057.22
1785747600,4106.62
1785751200,4107.16
1785754800,4145.38
1785758400,4226.71
1785762000,4274.62
1785765600,4239.15
1785769200,4255.88
1785772800,4263.19
1785776400,4276.60
1785780000,4236.64
1785783600,4249.24
1785787200,4265.03
1785790800,4279.32
1785794400,4285.17
1785798000,4301.59
1785801600,4279.71
1785805200,4257.48
1785808800,4269.75
1785812400,4295.02
1785816000,4312.79
1785819600,4288.78
1785823200,4300.67
1785826800,4274.12
1785830400,4279.97
1785834000,4218.60
1785837600,4190.73
1785841200,4222.26
1785844800,4215.99
1785848400,4180.31
1785852000,4169.26
1785855600,4134.81
1785859200,4131.16
1785862800,4118.43
1785866400,4077.41
1785870000,4021.05
1785873600,3954.88
1785877200,3940.33
1785880800,3906.31
1785884400,3966.88
1785888000,3978.09
1785891600,3938.92
1785895200,3941.28
1785898800,4017.62
1785902400,4037.77
1785906000,4049.34
1785909600,4026.55
1785913200,3986.52
1785916800,4012.43
1785920400,3980.30
1785924000,3990.02
1785927600,4071.07
1785931200,4040.32
1785934800,4043.65
1785938400,4072.65
1785942000,4143.65
1785945600,4120.84
1785949200,4199.27
1785952800,4192.06
1785956400,4180.00
1785960000,4142.40
1785963600,4151.47
1785967200,4145.16
1785970800,4217.27
1785974400,4268.72
1785978000,4301.14
1785981600,4334.04
1785985200,4372.13
1785988800,4358.72
1785992400,4365.99
1785996000,4379.00
1785999600,4371.39
1786003200,4379.59
1786006800,4445.61
1786010400,4462.19
1786014000,4461.11
1786017600,4446.55
1786021200,4386.11
1786024800,4412.46
1786028400,4419.14
1786032000,4478.40
1786035600,4489.24
1786039200,4500.28
1786042800,4566.91
1786046400,4569.32
1786050000,4575.07
1786053600,4583.66
1786057200,4589.81
1786060800,4650.15
1786064400,4657.95
1786068000,4721.90
1786071600,4696.40
1786075200,4624.06
1786078800,4614.54
1786082400,4599.17
1786086000,4599.52
1786089600,4575.24
1786093200,4512.06
1786096800,4515.80
1786100400,4476.06
1786104000,4481.80
1786107600,4508.36
1786111200,4576.77
1786114800,4644.33
1786118400,4619.85
1786122000,4626.07
1786125600,4585.53
1786129200,4596.02
1786132800,4546.25
1786136400,4562.77
1786140000,4528.07
1786143600,4506.07
1786147200,4484.56
1786150800,4517.88
1786154400,4572.48
1786158000,4622.66
1786161600,4662.12
1786165200,4672.19
1786168800,4689.44
1786172400,4652.15
1786176000,4657.43
1786179600,4715.50
1786183200,4738.62
1786186800,4702.62
1786190400,4650.47
1786194000,4705.28
1786197600,4674.63
1786201200,4632.38
1786204800,4663.98
1786208400,4688.61
1786212000,4698.20
1786215600,4664.21
1786219200,4576.14
1786222800,4626.86
1786226400,4550.87
1786230000,4543.31
1786233600,4629.65
1786237200,4664.49
1786240800,4661.37
1786244400,4663.30
1786248000,4645.56
1786251600,4575.50
1786255200,4644.75
1786258800,4631.30
1786262400,4680.95
1786266000,4720.39
1786269600,4670.59
1786273200,4671.44
1786276800,4684.60
1786280400,4715.45
1786284000,4776.92
1786287600,4779.55
1786291200,4686.69
1786294800,4708.20
1786298400,4666.44
1786302000,4723.51
1786305600,4700.66
1786309200,4663.61
1786312800,4649.52
1786316400,4732.63
1786320000,4749.52
1786323600,4730.04
1786327200,4699.92
1786330800,4618.54
1786334400,4629.77
1786338000,4636.73
1786341600,4643.09
1786345200,4674.78
1786348800,4619.01
1786352400,4665.45
1786356000,4627.95
1786359600,4658.42
1786363200,4689.37
1786366800,4598.53
1786370400,4656.26
1786374000,4671.07
1786377600,4593.55
1786381200,4648.41
1786384800,4677.61
1786388400,4689.46
1786392000,4656.16
1786395600,4682.86
1786399200,4657.40
1786402800,4663.12
1786406400,4637.56
1786410000,4658.46
1786413600,4653.32
1786417200,4642.61
1786420800,4638.28
1786424400,4631.63
1786428000,4617.33
1786431600,4645.20
1786435200,4669.46
1786438800,4662.51
1786442400,4703.47
1786446000,4668.06
1786449600,4663.94
1786453200,4698.59
1786456800,4728.53
1786460400,4789.49
1786464000,4745.70
1786467600,4792.14
1786471200,4802.30
1786474800,4836.87
1786478400,4835.14
1786482000,4817.42
1786485600,4846.13
1786489200,4872.08
1786492800,4887.20
1786496400,4864.34
1786500000,4840.12
1786503600,4901.28
1786507200,4886.74
1786510800,4879.27
1786514400,4933.89
1786518000,5021.85
1786521600,4999.75
1786525200,4962.39
1786528800,4927.04
1786532400,4966.38
1786536000,4968.65
1786539600,5019.03
1786543200,5031.35
1786546800,4991.97
1786550400,5000.35
1786554000,4986.03
1786557600,5069.74
1786561200,5095.64
1786564800,5118.62
1786568400,5106.29
1786572000,5130.58
1786575600,5164.28
1786579200,5178.02
1786582800,5165.76
1786586400,5152.05
1786590000,5129.87
1786593600,5146.16
1786597200,5102.56
1786600800,5109.37
1786604400,5067.50
1786608000,5073.30
1786611600,5098.13
1786615200,5062.40
1786618800,5031.23
1786622400,5076.40
1786626000,5042.00
1786629600,5031.56
1786633200,5033.17
1786636800,4981.73
1786640400,5011.13
1786644000,5015.12
1786647600,5028.10
1786651200,5080.56
1786654800,5148.17
1786658400,5063.29
1786662000,5039.75
1786665600,4987.51
1786669200,4965.36
1786672800,4981.89
1786676400,4941.84
1786680000,4884.48
1786683600,4888.68
1786687200,4878.24
1786690800,4844.36
1786694400,4850.02
1786698000,4868.08
1786701600,4878.50
1786705200,4908.65
1786708800,4893.42
1786712400,4881.48
1786716000,4854.63
1786719600,4887.44
1786723200,4940.47
1786726800,4976.66
1786730400,5084.63
1786734000,5003.46
1786737600,4930.25
1786741200,4929.39
1786744800,5007.79
1786748400,5031.59
1786752000,4918.83
1786755600,4879.86
1786759200,4832.18
1786762800,4828.83
1786766400,4820.23
1786770000,4816.05
1786773600,4808.97
1786777200,4770.13
1786780800,4739.30
1786784400,4730.75
1786788000,4739.01
1786791600,4746.82
1786795200,4699.97
1786798800,4670.75
1786802400,4682.97
1786806000,4719.99
1786809600,4672.65
1786813200,4724.80
1786816800,4731.31
1786820400,4719.83
1786824000,4802.73
1786827600,4765.03
1786831200,4757.09
1786834800,4705.78
1786838400,4778.14
1786842000,4722.61
1786845600,4700.13
1786849200,4717.23
1786852800,4744.01
1786856400,4713.39
1786860000,4645.95
1786863600,4629.25
1786867200,4683.35
1786870800,4726.55
1786874400,4787.14
1786878000,4761.23
1786881600,4687.59
1786885200,4700.30
1786888800,4720.01
1786892400,4693.45
1786896000,4695.16
1786899600,4695.17
1786903200,4691.29
1786906800,4715.40
1786910400,4695.16
1786914000,4728.58
1786917600,4651.42
1786921200,4619.27
1786924800,4629.40
1786928400,4637.31
1786932000,4629.98
1786935600,4583.76
1786939200,4615.16
1786942800,4672.12
1786946400,4676.22
1786950000,4630.49
1786953600,4645.82
1786957200,4606.05
1786960800,4571.67
1786964400,4605.39
1786968000,4627.76
1786971600,4673.26
1786975200,4655.28
1786978800,4629.50
1786982400,4633.97
1786986000,4616.44
1786989600,4645.02
1786993200,4647.79
1786996800,4643.15
1787000400,4624.09
1787004000,4600.53
1787007600,4605.96
1787011200,4646.81
1787014800,4618.30
1787018400,4565.02
1787022000,4482.62
1787025600,4402.80
1787029200,4397.18
1787032800,4394.45
1787036400,4416.96
1787040000,4430.49
1787043600,4431.15
1787047200,4414.59
1787050800,4454.96
1787054400,4443.19
1787058000,4426.11
1787061600,4428.48
1787065200,4477.73
1787068800,4453.19
1787072400,4398.82
1787076000,4419.32
1787079600,4439.53
1787083200,4463.63
1787086800,4473.93
1787090400,4486.30
1787094000,4501.86
1787097600,4534.10
1787101200,4532.27
1787104800,4538.89
1787108400,4447.86
1787112000,4481.94
1787115600,4441.84
1787119200,4451.41
1787122800,4438.07
1787126400,4444.64
1787130000,4425.12
1787133600,4420.54
1787137200,4441.36
1787140800,4418.75
1787144400,4487.14
1787148000,4465.93
1787151600,4483.43
1787155200,4480.56
1787158800,4490.31
1787162400,4523.74
1787166000,4502.63
1787169600,4524.77
1787173200,4486.41
1787176800,4455.38
1787180400,4412.10
1787184000,4429.03
1787187600,4393.76
1787191200,4449.67
1787194800,4413.95
1787198400,4368.06
1787202000,4366.12
1787205600,4379.74
1787209200,4353.76
1787212800,4389.16
1787216400,4396.72
1787220000,4421.73
1787223600,4459.69
1787227200,4470.84
1787230800,4434.03
1787234400,4437.41
1787238000,4435.33
1787241600,4468.31
1787245200,4450.98
1787248800,4441.08
1787252400,4440.68
1787256000,4461.34
1787259600,4432.83
1787263200,4500.99
1787266800,4487.22
1787270400,4525.85
1787274000,4525.68
1787277600,4556.80
1787281200,4476.24
1787284800,4508.71
1787288400,4524.79
1787292000,4523.15
1787295600,4567.81
1787299200,4619.52
1787302800,4626.05
1787306400,4655.46
1787310000,4680.15
1787313600,4698.41
1787317200,4742.08
1787320800,4746.27
1787324400,4766.97
1787328000,4765.16
1787331600,4778.47
1787335200,4709.94
1787338800,4710.37
1787342400,4673.43
1787346000,4648.91
1787349600,4638.44
1787353200,4646.86
1787356800,4650.49
1787360400,4674.36
1787364000,4600.11
1787367600,4611.10
1787371200,4643.54
1787374800,4566.37
1787378400,4540.97
1787382000,4547.76
1787385600,4569.87
1787389200,4529.37
1787392800,4499.59
1787396400,4495.36
1787400000,4524.09
1787403600,4562.12
1787407200,4573.70
1787410800,4592.70
1787414400,4636.16
1787418000,4615.74
1787421600,4572.55
1787425200,4595.02
1787428800,4677.13
1787432400,4639.39
1787436000,4629.44
1787439600,4690.27
1787443200,4660.50
1787446800,4694.89
1787450400,4704.71
1787454000,4693.23
1787457600,4676.35
1787461200,4665.62
1787464800,4630.43
1787468400,4605.07
1787472000,4665.10
1787475600,4702.61
1787479200,4731.63
1787482800,4703.48
1787486400,4706.16
1787490000,4673.93
1787493600,4692.55
1787497200,4721.60
1787500800,4696.28
1787504400,4632.52
1787508000,4635.41
1787511600,4666.06
1787515200,4677.85
1787518800,4645.31
1787522400,4622.17
1787526000,4618.73
1787529600,4675.94
1787533200,4663.68
1787536800,4645.82
1787540400,4610.58
1787544000,4614.22
1787547600,4514.96
1787551200,4504.06
1787554800,4542.51
1787558400,4532.97
1787562000,4525.52
1787565600,4520.33
1787569200,4524.38
1787572800,4561.23
1787576400,4601.75
1787580000,4639.52
1787583600,4574.72
1787587200,4581.20
1787590800,4499.40
1787594400,4449.38
1787598000,4441.32
1787601600,4389.49
1787605200,4415.78
1787608800,4392.77
1787612400,4343.47
1787616000,4378.46
1787619600,4390.08
1787623200,4329.52
1787626800,4432.06
1787630400,4410.71
1787634000,4415.51
1787637600,4356.08
1787641200,4312.51
1787644800,4304.44
1787648400,4252.32
1787652000,4251.81
1787655600,4339.02
1787659200,4340.83
1787662800,4346.88
1787666400,4308.12
1787670000,4246.17
1787673600,4282.26
1787677200,4288.29
1787680800,4309.35
1787684400,4329.69
1787688000,4343.53
1787691600,4348.38
1787695200,4343.28
1787698800,4334.62
1787702400,4280.77
1787706000,4243.56
1787709600,4221.25
1787713200,4321.34
1787716800,4319.00
1787720400,4340.79
1787724000,4376.45
1787727600,4356.78
1787731200,4353.71
1787734800,4436.24
1787738400,4470.16
1787742000,4460.03
1787745600,4503.71
1787749200,4435.24
1787752800,4425.38
1787756400,4406.56
1787760000,4472.77
1787763600,4489.51
1787767200,4459.01
1787770800,4504.12
1787774400,4487.93
1787778000,4472.92
1787781600,4484.32
1787785200,4431.68
1787788800,4413.74
1787792400,4393.14
1787796000,4412.39
1787799600,4421.08
1787803200,4449.52
1787806800,4452.05
1787810400,4444.12
1787814000,4498.01
1787817600,4534.89
1787821200,4534.71
1787824800,4582.80
1787828400,4567.32
1787832000,4598.65
1787835600,4566.29
1787839200,4555.15
1787842800,4506.25
1787846400,4491.23
1787850000,4459.13
1787853600,4480.02
1787857200,4394.64
1787860800,4384.93
1787864400,4387.93
1787868000,4431.09
1787871600,4454.52
1787875200,4450.41
1787878800,4477.76
1787882400,4491.82
1787886000,4536.51
1787889600,4542.45
1787893200,4605.73
1787896800,4663.19
1787900400,4680.95
1787904000,4665.45
1787907600,4688.30
1787911200,4728.00
1787914800,4644.90
1787918400,4626.26
1787922000,4616.87
1787925600,4660.53
1787929200,4698.86
1787932800,4680.24
1787936400,4691.78
1787940000,4679.75
1787943600,4692.97
1787947200,4624.05
1787950800,4642.65
1787954400,4704.42
1787958000,4732.69
1787961600,4730.61
1787965200,4756.55
1787968800,4750.20
1787972400,4695.26
1787976000,4789.57
1787979600,4783.62
1787983200,4797.89
1787986800,4791.53
1787990400,4819.81
1787994000,4812.22
1787997600,4883.74
1788001200,4910.40
1788004800,4917.42
1788008400,4972.26
1788012000,5006.16
1788015600,5003.95
1788019200,5073.26
1788022800,5147.86
1788026400,5099.01
1788030000,5061.07
1788033600,5041.51
1788037200,5037.36
1788040800,5024.60
1788044400,5075.01
1788048000,5072.12
1788051600,5009.80
1788055200,5036.58
1788058800,5067.85
1788062400,5076.07
1788066000,4985.99
1788069600,5003.29
1788073200,4982.31
1788076800,4969.54
1788080400,4901.38
1788084000,4875.37
1788087600,4832.90
1788091200,4836.56
1788094800,4804.12
1788098400,4853.63
1788102000,4903.21
1788105600,4890.75
1788109200,4882.64
1788112800,4889.05
1788116400,4884.81
1788120000,4841.46
1788123600,4706.99
1788127200,4696.59
1788130800,4698.24
1788134400,4729.48
1788138000,4741.99
1788141600,4728.69
1788145200,4654.12
1788148800,4630.78
1788152400,4589.57
1788156000,4562.79
1788159600,4576.84
1788163200,4561.18
1788166800,4587.45
1788170400,4563.06
1788174000,4552.68
1788177600,4531.19
1788181200,4530.59
1788184800,4579.65
1788188400,4563.42
1788192000,4526.58
1788195600,4545.71
1788199200,4575.33
1788202800,4512.90
1788206400,4531.41
1788210000,4532.60
1788213600,4538.91
1788217200,4508.91
1788220800,4479.22
1788224400,4506.05
1788228000,4492.88
1788231600,4451.51
1788235200,4473.69
1788238800,4443.80
1788242400,4529.36
1788246000,4510.13
1788249600,4548.06
1788253200,4568.52
1788256800,4576.41
1788260400,4535.32
1788264000,4529.60
1788267600,4484.81
1788271200,4511.43
1788274800,4479.58
1788278400,4518.48
1788282000,4533.87
1788285600,4570.11
1788289200,4606.77
1788292800,4578.19
1788296400,4540.32
1788300000,4472.05
1788303600,4485.84
1788307200,4483.82
1788310800,4488.48
1788314400,4481.10
1788318000,4482.38
1788321600,4423.59
1788325200,4405.92
1788328800,4367.22
1788332400,4421.57
1788336000,4432.54
1788339600,4483.37
1788343200,4444.50
1788346800,4362.00
1788350400,4395.24
1788354000,4420.39
1788357600,4409.29
1788361200,4402.95
1788364800,4446.55
1788368400,4521.05
1788372000,4461.81
1788375600,4459.24
1788379200,4458.62
1788382800,4463.82
1788386400,4463.41
1788390000,4458.65
1788393600,4484.22
1788397200,4435.35
1788400800,4389.51
1788404400,4390.23
1788408000,4333.37
1788411600,4349.15
1788415200,4398.13
1788418800,4408.95
1788422400,4370.42
1788426000,4364.36
1788429600,4308.21
1788433200,4301.60
1788436800,4320.04
1788440400,4363.29
1788444000,4382.45
1788447600,4376.28
1788451200,4375.92
1788454800,4404.78
1788458400,4411.51
1788462000,4355.61
1788465600,4345.27
1788469200,4364.67
1788472800,4343.70
1788476400,4385.46
1788480000,4352.01
1788483600,4313.02
1788487200,4334.11
1788490800,4288.06
1788494400,4283.97
1788498000,4270.42
1788501600,4265.59
1788505200,4246.36
1788508800,4227.05
1788512400,4248.11
1788516000,4239.18
1788519600,4272.82
1788523200,4324.09
1788526800,4291.68
1788530400,4293.33
1788534000,4317.05
1788537600,4326.93
1788541200,4285.88
1788544800,4264.12
1788548400,4252.83
1788552000,4253.88
1788555600,4224.33
1788559200,4235.14
1788562800,4188.07
1788566400,4184.14
1788570000,4153.96
1788573600,4200.06
1788577200,4205.18
1788580800,4239.80
1788584400,4324.97
1788588000,4419.21
1788591600,4417.11
1788595200,4394.60
1788598800,4338.57
1788602400,4316.82
1788606000,4301.52
1788609600,4277.81
1788613200,4300.65
1788616800,4287.48
1788620400,4250.78
1788624000,4269.69
1788627600,4286.22
1788631200,4286.74
1788634800,4250.30
1788638400,4241.25
1788642000,4248.18
1788645600,4219.75
1788649200,4278.96
1788652800,4319.20
1788656400,4231.47
1788660000,4171.22
1788663600,4159.05
1788667200,4139.17
1788670800,4120.37
1788674400,4126.95
1788678000,4142.58
1788681600,4122.14
1788685200,4091.95
1788688800,4078.61
1788692400,4068.22
1788696000,4074.10
1788699600,4098.73
1788703200,4124.05
1788706800,4073.59
1788710400,4080.98
1788714000,4067.24
1788717600,4083.66
1788721200,4030.57
1788724800,4013.83
1788728400,3916.58
1788732000,3914.00
1788735600,3913.02
1788739200,3873.48
1788742800,3867.56
1788746400,3823.03
1788750000,3867.07
1788753600,3902.69
1788757200,3840.12
1788760800,3824.16
1788764400,3795.97
1788768000,3812.05
1788771600,3813.76
1788775200,3788.90
1788778800,3775.82
1788782400,3765.21
1788786000,3730.45
1788789600,3749.85
1788793200,3786.51
1788796800,3807.45
1788800400,3811.15
1788804000,3783.33
1788807600,3774.88
1788811200,3794.64
1788814800,3776.49
1788818400,3752.30
1788822000,3751.44
1788825600,3736.96
1788829200,3769.84
1788832800,3749.98
1788836400,3705.88
1788840000,3728.55
1788843600,3694.73
1788847200,3648.48
1788850800,3607.00
1788854400,3543.25
1788858000,3541.75
1788861600,3541.46
1788865200,3552.04
1788868800,3518.71
1788872400,3489.70
1788876000,3531.51
1788879600,3506.86
1788883200,3523.07
1788886800,3453.43
1788890400,3437.48
1788894000,3389.61
1788897600,3340.48
1788901200,3364.03
1788904800,3358.38
1788908400,3398.72
1788912000,3357.68
1788915600,3333.81
1788919200,3327.81
1788922800,3327.88
1788926400,3293.93
1788930000,3281.49
1788933600,3261.74
1788937200,3216.36
1788940800,3180.90
1788944400,3206.07
1788948000,3227.20
1788951600,3222.47
1788955200,3198.13
1788958800,3173.34
1788962400,3163.28
1788966000,3181.11
1788969600,3199.59
1788973200,3181.28
1788976800,3169.66
1788980400,3152.90
1788984000,3179.89
1788987600,3167.02
1788991200,3196.70
1788994800,3205.05
1788998400,3218.90
1789002000,3190.28
1789005600,3206.22
1789009200,3195.86
1789012800,3193.25
1789016400,3207.84
1789020000,3237.25
1789023600,3223.25
1789027200,3211.32
1789030800,3198.74
1789034400,3170.94
1789038000,3217.06
1789041600,3233.38
1789045200,3177.71
1789048800,3183.15
1789052400,3153.31
1789056000,3111.84
1789059600,3127.91
1789063200,3109.01
1789066800,3132.24
1789070400,3163.04
1789074000,3196.78
1789077600,3150.18
1789081200,3144.22
1789084800,3137.09
1789088400,3147.74
1789092000,3147.97
1789095600,3197.14
1789099200,3143.49
1789102800,3203.97
1789106400,3166.44
1789110000,3147.62
1789113600,3105.09
1789117200,3103.54
1789120800,3115.31
1789124400,3148.53
1789128000,3152.36
1789131600,3142.96
1789135200,3148.87
1789138800,3133.37
1789142400,3104.27
1789146000,3112.51
1789149600,3070.91
1789153200,3035.01
1789156800,3062.27
1789160400,3066.69
1789164000,3055.25
1789167600,3058.54
1789171200,3043.59
1789174800,3054.59
1789178400,3013.23
1789182000,3020.69
1789185600,2983.15
1789189200,2979.50
1789192800,2995.97
1789196400,3085.63
1789200000,3060.45
1789203600,3062.74
1789207200,3049.09
1789210800,3027.02
1789214400,3057.78
1789218000,3035.53
1789221600,3016.25
1789225200,2983.78
1789228800,2971.16
1789232400,2990.00
1789236000,3037.71
1789239600,3009.50
1789243200,2988.40
1789246800,2951.56
1789250400,2925.73
1789254000,2930.90
1789257600,2924.82
1789261200,2925.74
1789264800,2924.65
1789268400,2903.57
1789272000,2869.42
1789275600,2907.98
1789279200,2921.99
1789282800,2942.80
1789286400,2933.52
1789290000,2927.39
1789293600,2916.41
1789297200,2898.63
1789300800,2893.33
1789304400,2905.59
1789308000,2884.07
1789311600,2851.62
1789315200,2879.15
1789318800,2941.65
1789322400,2938.06
1789326000,2918.49
1789329600,2904.02
1789333200,2890.05
1789336800,2896.06
1789340400,2896.10
1789344000,2922.18
1789347600,2932.19
1789351200,2917.15
1789354800,2919.16
1789358400,2914.89
1789362000,2944.48
1789365600,2948.84
1789369200,2938.52
1789372800,2888.43
1789376400,2867.56
1789380000,2882.35
1789383600,2875.57
1789387200,2901.08
1789390800,2872.90
1789394400,2891.68
1789398000,2886.51
1789401600,2880.97
1789405200,2904.06
1789408800,2839.82
1789412400,2867.98
1789416000,2886.57
1789419600,2871.27
1789423200,2835.26
1789426800,2846.62
1789430400,2834.90
1789434000,2817.99
1789437600,2873.31
1789441200,2892.50
1789444800,2878.65
1789448400,2873.67
1789452000,2892.95
1789455600,2898.82
1789459200,2876.75
1789462800,2895.10
1789466400,2899.64
1789470000,2871.30
1789473600,2876.36
1789477200,2870.53
1789480800,2856.20
1789484400,2846.56
1789488000,2886.84
1789491600,2918.18
1789495200,2921.93
1789498800,2893.10
1789502400,2922.26
1789506000,2916.91
1789509600,2933.10
1789513200,2916.39
1789516800,2902.33
1789520400,2917.59
1789524000,2903.26
1789527600,2902.05
1789531200,2903.96
1789534800,2890.64
1789538400,2858.96
1789542000,2872.71
1789545600,2876.41
1789549200,2910.56
1789552800,2890.34
1789556400,2900.80
1789560000,2904.89
1789563600,2898.06
1789567200,2892.95
1789570800,2874.94
1789574400,2884.50
1789578000,2855.17
1789581600,2861.64
1789585200,2860.45
1789588800,2884.29
1789592400,2865.53
1789596000,2899.69
1789599600,2901.58
1789603200,2876.30
1789606800,2868.19
1789610400,2863.42
1789614000,2885.74
1789617600,2897.36
1789621200,2907.23
1789624800,2943.42
1789628400,2923.23
1789632000,2901.00
1789635600,2874.91
1789639200,2856.09
1789642800,2838.40
1789646400,2815.29
1789650000,2804.75
1789653600,2816.08
1789657200,2827.93
1789660800,2816.04
1789664400,2851.70
1789668000,2823.11
1789671600,2811.15
1789675200,2786.24
1789678800,2834.66
1789682400,2815.01
1789686000,2838.07
1789689600,2819.02
1789693200,2840.11
1789696800,2805.46
1789700400,2794.44
1789704000,2797.24
1789707600,2781.29
1789711200,2766.02
1789714800,2807.13
1789718400,2807.99
1789722000,2846.48
1789725600,2879.59
1789729200,2887.54
1789732800,2923.50
1789736400,2957.24
1789740000,2948.22
1789743600,2935.74
1789747200,2921.50
1789750800,2914.26
1789754400,2889.68
1789758000,2863.61
1789761600,2881.30
1789765200,2897.18
1789768800,2881.12
1789772400,2903.76
1789776000,2884.14
1789779600,2903.60
1789783200,2905.25
1789786800,2906.66
1789790400,2870.59
1789794000,2871.99
1789797600,2867.46
1789801200,2838.34
1789804800,2852.43
1789808400,2843.36
1789812000,2827.11
1789815600,2835.40
1789819200,2820.75
1789822800,2839.45
1789826400,2833.04
1789830000,2816.85
1789833600,2783.29
1789837200,2768.84
1789840800,2736.87
1789844400,2730.38
1789848000,2708.20
1789851600,2714.34
1789855200,2698.92
1789858800,2706.51
1789862400,2698.88
1789866000,2673.91
1789869600,2699.67
1789873200,2706.02
1789876800,2721.98
1789880400,2690.87
1789884000,2678.88
1789887600,2671.49
1789891200,2665.75
1789894800,2660.13
1789898400,2626.84
1789902000,2632.26
1789905600,2646.66
1789909200,2634.81
1789912800,2634.61
1789916400,2611.42
1789920000,2655.03
1789923600,2660.79
1789927200,2641.14
1789930800,2625.75
1789934400,2577.74
1789938000,2617.83
1789941600,2618.86
1789945200,2649.05
1789948800,2638.77
1789952400,2594.02
1789956000,2542.74
1789959600,2522.86
1789963200,2528.10
1789966800,2516.98
1789970400,2540.04
1789974000,2533.65
1789977600,2541.33
1789981200,2562.66
1789984800,2539.78
1789988400,2514.10
1789992000,2471.37
1789995600,2478.32
1789999200,2495.13
1790002800,2480.90
1790006400,2468.11
1790010000,2492.81
1790013600,2479.98
1790017200,2458.72
1790020800,2451.61
1790024400,2483.58
1790028000,2499.63
1790031600,2479.05
1790035200,2464.34
1790038800,2434.81
1790042400,2442.98
1790046000,2465.58
1790049600,2473.49
1790053200,2490.20
1790056800,2469.81
1790060400,2488.48
1790064000,2499.87
1790067600,2489.86
1790071200,2499.80
1790074800,2498.65
1790078400,2463.78
1790082000,2487.45
1790085600,2481.67
1790089200,2467.55
1790092800,2482.02
1790096400,2450.86
1790100000,2450.05
1790103600,2433.73
1790107200,2412.98
1790110800,2375.34
1790114400,2387.68
1790118000,2389.99
1790121600,2417.02
1790125200,2407.32
1790128800,2397.07
1790132400,2414.76
1790136000,2406.40
1790139600,2432.50
1790143200,2448.79
1790146800,2448.71
1790150400,2422.21
1790154000,2394.65
1790157600,2405.87
1790161200,2376.52
1790164800,2388.49
1790168400,2383.61
1790172000,2401.22
1790175600,2425.08
1790179200,2436.90
1790182800,2453.46
1790186400,2465.59
1790190000,2446.29
1790193600,2487.21
1790197200,2482.59
1790200800,2483.77
1790204400,2456.63
1790208000,2441.83
1790211600,2440.86
1790215200,2424.49
1790218800,2405.95
1790222400,2407.99
1790226000,2405.41
1790229600,2400.94
1790233200,2411.82
1790236800,2450.66
1790240400,2454.24
1790244000,2416.31
1790247600,2386.74
1790251200,2359.04
1790254800,2334.14
1790258400,2326.06
1790262000,2347.15
1790265600,2364.43
1790269200,2335.04
1790272800,2336.47
1790276400,2333.89
1790280000,2364.03
1790283600,2355.23
1790287200,2366.83
1790290800,2382.85
1790294400,2387.44
1790298000,2388.49
1790301600,2369.05
1790305200,2372.82
1790308800,2389.93
1790312400,2395.77
1790316000,2396.98
1790319600,2363.94
1790323200,2347.69
1790326800,2336.13
1790330400,2328.57
1790334000,2365.39
1790337600,2351.71
1790341200,2352.32
1790344800,2341.87
1790348400,2323.62
1790352000,2348.46
1790355600,2345.87
1790359200,2338.82
1790362800,2350.52
1790366400,2370.26
1790370000,2354.81
1790373600,2371.22
1790377200,2377.65
1790380800,2386.90
1790384400,2418.57
1790388000,2437.05
1790391600,2426.62
1790395200,2435.94
1790398800,2429.85
1790402400,2430.74
1790406000,2430.06
1790409600,2432.70
1790413200,2450.66
1790416800,2432.01
1790420400,2435.22
1790424000,2412.27
1790427600,2409.71
1790431200,2372.29
1790434800,2364.41
1790438400,2380.10
1790442000,2384.66
1790445600,2405.89
1790449200,2366.00
1790452800,2347.91
1790456400,2371.30
1790460000,2390.98
1790463600,2398.56
1790467200,2416.08
1790470800,2440.82
1790474400,2444.36
1790478000,2431.79
1790481600,2424.03
1790485200,2389.50
1790488800,2402.23
1790492400,2426.62
1790496000,2442.50
1790499600,2448.68
1790503200,2447.43
1790506800,2483.53
1790510400,2455.49
1790514000,2433.36
1790517600,2463.45
1790521200,2449.73
1790524800,2460.44
1790528400,2451.82
1790532000,2419.78
1790535600,2419.32
1790539200,2401.40
1790542800,2380.22
1790546400,2403.92
1790550000,2402.83
1790553600,2387.22
1790557200,2394.69
1790560800,2359.90
1790564400,2380.22
1790568000,2374.05
1790571600,2389.73
1790575200,2396.84
1790578800,2430.81
1790582400,2446.99
1790586000,2430.63
1790589600,2412.88
1790593200,2454.21
1790596800,2462.29
1790600400,2470.45
1790604000,2496.95
1790607600,2507.44
1790611200,2483.50
1790614800,2472.12
1790618400,2465.69
1790622000,2489.96
1790625600,2493.23
1790629200,2516.24
1790632800,2468.25
1790636400,2481.48
1790640000,2504.64
1790643600,2495.25
1790647200,2507.56
1790650800,2482.11
1790654400,2510.93
1790658000,2499.29
1790661600,2500.05
1790665200,2512.92
1790668800,2535.98
1790672400,2564.33
1790676000,2564.63
1790679600,2566.68
1790683200,2560.12
1790686800,2543.52
1790690400,2597.86
1790694000,2609.81
1790697600,2622.03
1790701200,2599.71
1790704800,2615.17
1790708400,2579.44
1790712000,2554.94
1790715600,2580.49
1790719200,2556.48
1790722800,2569.28
1790726400,2556.14
1790730000,2529.86
1790733600,2551.80
1790737200,2547.48
1790740800,2540.72
1790744400,2555.65
1790748000,2530.03
1790751600,2526.29
1790755200,2512.58
1790758800,2546.20
1790762400,2529.81
1790766000,2533.31
1790769600,2529.57
1790773200,2531.64
1790776800,2523.83
1790780400,2523.86
1790784000,2520.54
1790787600,2548.52
1790791200,2563.99
1790794800,2553.30
1790798400,2561.44
1790802000,2573.11
1790805600,2580.43
1790809200,2597.20
1790812800,2611.11
1790816400,2629.48
1790820000,2637.55
1790823600,2666.74
1790827200,2627.32
1790830800,2608.82
1790834400,2615.16
1790838000,2570.84
1790841600,2532.65
1790845200,2491.75
1790848800,2457.17
1790852400,2463.76
1790856000,2420.94
1790859600,2414.98
1790863200,2384.48
1790866800,2418.15
1790870400,2422.40
1790874000,2422.75
1790877600,2455.54
1790881200,2422.30
1790884800,2441.23
1790888400,2415.61
1790892000,2424.01
1790895600,2408.57
1790899200,2385.35
1790902800,2375.80
1790906400,2374.73
1790910000,2401.97
1790913600,2429.62
1790917200,2406.43
1790920800,2399.95
1790924400,2419.74
1790928000,2383.14
1790931600,2369.32
1790935200,2359.33
1790938800,2366.43
1790942400,2358.40
1790946000,2355.18
1790949600,2342.00
1790953200,2387.80
1790956800,2362.96
1790960400,2333.28
1790964000,2336.49
1790967600,2360.71
1790971200,2327.21
1790974800,2333.51
1790978400,2323.08
1790982000,2331.90
1790985600,2350.81
1790989200,2321.84
1790992800,2331.43
1790996400,2344.67
1791000000,2335.17
1791003600,2351.80
1791007200,2316.39
1791010800,2306.30
1791014400,2314.14
1791018000,2328.29
1791021600,2326.52
1791025200,2329.60
1791028800,2299.42
1791032400,2305.29
1791036000,2301.10
1791039600,2281.55
1791043200,2277.16
1791046800,2289.75
1791050400,2283.22
1791054000,2249.51
1791057600,2251.38
1791061200,2202.33
1791064800,2183.49
1791068400,2194.55
1791072000,2181.39
1791075600,2180.28
1791079200,2154.47
1791082800,2145.82
1791086400,2125.47
1791090000,2158.21
1791093600,2125.17
1791097200,2125.95
1791100800,2142.94
1791104400,2130.22
1791108000,2128.62
1791111600,2142.23
1791115200,2111.08
1791118800,2115.96
1791122400,2105.80
1791126000,2093.80
1791129600,2079.42
1791133200,2065.90
1791136800,2074.12
1791140400,2064.36
1791144000,2060.43
1791147600,2047.32
1791151200,2039.13
1791154800,2094.00
1791158400,2106.73
1791162000,2123.58
1791165600,2153.33
1791169200,2151.78
1791172800,2171.31
1791176400,2157.02
1791180000,2189.16
1791183600,2198.50
1791187200,2222.82
1791190800,2217.95
1791194400,2200.41
1791198000,2224.33
1791201600,2209.51
1791205200,2215.30
1791208800,2191.63
1791212400,2184.67
1791216000,2170.13
1791219600,2154.85
1791223200,2169.76
1791226800,2174.64
1791230400,2169.38
1791234000,2187.24
1791237600,2194.17
1791241200,2180.65
1791244800,2161.06
1791248400,2171.81
1791252000,2169.54
1791255600,2198.02
1791259200,2203.32
1791262800,2204.89
1791266400,2190.57
1791270000,2161.99
1791273600,2167.86
1791277200,2201.39
1791280800,2178.67
1791284400,2165.79
1791288000,2185.65
1791291600,2208.88
1791295200,2188.60
1791298800,2201.14
1791302400,2200.97
1791306000,2173.33
1791309600,2145.46
1791313200,2133.95
1791316800,2138.89
1791320400,2126.12
1791324000,2119.89
1791327600,2110.39
1791331200,2116.08
1791334800,2098.39
1791338400,2080.68
1791342000,2074.43
1791345600,2095.29
1791349200,2070.33
1791352800,2066.59
1791356400,2049.22
1791360000,2074.22
1791363600,2080.05
1791367200,2113.02
1791370800,2125.01
1791374400,2129.09
1791378000,2131.74
1791381600,2120.02
1791385200,2113.23
1791388800,2159.67
1791392400,2138.02
1791396000,2150.29
1791399600,2151.13
1791403200,2147.12
1791406800,2153.96
1791410400,2160.54
1791414000,2152.18
1791417600,2126.47
1791421200,2105.99
1791424800,2108.56
1791428400,2098.38
1791432000,2112.55
1791435600,2119.74
1791439200,2131.85
1791442800,2138.93
1791446400,2137.16
1791450000,2146.89
1791453600,2142.04
1791457200,2131.12
1791460800,2118.62
1791464400,2122.02
1791468000,2113.19
1791471600,2093.92
1791475200,2080.88
1791478800,2052.56
1791482400,2054.32
1791486000,2063.79
1791489600,2048.53
1791493200,2056.89
1791496800,2055.90
1791500400,2043.28
1791504000,2029.61
1791507600,2035.07
1791511200,2025.01
1791514800,2002.56
1791518400,1980.91
1791522000,2010.95
1791525600,2037.41
1791529200,2035.11
1791532800,2022.41
1791536400,2050.30
1791540000,2057.88
1791543600,2056.96
1791547200,2031.56
1791550800,2040.83
1791554400,2029.89
1791558000,2028.37
1791561600,2036.38
1791565200,2043.97
1791568800,2043.33
1791572400,2055.56
1791576000,2041.82
1791579600,2055.87
1791583200,2032.29
1791586800,2009.54
1791590400,1999.60
1791594000,2009.93
1791597600,2005.56
1791601200,2002.10
1791604800,2001.68
1791608400,1990.95
1791612000,1986.59
1791615600,1989.29
1791619200,2016.60
1791622800,1996.62
1791626400,1993.39
1791630000,2006.76
1791633600,1992.26
1791637200,1990.92
1791640800,1983.33
1791644400,1973.11
1791648000,1979.99
1791651600,1994.09
1791655200,1999.99
1791658800,2010.31
1791662400,2002.27
1791666000,1989.28
1791669600,1967.38
1791673200,1967.01
1791676800,1985.44
1791680400,1970.24
1791684000,1986.62
1791687600,1982.41
1791691200,2005.42
1791694800,2009.43
1791698400,2002.47
1791702000,2004.68
1791705600,2002.65
1791709200,2003.16
1791712800,1984.68
1791716400,1974.95
1791720000,1985.39
1791723600,1991.35
1791727200,2021.67
1791730800,2049.23
1791734400,2110.36
1791738000,2119.59
1791741600,2120.45
1791745200,2121.70
1791748800,2137.82
1791752400,2130.70
1791756000,2130.14
1791759600,2154.54
1791763200,2145.27
1791766800,2130.98
1791770400,2114.38
1791774000,2115.41
1791777600,2116.76
1791781200,2101.86
1791784800,2104.95
1791788400,2100.76
1791792000,2072.41
1791795600,2087.10
1791799200,2117.18
1791802800,2111.32
1791806400,2074.89
1791810000,2088.94
1791813600,2115.52
1791817200,2105.59
1791820800,2086.91
1791824400,2071.37
1791828000,2078.93
1791831600,2067.62
1791835200,2040.68
1791838800,2051.34
1791842400,2032.79
1791846000,2051.06
1791849600,2039.61
1791853200,2044.45
1791856800,2046.22
1791860400,2055.58
1791864000,2049.67
1791867600,2075.37
1791871200,2092.06
1791874800,2096.58
1791878400,2097.96
1791882000,2098.60
1791885600,2061.27
1791889200,2062.50
1791892800,2096.11
1791896400,2098.65
1791900000,2128.57
1791903600,2103.54
1791907200,2095.63
1791910800,2141.77
1791914400,2166.23
1791918000,2164.78
1791921600,2159.45
1791925200,2183.72
1791928800,2164.62
1791932400,2170.62
1791936000,2173.07
1791939600,2189.82
1791943200,2184.58
1791946800,2204.15
1791950400,2196.81
1791954000,2170.33
1791957600,2180.75
1791961200,2158.52
1791964800,2134.89
1791968400,2143.13
1791972000,2115.95
1791975600,2095.76
1791979200,2096.13
1791982800,2131.56
1791986400,2118.88
1791990000,2108.70
1791993600,2114.50
1791997200,2114.59
1792000800,2119.43
1792004400,2113.88
1792008000,2086.39
1792011600,2097.15
1792015200,2097.67
1792018800,2113.79
1792022400,2114.07
1792026000,2105.92
1792029600,2117.16
1792033200,2109.06
1792036800,2118.85
1792040400,2124.42
1792044000,2090.64
1792047600,2062.04
1792051200,2059.03
1792054800,2049.45
1792058400,2047.35
1792062000,2016.14
1792065600,1999.80
1792069200,2018.77
1792072800,2008.00
1792076400,1996.50
1792080000,1976.79
1792083600,1984.76
1792087200,1995.85
1792090800,1984.79
1792094400,1974.61
1792098000,1965.04
1792101600,1989.27
1792105200,2010.19
1792108800,2005.98
1792112400,1996.90
1792116000,2017.36
1792119600,2049.88
1792123200,2057.57
1792126800,2066.16
1792130400,2043.93
1792134000,2020.57
1792137600,2018.96
1792141200,2017.52
1792144800,2031.63
1792148400,2029.35
1792152000,2010.48
1792155600,2001.96
1792159200,2006.94
1792162800,1991.96
1792166400,2021.56
1792170000,1987.52
1792173600,1989.41
1792177200,1988.02
1792180800,1984.79
1792184400,1977.91
1792188000,1986.71
1792191600,2006.25
1792195200,1996.92
1792198800,2013.63
1792202400,2032.21
1792206000,2017.23
1792209600,2036.12
1792213200,2008.79
1792216800,2029.89
1792220400,2005.27
1792224000,2000.37
1792227600,1994.73
1792231200,2005.00
1792234800,1987.33
1792238400,2008.43
1792242000,2005.30
1792245600,2021.06
1792249200,1985.02
1792252800,1986.59
1792256400,1965.32
1792260000,1978.26
1792263600,1972.03
1792267200,1953.15
1792270800,1934.85
1792274400,1942.89
1792278000,1922.22
1792281600,1889.90
1792285200,1877.72
1792288800,1875.75
1792292400,1851.84
1792296000,1837.33
1792299600,1825.58
1792303200,1833.00
1792306800,1865.82
1792310400,1889.21
1792314000,1876.96
1792317600,1871.31
1792321200,1870.75
1792324800,1883.46
1792328400,1885.40
1792332000,1893.87
1792335600,1907.07
1792339200,1899.20
1792342800,1925.16
1792346400,1916.15
1792350000,1927.29
1792353600,1933.15
1792357200,1938.79
1792360800,1945.54
1792364400,1962.03
1792368000,1958.55
1792371600,1936.83
1792375200,1945.85
1792378800,1948.78
1792382400,1936.35
1792386000,1914.91
1792389600,1927.56
1792393200,1938.48
1792396800,1934.16
1792400400,1949.86
1792404000,1944.94
1792407600,1935.04
1792411200,1942.30
1792414800,1940.01
1792418400,1935.61
1792422000,1943.98
1792425600,1935.15
1792429200,1958.61
1792432800,1973.57
1792436400,1972.22
1792440000,1973.92
1792443600,1956.86
1792447200,1973.03
1792450800,1960.14
1792454400,1954.36
1792458000,1955.46
1792461600,1937.66
1792465200,1918.58
1792468800,1914.13
1792472400,1946.14
1792476000,1918.87
1792479600,1932.64
1792483200,1911.70
1792486800,1879.86
1792490400,1863.59
1792494000,1877.19
1792497600,1869.88
1792501200,1877.04
1792504800,1880.46
1792508400,1860.70
1792512000,1846.00
1792515600,1843.12
1792519200,1867.19
1792522800,1870.07
1792526400,1862.40
1792530000,1859.30
1792533600,1852.31
1792537200,1849.13
1792540800,1828.82
1792544400,1805.69
1792548000,1810.43
1792551600,1797.63
1792555200,1782.46
1792558800,1781.80
1792562400,1765.37
1792566000,1743.28
1792569600,1729.03
1792573200,1716.13
1792576800,1708.46
1792580400,1693.48
1792584000,1694.21
1792587600,1687.41
1792591200,1661.59
1792594800,1661.59
1792598400,1661.75
1792602000,1647.25
1792605600,1649.75
1792609200,1641.54
1792612800,1630.72
1792616400,1627.72
1792620000,1630.69
1792623600,1623.98
1792627200,1620.49
1792630800,1639.34
1792634400,1661.68
1792638000,1665.86
1792641600,1635.69
1792645200,1622.11
1792648800,1618.73
1792652400,1613.70
1792656000,1612.32
1792659600,1625.00
1792663200,1611.23
1792666800,1608.84
1792670400,1605.63
1792674000,1592.41
1792677600,1573.29
1792681200,1555.33
1792684800,1571.26
1792688400,1598.18
1792692000,1610.62
1792695600,1622.87
1792699200,1617.09
1792702800,1616.51
1792706400,1625.02
1792710000,1626.96
1792713600,1616.26
1792717200,1608.31
1792720800,1590.76
1792724400,1588.59
1792728000,1595.91
1792731600,1600.21
1792735200,1597.15
1792738800,1598.65
1792742400,1602.54
1792746000,1605.68
1792749600,1582.79
1792753200,1563.03
1792756800,1554.09
1792760400,1553.97
1792764000,1575.42
1792767600,1584.90
1792771200,1579.00
1792774800,1583.00
1792778400,1583.75
1792782000,1595.50
1792785600,1584.25
1792789200,1583.96
1792792800,1575.87
1792796400,1589.73
1792800000,1569.62
1792803600,1562.30
1792807200,1561.04
1792810800,1573.02
1792814400,1571.05
1792818000,1550.72
1792821600,1553.44
1792825200,1529.42
1792828800,1539.55
1792832400,1522.16
1792836000,1499.80
1792839600,1514.87
1792843200,1521.58
1792846800,1513.20
1792850400,1502.85
1792854000,1521.32
1792857600,1512.90
1792861200,1501.71
1792864800,1519.06
1792868400,1517.25
1792872000,1493.11
1792875600,1497.41
1792879200,1492.04
1792882800,1490.20
1792886400,1486.68
1792890000,1507.80
1792893600,1494.09
1792897200,1506.29
1792900800,1514.57
1792904400,1526.47
1792908000,1514.23
1792911600,1499.02
1792915200,1506.92
1792918800,1516.62
1792922400,1546.81
1792926000,1545.94
1792929600,1538.66
1792933200,1529.90
1792936800,1526.40
1792940400,1548.66
1792944000,1524.30
1792947600,1520.10
1792951200,1521.91
1792954800,1512.61
1792958400,1506.43
1792962000,1535.12
1792965600,1537.42
1792969200,1543.24
1792972800,1544.67
1792976400,1575.55
1792980000,1564.43
1792983600,1569.05
1792987200,1577.40
1792990800,1571.96
1792994400,1598.15
1792998000,1615.64
1793001600,1607.09
1793005200,1608.53
1793008800,1635.92
1793012400,1634.50
1793016000,1625.25
1793019600,1626.03
1793023200,1603.53
1793026800,1623.06
1793030400,1625.25
1793034000,1632.70
1793037600,1623.61
1793041200,1637.35
1793044800,1615.52
1793048400,1611.89
1793052000,1612.58
1793055600,1628.96
1793059200,1627.76
1793062800,1604.04
1793066400,1604.63
1793070000,1591.68
1793073600,1584.20
1793077200,1593.71
1793080800,1614.16
1793084400,1616.15
1793088000,1610.98
1793091600,1604.44
1793095200,1602.31
1793098800,1596.38
1793102400,1595.20
1793106000,1609.55
1793109600,1610.34
1793113200,1608.58
1793116800,1607.97
1793120400,1636.28
1793124000,1620.37
1793127600,1617.06
1793131200,1619.12
1793134800,1617.71
1793138400,1620.53
1793142000,1622.18
1793145600,1636.71
1793149200,1656.93
1793152800,1656.49
1793156400,1637.38
1793160000,1648.25
1793163600,1655.29
1793167200,1634.06
1793170800,1646.13
1793174400,1659.33
1793178000,1661.78
1793181600,1644.21
1793185200,1655.34
1793188800,1648.85
1793192400,1644.06
1793196000,1638.37
1793199600,1635.92
1793203200,1628.90
1793206800,1611.40
1793210400,1610.46
1793214000,1605.34
1793217600,1590.43
1793221200,1595.20
1793224800,1595.73
1793228400,1618.77
1793232000,1595.75
1793235600,1611.34
1793239200,1628.46
1793242800,1620.14
1793246400,1603.50
1793250000,1601.81
1793253600,1616.31
1793257200,1593.48
1793260800,1575.37
1793264400,1566.44
1793268000,1559.21
1793271600,1532.97
1793275200,1540.81
1793278800,1544.13
1793282400,1539.52
1793286000,1553.74
1793289600,1557.20
1793293200,1552.89
1793296800,1528.49
1793300400,1525.53
1793304000,1529.33
1793307600,1524.31
1793311200,1540.58
1793314800,1558.03
1793318400,1556.80
1793322000,1542.89
1793325600,1546.53
1793329200,1546.86
1793332800,1525.26
1793336400,1508.55
1793340000,1499.90
1793343600,1491.83
1793347200,1498.97
1793350800,1519.27
1793354400,1509.19
1793358000,1506.77
1793361600,1507.50
1793365200,1502.37
1793368800,1508.69
1793372400,1507.19
1793376000,1537.63
1793379600,1540.81
1793383200,1527.72
1793386800,1513.92
1793390400,1510.52
1793394000,1492.16
1793397600,1476.86
1793401200,1475.59
1793404800,1467.70
1793408400,1460.18
1793412000,1467.54
1793415600,1464.26
1793419200,1458.20
1793422800,1460.77
1793426400,1452.11
1793430000,1435.91
1793433600,1462.00
1793437200,1476.84
1793440800,1479.36
1793444400,1487.35
1793448000,1471.45
1793451600,1463.69
1793455200,1464.22
1793458800,1476.34
1793462400,1477.43
1793466000,1477.39
1793469600,1477.73
1793473200,1451.63
1793476800,1467.31
1793480400,1465.42
1793484000,1471.00
1793487600,1461.80
1793491200,1450.54
1793494800,1457.56
1793498400,1440.49
1793502000,1441.48
1793505600,1430.23
1793509200,1439.11
1793512800,1442.98
1793516400,1426.28
1793520000,1442.43
1793523600,1435.09
1793527200,1453.23
1793530800,1432.71
1793534400,1420.74
1793538000,1434.65
1793541600,1446.31
1793545200,1447.30
1793548800,1433.60
1793552400,1417.69
1793556000,1408.99
1793559600,1402.44
1793563200,1395.95
1793566800,1393.50
1793570400,1392.31
1793574000,1384.27
1793577600,1375.96
1793581200,1381.55
1793584800,1387.04
1793588400,1385.10
1793592000,1400.64
1793595600,1372.51
1793599200,1373.43
1793602800,1368.53
1793606400,1371.13
1793610000,1373.22
1793613600,1379.96
1793617200,1378.25
1793620800,1366.01
1793624400,1379.39
1793628000,1389.66
1793631600,1401.83
1793635200,1414.77
1793638800,1415.35
1793642400,1407.01
1793646000,1414.00
1793649600,1403.33
1793653200,1382.63
1793656800,1381.45
1793660400,1384.05
1793664000,1387.44
1793667600,1384.89
1793671200,1395.95
1793674800,1394.14
1793678400,1399.21
1793682000,1360.74
1793685600,1347.46
1793689200,1337.61
1793692800,1323.59
1793696400,1330.87
1793700000,1326.88
1793703600,1327.61
1793707200,1329.44
1793710800,1321.41
1793714400,1330.01
1793718000,1333.50
1793721600,1335.24
1793725200,1341.10
1793728800,1342.83
1793732400,1344.93
1793736000,1340.65
1793739600,1343.62
1793743200,1351.40
1793746800,1343.74
1793750400,1349.35
1793754000,1342.65
1793757600,1338.51
1793761200,1331.33
1793764800,1325.69
1793768400,1320.51
1793772000,1305.53
1793775600,1310.68
1793779200,1305.46
1793782800,1324.53
1793786400,1332.63
1793790000,1331.04
1793793600,1331.76
1793797200,1333.56
1793800800,1356.67
1793804400,1362.57
1793808000,1362.20
1793811600,1368.41
1793815200,1371.61
1793818800,1374.35
1793822400,1367.76
1793826000,1371.01
1793829600,1381.89
1793833200,1401.06
1793836800,1397.88
1793840400,1385.39
1793844000,1396.39
1793847600,1395.02
1793851200,1393.17
1793854800,1390.00
1793858400,1400.03
1793862000,1408.46
1793865600,1412.70
1793869200,1413.07
1793872800,1434.80
1793876400,1435.54
1793880000,1423.20
1793883600,1422.36
1793887200,1427.08
1793890800,1427.78
1793894400,1421.69
1793898000,1419.77
1793901600,1434.54
1793905200,1430.57
1793908800,1426.89
1793912400,1406.18
1793916000,1388.56
1793919600,1378.64
1793923200,1387.34
1793926800,1388.90
1793930400,1385.17
1793934000,1369.04
1793937600,1379.71
1793941200,1372.94
1793944800,1366.21
1793948400,1361.67
1793952000,1357.65
1793955600,1359.25
1793959200,1359.41
1793962800,1366.73
1793966400,1356.90
1793970000,1366.34
1793973600,1361.15
1793977200,1348.28
1793980800,1340.17
1793984400,1342.06
1793988000,1336.30
1793991600,1339.81
1793995200,1372.22
1793998800,1383.47
1794002400,1377.80
1794006000,1386.62
1794009600,1384.96
1794013200,1371.41
1794016800,1377.93
1794020400,1367.89
1794024000,1356.95
1794027600,1372.38
1794031200,1365.84
1794034800,1355.37
1794038400,1350.18
1794042000,1362.68
1794045600,1356.95
1794049200,1335.56
1794052800,1359.97
1794056400,1352.87
1794060000,1359.80
1794063600,1351.85
1794067200,1343.60
1794070800,1346.00
1794074400,1337.10
1794078000,1326.36
1794081600,1337.56
1794085200,1338.08
1794088800,1347.14
1794092400,1355.38
1794096000,1364.52
1794099600,1352.06
1794103200,1357.05
1794106800,1365.98
1794110400,1361.73
1794114000,1366.57
1794117600,1362.72
1794121200,1357.11
1794124800,1347.44
1794128400,1332.54
1794132000,1313.09
1794135600,1292.01
1794139200,1283.98
1794142800,1289.44
1794146400,1282.61
1794150000,1278.18
1794153600,1304.57
1794157200,1309.09
1794160800,1301.48
1794164400,1308.73
1794168000,1283.53
1794171600,1284.68
1794175200,1283.94
1794178800,1268.78
1794182400,1263.66
1794186000,1275.31
1794189600,1292.15
1794193200,1299.10
1794196800,1305.41
1794200400,1306.10
1794204000,1295.41
1794207600,1296.49
1794211200,1309.23
1794214800,1307.39
1794218400,1318.63
1794222000,1320.94
1794225600,1329.71
1794229200,1311.90
1794232800,1311.49
1794236400,1320.00
1794240000,1306.69
1794243600,1308.50
1794247200,1288.13
1794250800,1301.77
1794254400,1304.18
1794258000,1299.53
1794261600,1313.35
1794265200,1320.79
1794268800,1306.90
1794272400,1305.81
1794276000,1308.31
1794279600,1314.44
1794283200,1305.37
1794286800,1301.12
1794290400,1298.63
1794294000,1278.85
1794297600,1270.58
1794301200,1282.00
1794304800,1281.94
1794308400,1286.46
1794312000,1276.63
1794315600,1276.21
1794319200,1259.33
1794322800,1239.05
1794326400,1248.43
1794330000,1252.00
1794333600,1255.36
1794337200,1279.31
1794340800,1289.74
1794344400,1308.86
1794348000,1313.10
1794351600,1324.72
1794355200,1334.28
1794358800,1353.62
1794362400,1364.10
1794366000,1359.82
1794369600,1361.78
1794373200,1393.41
1794376800,1394.82
1794380400,1391.06
1794384000,1405.25
1794387600,1426.29
1794391200,1440.69
1794394800,1434.75
1794398400,1414.75
1794402000,1396.29
1794405600,1397.48
1794409200,1386.72
1794412800,1392.28
1794416400,1397.82
1794420000,1419.17
1794423600,1417.45
1794427200,1412.97
1794430800,1411.55
1794434400,1408.31
1794438000,1418.75
1794441600,1433.30
1794445200,1418.68
1794448800,1428.13
1794452400,1410.46
1794456000,1403.68
1794459600,1418.55
1794463200,1412.82
1794466800,1415.82
1794470400,1388.63
1794474000,1374.49
1794477600,1359.52
1794481200,1355.01
1794484800,1381.94
1794488400,1355.07
1794492000,1354.93
1794495600,1342.85
1794499200,1354.28
1794502800,1358.63
1794506400,1362.27
1794510000,1355.76
1794513600,1352.77
1794517200,1354.96
1794520800,1354.51
1794524400,1347.84
1794528000,1362.62
1794531600,1357.29
1794535200,1355.15
1794538800,1340.75
1794542400,1353.89
1794546000,1350.73
1794549600,1351.48
1794553200,1339.28
1794556800,1349.96
1794560400,1344.04
1794564000,1340.89
1794567600,1345.26
1794571200,1344.31
1794574800,1350.41
1794578400,1337.98
1794582000,1339.34
1794585600,1331.63
1794589200,1318.20
1794592800,1311.71
1794596400,1302.30
1794600000,1293.36
1794603600,1294.19
1794607200,1293.37
1794610800,1284.60
1794614400,1275.36
1794618000,1266.96
1794621600,1257.09
1794625200,1239.89
1794628800,1237.99
1794632400,1262.52
1794636000,1251.16
1794639600,1264.98
1794643200,1267.30
1794646800,1280.71
1794650400,1277.27
1794654000,1275.28
1794657600,1270.47
1794661200,1250.41
1794664800,1243.36
1794668400,1252.22
1794672000,1249.36
1794675600,1255.72
1794679200,1269.50
1794682800,1262.03
1794686400,1271.98
1794690000,1271.37
1794693600,1264.78
1794697200,1275.46
1794700800,1269.95
1794704400,1278.60
1794708000,1280.66
1794711600,1283.22
1794715200,1286.19
1794718800,1286.58
1794722400,1304.13
1794726000,1297.65
1794729600,1301.40
1794733200,1317.59
1794736800,1305.09
1794740400,1335.21
1794744000,1327.02
1794747600,1323.09
1794751200,1314.70
1794754800,1308.27
1794758400,1288.33
1794762000,1284.51
1794765600,1283.83
1794769200,1293.17
1794772800,1295.45
1794776400,1319.45
1794780000,1305.45
1794783600,1299.13
1794787200,1286.93
1794790800,1294.46
1794794400,1288.94
1794798000,1291.44
1794801600,1298.81
1794805200,1289.71
1794808800,1291.82
1794812400,1313.33
1794816000,1294.33
1794819600,1319.91
1794823200,1332.48
1794826800,1333.24
1794830400,1320.76
1794834000,1310.91
1794837600,1307.05
1794841200,1293.77
1794844800,1301.50
1794848400,1285.66
1794852000,1295.64
1794855600,1315.34
1794859200,1296.94
1794862800,1296.24
1794866400,1299.61
1794870000,1287.05
1794873600,1291.67
1794877200,1298.54
1794880800,1283.83
1794884400,1281.91
1794888000,1270.54
1794891600,1266.49
1794895200,1270.09
1794898800,1256.82
1794902400,1253.94
1794906000,1257.26
1794909600,1239.79
1794913200,1247.14
1794916800,1264.54
1794920400,1275.71
1794924000,1284.82
1794927600,1294.98
1794931200,1307.61
1794934800,1311.57
1794938400,1321.84
1794942000,1307.86
1794945600,1306.69
1794949200,1283.22
1794952800,1267.08
1794956400,1270.01
1794960000,1266.94
1794963600,1261.09
1794967200,1259.95
1794970800,1291.16
1794974400,1294.85
1794978000,1291.21
1794981600,1282.72
1794985200,1275.50
1794988800,1273.68
1794992400,1278.86
1794996000,1271.09
1794999600,1262.80
1795003200,1259.68
1795006800,1259.72
1795010400,1255.25
1795014000,1262.56
1795017600,1236.32
1795021200,1213.48
1795024800,1229.79
1795028400,1228.69
1795032000,1223.51
1795035600,1238.97
1795039200,1234.30
1795042800,1230.27
1795046400,1207.65
1795050000,1193.95
1795053600,1199.69
1795057200,1192.06
1795060800,1189.86
1795064400,1206.12
1795068000,1201.65
1795071600,1229.35
1795075200,1219.82
1795078800,1227.06
1795082400,1230.72
1795086000,1245.30
1795089600,1247.94
1795093200,1253.56
1795096800,1261.14
1795100400,1261.70
1795104000,1239.90
1795107600,1242.33
1795111200,1235.87
1795114800,1242.26
1795118400,1236.88
1795122000,1227.18
1795125600,1220.72
1795129200,1225.95
1795132800,1232.16
1795136400,1248.69
1795140000,1257.60
1795143600,1264.03
1795147200,1253.05
1795150800,1263.48
1795154400,1262.97
1795158000,1271.88
1795161600,1287.75
1795165200,1294.25
1795168800,1304.08
1795172400,1316.35
1795176000,1324.52
1795179600,1327.80
1795183200,1334.30
1795186800,1316.95
1795190400,1314.68
1795194000,1327.75
1795197600,1321.97
1795201200,1319.53
1795204800,1329.13
1795208400,1311.34
1795212000,1314.32
1795215600,1316.70
1795219200,1329.29
1795222800,1322.07
1795226400,1347.64
1795230000,1370.72
1795233600,1377.34
1795237200,1367.83
1795240800,1356.29
1795244400,1350.53
1795248000,1335.89
1795251600,1313.16
1795255200,1316.63
1795258800,1311.42
1795262400,1320.92
1795266000,1336.84
1795269600,1346.53
1795273200,1344.84
1795276800,1357.61
1795280400,1354.43
1795284000,1356.35
1795287600,1357.57
1795291200,1357.16
1795294800,1353.92
1795298400,1354.24
1795302000,1361.98
1795305600,1368.67
1795309200,1385.54
1795312800,1385.45
1795316400,1394.64
1795320000,1402.14
1795323600,1393.86
1795327200,1386.66
1795330800,1389.76
1795334400,1379.26
1795338000,1385.95
1795341600,1375.46
1795345200,1383.99
1795348800,1387.87
1795352400,1386.60
1795356000,1367.32
1795359600,1367.48
1795363200,1387.69
1795366800,1390.80
1795370400,1377.93
1795374000,1362.75
1795377600,1352.82
1795381200,1333.03
1795384800,1341.65
1795388400,1352.13
1795392000,1349.30
1795395600,1361.54
1795399200,1361.35
1795402800,1377.89
1795406400,1364.85
1795410000,1358.63
1795413600,1363.71
1795417200,1359.83
1795420800,1369.60
1795424400,1363.97
1795428000,1358.69
1795431600,1378.05
1795435200,1373.76
1795438800,1379.48
1795442400,1385.03
1795446000,1366.57
1795449600,1359.85
1795453200,1352.72
1795456800,1344.67
1795460400,1350.65
1795464000,1324.67
1795467600,1313.46
1795471200,1336.70
1795474800,1330.93
1795478400,1334.39
1795482000,1332.59
1795485600,1344.43
1795489200,1344.18
1795492800,1331.79
1795496400,1335.68
1795500000,1333.28
1795503600,1329.07
1795507200,1335.81
1795510800,1331.47
1795514400,1335.71
1795518000,1314.32
1795521600,1315.28
1795525200,1297.52
1795528800,1293.83
1795532400,1290.07
1795536000,1275.08
1795539600,1277.87
1795543200,1267.24
1795546800,1262.68
1795550400,1264.35
1795554000,1233.69
1795557600,1237.24
1795561200,1252.89
1795564800,1267.83
1795568400,1275.79
1795572000,1266.26
1795575600,1263.39
1795579200,1249.54
1795582800,1256.71
1795586400,1259.27
1795590000,1262.26
1795593600,1271.64
1795597200,1277.67
1795600800,1275.69
1795604400,1300.08
1795608000,1312.75
1795611600,1322.13
1795615200,1332.00
1795618800,1320.47
1795622400,1309.91
1795626000,1308.58
1795629600,1304.50
1795633200,1285.94
1795636800,1288.60
1795640400,1283.78
1795644000,1297.05
1795647600,1304.79
1795651200,1287.88
1795654800,1286.08
1795658400,1290.13
1795662000,1294.29
1795665600,1294.80
1795669200,1301.49
1795672800,1316.51
1795676400,1301.64
1795680000,1304.19
1795683600,1311.27
1795687200,1310.19
1795690800,1315.57
1795694400,1314.35
1795698000,1295.81
1795701600,1306.62
1795705200,1300.01
1795708800,1309.45
1795712400,1300.73
1795716000,1298.02
1795719600,1293.16
1795723200,1288.87
1795726800,1277.09
1795730400,1292.45
1795734000,1286.27
1795737600,1297.20
1795741200,1288.69
1795744800,1291.22
1795748400,1305.25
1795752000,1307.12
1795755600,1317.31
1795759200,1316.41
1795762800,1332.21
1795766400,1325.54
1795770000,1319.26
1795773600,1322.60
1795777200,1322.81
1795780800,1326.10
1795784400,1320.67
1795788000,1317.64
1795791600,1319.52
1795795200,1315.46
1795798800,1317.86
1795802400,1318.13
1795806000,1309.47
1795809600,1312.72
1795813200,1327.79
1795816800,1334.69
1795820400,1343.89
1795824000,1364.31
1795827600,1341.42
1795831200,1326.39
1795834800,1341.01
1795838400,1325.28
1795842000,1308.77
1795845600,1307.38
1795849200,1306.70
1795852800,1312.24
1795856400,1294.95
1795860000,1291.03
1795863600,1296.70
1795867200,1307.60
1795870800,1280.56
1795874400,1289.44
1795878000,1288.22
1795881600,1286.50
1795885200,1297.57
1795888800,1301.82
1795892400,1320.13
1795896000,1313.14
1795899600,1309.06
1795903200,1308.31
1795906800,1321.15
1795910400,1327.74
1795914000,1335.64
1795917600,1331.22
1795921200,1333.99
1795924800,1338.22
1795928400,1345.47
1795932000,1334.89
1795935600,1345.90
1795939200,1367.15
1795942800,1340.28
1795946400,1351.23
1795950000,1361.95
1795953600,1368.80
1795957200,1365.49
1795960800,1371.45
1795964400,1359.94
1795968000,1347.12
1795971600,1362.46
1795975200,1376.88
1795978800,1373.38
1795982400,1364.01
1795986000,1367.24
1795989600,1349.86
1795993200,1351.44
1795996800,1340.69
1796000400,1344.88
1796004000,1336.46
1796007600,1322.01
1796011200,1333.29
1796014800,1331.54
1796018400,1333.37
1796022000,1340.92
1796025600,1322.83
1796029200,1329.52
1796032800,1332.63
1796036400,1330.38
1796040000,1330.88
1796043600,1315.49
1796047200,1305.65
1796050800,1280.02
1796054400,1310.12
1796058000,1309.12
1796061600,1314.53
1796065200,1329.55
1796068800,1322.14
1796072400,1331.21
1796076000,1325.74
1796079600,1329.23
1796083200,1332.55
1796086800,1337.01
1796090400,1327.57
1796094000,1324.12
1796097600,1314.52
1796101200,1303.87
1796104800,1293.40
1796108400,1288.78
1796112000,1307.97
1796115600,1316.71
1796119200,1310.35
1796122800,1309.63
1796126400,1314.32
1796130000,1326.62
1796133600,1350.74
1796137200,1342.26
1796140800,1357.01
1796144400,1354.52
1796148000,1343.30
1796151600,1350.35
1796155200,1342.69
1796158800,1340.65
1796162400,1338.71
1796166000,1326.61
1796169600,1342.08
1796173200,1358.94
1796176800,1369.99
1796180400,1369.74
1796184000,1367.81
1796187600,1402.74
1796191200,1405.01
1796194800,1396.61
1796198400,1405.86
1796202000,1397.48
1796205600,1390.54
1796209200,1403.59
1796212800,1400.15
1796216400,1414.39
1796220000,1398.03
1796223600,1380.98
1796227200,1398.80
1796230800,1401.61
1796234400,1402.21
1796238000,1426.00
1796241600,1427.28
1796245200,1423.04
1796248800,1445.22
1796252400,1452.99
1796256000,1453.13
1796259600,1456.46
1796263200,1458.49
1796266800,1450.39
1796270400,1451.29
1796274000,1471.92
1796277600,1483.39
1796281200,1481.32
1796284800,1486.36
1796288400,1477.02
1796292000,1475.63
1796295600,1458.64
1796299200,1443.28
1796302800,1440.82
1796306400,1439.96
1796310000,1445.59
1796313600,1469.91
1796317200,1465.98
1796320800,1460.72
1796324400,1462.00
1796328000,1460.88
1796331600,1477.34
1796335200,1474.14
1796338800,1462.96
1796342400,1466.09
1796346000,1472.67
1796349600,1472.93
1796353200,1477.50
1796356800,1466.53
1796360400,1464.40
1796364000,1462.48
1796367600,1453.95
1796371200,1463.10
1796374800,1466.26
1796378400,1461.40
1796382000,1466.70
1796385600,1468.85
1796389200,1480.67
1796392800,1468.43
1796396400,1479.28
1796400000,1493.49
1796403600,1504.60
1796407200,1493.40
1796410800,1496.57
1796414400,1516.73
1796418000,1505.23
1796421600,1519.32
1796425200,1525.90
1796428800,1519.20
1796432400,1526.57
1796436000,1508.83
1796439600,1503.22
1796443200,1505.87
1796446800,1505.56
1796450400,1516.86
1796454000,1519.38
1796457600,1535.73
1796461200,1530.48
1796464800,1553.55
1796468400,1538.08
1796472000,1537.97
1796475600,1535.99
1796479200,1542.86
1796482800,1547.12
1796486400,1527.91
1796490000,1496.99
1796493600,1506.33
1796497200,1526.31
1796500800,1523.32
1796504400,1545.46
1796508000,1550.13
1796511600,1564.56
1796515200,1557.78
1796518800,1561.09
1796522400,1545.72
1796526000,1541.44
1796529600,1546.29
1796533200,1547.05
1796536800,1565.60
1796540400,1585.29
1796544000,1569.14
1796547600,1563.51
1796551200,1556.32
1796554800,1574.64
1796558400,1578.84
1796562000,1604.83
1796565600,1609.31
1796569200,1595.33
1796572800,1595.13
1796576400,1600.54
1796580000,1603.98
1796583600,1586.77
1796587200,1587.03
1796590800,1589.50
1796594400,1591.39
1796598000,1572.79
1796601600,1561.85
1796605200,1563.27
1796608800,1542.27
1796612400,1535.25
1796616000,1520.51
1796619600,1530.50
1796623200,1555.41
1796626800,1568.24
1796630400,1568.62
1796634000,1560.50
1796637600,1548.18
1796641200,1552.29
1796644800,1551.11
1796648400,1545.72
1796652000,1551.20
1796655600,1565.47
1796659200,1562.12
1796662800,1547.14
1796666400,1557.62
1796670000,1546.62
1796673600,1551.15
1796677200,1566.82
1796680800,1577.37
1796684400,1579.65
1796688000,1590.90
1796691600,1603.52
1796695200,1615.20
1796698800,1614.88
1796702400,1638.66
1796706000,1637.90
1796709600,1604.43
1796713200,1600.04
1796716800,1607.48
1796720400,1641.62
1796724000,1648.20
1796727600,1661.10
1796731200,1652.13
1796734800,1659.92
1796738400,1670.26
1796742000,1673.53
1796745600,1689.77
1796749200,1679.69
1796752800,1671.75
1796756400,1651.64
1796760000,1645.91
1796763600,1657.36
1796767200,1661.51
1796770800,1660.92
1796774400,1668.17
1796778000,1664.40
1796781600,1661.42
1796785200,1652.38
1796788800,1654.01
1796792400,1654.71
1796796000,1642.91
1796799600,1643.51
1796803200,1650.78
1796806800,1630.33
1796810400,1628.82
1796814000,1648.14
1796817600,1646.04
1796821200,1649.62
1796824800,1638.33
1796828400,1641.89
1796832000,1638.57
1796835600,1647.64
1796839200,1636.03
1796842800,1650.83
1796846400,1629.56
1796850000,1659.36
1796853600,1630.78
1796857200,1621.42
1796860800,1620.24
1796864400,1633.83
1796868000,1638.42
1796871600,1642.03
1796875200,1634.77
1796878800,1635.92
1796882400,1654.27
1796886000,1658.92
1796889600,1679.50
1796893200,1713.17
1796896800,1730.02
1796900400,1753.92
1796904000,1743.23
1796907600,1731.60
1796911200,1737.92
1796914800,1706.04
1796918400,1711.32
1796922000,1715.02
1796925600,1704.22
1796929200,1715.92
1796932800,1700.08
1796936400,1682.92
1796940000,1686.61
1796943600,1715.37
1796947200,1701.37
1796950800,1706.36
1796954400,1697.94
1796958000,1694.46
1796961600,1693.08
1796965200,1689.24
1796968800,1655.84
1796972400,1672.47
1796976000,1674.10
1796979600,1670.91
1796983200,1690.68
1796986800,1686.00
1796990400,1694.48
1796994000,1674.96
1796997600,1691.49
1797001200,1677.71
1797004800,1686.02
1797008400,1685.71
1797012000,1702.12
1797015600,1699.60
1797019200,1700.75
1797022800,1701.66
1797026400,1711.02
1797030000,1682.26
1797033600,1680.57
1797037200,1691.23
1797040800,1711.83
1797044400,1694.26
1797048000,1710.65
1797051600,1710.75
1797055200,1725.46
1797058800,1730.32
1797062400,1726.57
1797066000,1728.17
1797069600,1731.24
1797073200,1717.35
1797076800,1711.64
1797080400,1705.61
1797084000,1708.71
1797087600,1690.53
1797091200,1683.12
1797094800,1672.95
1797098400,1683.86
1797102000,1698.67
1797105600,1719.28
1797109200,1709.21
1797112800,1697.08
1797116400,1692.58
1797120000,1708.82
1797123600,1721.91
1797127200,1733.17
1797130800,1713.91
1797134400,1728.31
1797138000,1713.73
1797141600,1728.10
1797145200,1733.57
1797148800,1736.22
1797152400,1691.99
1797156000,1697.77
1797159600,1677.53
1797163200,1677.64
1797166800,1676.48
1797170400,1698.14
1797174000,1683.76
1797177600,1690.67
1797181200,1695.75
1797184800,1714.92
1797188400,1725.13
1797192000,1705.85
1797195600,1703.31
1797199200,1683.01
1797202800,1672.51
1797206400,1667.99
1797210000,1664.97
1797213600,1670.26
1797217200,1665.69
1797220800,1656.52
1797224400,1674.71
1797228000,1672.32
1797231600,1648.35
1797235200,1654.54
1797238800,1639.79
1797242400,1648.53
1797246000,1638.02
1797249600,1627.12
1797253200,1631.25
1797256800,1643.52
1797260400,1659.58
1797264000,1664.43
1797267600,1661.17
1797271200,1660.72
1797274800,1685.23
1797278400,1693.92
1797282000,1693.62
1797285600,1694.19
1797289200,1701.52
1797292800,1711.29
1797296400,1703.38
1797300000,1721.37
1797303600,1719.27
1797307200,1724.32
1797310800,1736.67
1797314400,1725.69
1797318000,1729.53
1797321600,1737.44
1797325200,1737.28
1797328800,1736.45
1797332400,1734.63
1797336000,1738.33
1797339600,1750.04
1797343200,1750.90
1797346800,1766.96
1797350400,1749.10
1797354000,1777.99
1797357600,1777.68
1797361200,1791.55
1797364800,1804.96
1797368400,1816.92
1797372000,1829.65
1797375600,1838.82
1797379200,1833.83
1797382800,1830.47
1797386400,1817.92
1797390000,1848.19
1797393600,1848.95
1797397200,1815.90
1797400800,1803.87
1797404400,1820.90
1797408000,1805.31
1797411600,1812.29
1797415200,1818.37
1797418800,1857.91
1797422400,1864.69
1797426000,1874.77
1797429600,1883.15
1797433200,1910.68
1797436800,1936.86
1797440400,1955.75
1797444000,1968.31
1797447600,1963.17
1797451200,1955.14
1797454800,1939.59
1797458400,1930.28
1797462000,1940.34
1797465600,1937.72
1797469200,1953.15
1797472800,1955.53
1797476400,1960.40
1797480000,1958.03
1797483600,1965.71
1797487200,1960.80
1797490800,1923.16
1797494400,1939.95
1797498000,1935.31
1797501600,1921.87
1797505200,1917.54
1797508800,1946.95
1797512400,1954.94
1797516000,1982.40
1797519600,1983.15
1797523200,2001.53
1797526800,2003.68
1797530400,1995.93
1797534000,2014.12
1797537600,2003.19
1797541200,2024.88
1797544800,2020.90
1797548400,2016.94
1797552000,1983.76
1797555600,1975.58
1797559200,2008.98
1797562800,1994.01
1797566400,2005.44
1797570000,2024.29
1797573600,2008.25
1797577200,2016.75
1797580800,2000.51
1797584400,2016.97
1797588000,2015.47
1797591600,2011.64
1797595200,1983.57
1797598800,1972.41
1797602400,1960.84
1797606000,1972.53
1797609600,1975.31
1797613200,1964.98
1797616800,1939.96
1797620400,1937.37
1797624000,1938.29
1797627600,1913.88
1797631200,1898.70
1797634800,1899.45
1797638400,1905.11
1797642000,1910.90
1797645600,1891.55
1797649200,1888.87
1797652800,1902.75
1797656400,1901.39
1797660000,1887.66
1797663600,1895.79
1797667200,1896.73
1797670800,1891.51
1797674400,1903.24
1797678000,1904.07
1797681600,1893.81
1797685200,1874.35
1797688800,1887.63
1797692400,1912.12
1797696000,1916.18
1797699600,1928.99
1797703200,1914.99
1797706800,1939.56
1797710400,1942.88
1797714000,1940.21
1797717600,1956.76
1797721200,1954.92
1797724800,1955.63
1797728400,1963.99
1797732000,2001.70
1797735600,2001.40
1797739200,2026.11
1797742800,2012.33
1797746400,1969.96
1797750000,1983.10
1797753600,1973.09
1797757200,1969.30
1797760800,1982.53
1797764400,1957.03
1797768000,1957.09
1797771600,1941.65
1797775200,1928.85
1797778800,1927.99
1797782400,1946.07
1797786000,1925.95
1797789600,1916.25
1797793200,1922.93
1797796800,1915.38
1797800400,1920.61
1797804000,1917.59
1797807600,1869.91
1797811200,1849.72
1797814800,1849.36
1797818400,1867.39
1797822000,1877.54
1797825600,1902.23
1797829200,1893.94
1797832800,1870.32
1797836400,1875.99
1797840000,1869.71
1797843600,1889.55
1797847200,1905.18
1797850800,1902.15
1797854400,1893.69
1797858000,1895.29
1797861600,1888.63
1797865200,1865.41
1797868800,1877.80
1797872400,1881.71
1797876000,1883.96
1797879600,1876.45
1797883200,1891.52
1797886800,1896.56
1797890400,1885.79
1797894000,1877.38
1797897600,1889.51
1797901200,1891.89
1797904800,1874.54
1797908400,1861.37
1797912000,1867.72
1797915600,1849.28
1797919200,1866.06
1797922800,1855.40
1797926400,1860.47
1797930000,1843.85
1797933600,1846.48
1797937200,1834.57
1797940800,1819.21
1797944400,1814.63
1797948000,1839.34
1797951600,1852.08
1797955200,1853.57
1797958800,1844.95
1797962400,1846.39
1797966000,1845.41
1797969600,1823.32
1797973200,1819.45
1797976800,1820.84
1797980400,1826.58
1797984000,1820.35
1797987600,1841.70
1797991200,1835.30
1797994800,1858.83
1797998400,1869.90
1798002000,1858.76
1798005600,1866.33
1798009200,1881.45
1798012800,1879.80
1798016400,1904.62
1798020000,1911.92
1798023600,1908.68
1798027200,1910.29
1798030800,1912.31
1798034400,1884.44
1798038000,1876.81
1798041600,1860.30
1798045200,1885.00
1798048800,1887.87
1798052400,1894.13
1798056000,1898.15
1798059600,1901.49
1798063200,1903.76
1798066800,1866.82
1798070400,1875.81
1798074000,1868.17
1798077600,1867.00
1798081200,1865.82
1798084800,1837.15
1798088400,1856.08
1798092000,1843.54
1798095600,1843.52
1798099200,1845.40
1798102800,1877.64
1798106400,1872.12
1798110000,1882.63
1798113600,1876.58
1798117200,1909.86
1798120800,1917.29
1798124400,1915.07
1798128000,1952.15
1798131600,1924.53
1798135200,1926.91
1798138800,1942.09
1798142400,1963.29
1798146000,1967.68
1798149600,1947.07
1798153200,1925.62
1798156800,1959.68
1798160400,1948.16
1798164000,1961.68
1798167600,1971.38
1798171200,1965.03
1798174800,1947.76
1798178400,1948.28
1798182000,1956.21
1798185600,1946.58
1798189200,1936.88
1798192800,1917.06
1798196400,1901.12
1798200000,1880.38
1798203600,1884.86
1798207200,1884.48
1798210800,1869.95
1798214400,1860.49
1798218000,1846.57
1798221600,1838.45
1798225200,1844.35
1798228800,1836.36
1798232400,1822.77
1798236000,1825.48
1798239600,1831.47
1798243200,1824.09
1798246800,1829.62
1798250400,1838.07
1798254000,1844.13
1798257600,1841.63
1798261200,1857.93
1798264800,1848.13
1798268400,1869.11
1798272000,1869.09
1798275600,1895.06
1798279200,1911.87
1798282800,1881.63
1798286400,1894.95
1798290000,1889.38
1798293600,1898.44
1798297200,1889.86
1798300800,1905.71
1798304400,1927.50
1798308000,1940.84
1798311600,1929.50
1798315200,1952.10
1798318800,1958.56
1798322400,1967.14
1798326000,1963.74
1798329600,1943.61
1798333200,1968.72
1798336800,1978.87
1798340400,1982.95
1798344000,1976.16
1798347600,1969.21
1798351200,1982.58
1798354800,1978.11
1798358400,1983.42
1798362000,1976.09
1798365600,1968.68
1798369200,1978.58
1798372800,1966.70
1798376400,1970.11
1798380000,1967.83
1798383600,2009.95
1798387200,2013.61
1798390800,2012.89
1798394400,1989.97
1798398000,1976.65
1798401600,1972.73
1798405200,1979.96
1798408800,2000.00
1798412400,2021.11
1798416000,2040.88
1798419600,2030.98
1798423200,2058.04
1798426800,2057.07
1798430400,2059.41
1798434000,2052.15
1798437600,2079.77
1798441200,2085.22
1798444800,2098.78
1798448400,2097.80
1798452000,2060.51
1798455600,2074.41
1798459200,2073.07
1798462800,2096.18
1798466400,2115.29
1798470000,2177.36
1798473600,2188.47
1798477200,2161.30
1798480800,2159.29
1798484400,2150.03
1798488000,2139.63
1798491600,2143.53
1798495200,2133.97
1798498800,2102.93
1798502400,2118.36
1798506000,2097.91
1798509600,2054.22
1798513200,2082.73
1798516800,2087.72
1798520400,2118.04
1798524000,2088.71
1798527600,2087.63
1798531200,2115.49
1798534800,2109.91
1798538400,2090.98
1798542000,2091.09
1798545600,2091.88
1798549200,2071.12
1798552800,2067.38
1798556400,2093.07
1798560000,2078.45
1798563600,2078.40
1798567200,2056.02
1798570800,2047.45
1798574400,2049.75
1798578000,2073.01
1798581600,2090.39
1798585200,2118.62
1798588800,2134.59
1798592400,2158.97
1798596000,2160.45
1798599600,2163.92
1798603200,2156.29
1798606800,2190.11
1798610400,2190.71
1798614000,2200.35
1798617600,2167.05
1798621200,2177.41
1798624800,2172.20
1798628400,2163.09
1798632000,2145.06
1798635600,2141.53
1798639200,2167.95
1798642800,2163.40
1798646400,2184.65
1798650000,2190.61
1798653600,2207.90
1798657200,2199.19
1798660800,2190.89
1798664400,2195.32
1798668000,2219.73
1798671600,2228.04
1798675200,2235.37
1798678800,2241.59
1798682400,2249.52
1798686000,2250.78
1798689600,2241.64
1798693200,2221.93
1798696800,2242.34
1798700400,2234.45
1798704000,2224.42
1798707600,2215.20
1798711200,2199.45
1798714800,2175.13
1798718400,2154.47
1798722000,2146.93
1798725600,2162.43
1798729200,2161.00
1798732800,2150.47
1798736400,2156.97
1798740000,2147.00
1798743600,2161.15
1798747200,2182.32
1798750800,2168.80
1798754400,2193.88
1798758000,2219.63
