timestamp,price
1735689600,3031.12
1735693200,3050.56
1735696800,3083.60
1735700400,3113.41
1735704000,3164.56
1735707600,3160.03
1735711200,3134.07
1735714800,3138.41
1735718400,3125.52
1735722000,3142.12
1735725600,3111.71
1735729200,3112.02
1735732800,3104.35
1735736400,3145.22
1735740000,3102.74
1735743600,3124.55
1735747200,3092.37
1735750800,3106.35
1735754400,3126.47
1735758000,3097.15
1735761600,3085.70
1735765200,3080.31
1735768800,3098.92
1735772400,3091.56
1735776000,3122.39
1735779600,3134.46
1735783200,3167.11
1735786800,3144.93
1735790400,3108.09
1735794000,3149.31
1735797600,3151.07
1735801200,3110.11
1735804800,3123.16
1735808400,3098.19
1735812000,3108.51
1735815600,3083.85
1735819200,3098.89
1735822800,3123.94
1735826400,3117.89
1735830000,3116.91
1735833600,3154.26
1735837200,3170.75
1735840800,3175.35
1735844400,3176.96
1735848000,3163.42
1735851600,3172.82
1735855200,3176.69
1735858800,3171.19
1735862400,3168.45
1735866000,3155.96
1735869600,3121.01
1735873200,3121.67
1735876800,3124.02
1735880400,3109.88
1735884000,3130.52
1735887600,3138.56
1735891200,3153.26
1735894800,3152.82
1735898400,3181.95
1735902000,3185.71
1735905600,3206.79
1735909200,3221.83
1735912800,3229.36
1735916400,3230.77
1735920000,3231.60
1735923600,3236.71
1735927200,3217.84
1735930800,3230.84
1735934400,3292.71
1735938000,3297.48
1735941600,3264.22
1735945200,3292.13
1735948800,3253.27
1735952400,3231.68
1735956000,3255.87
1735959600,3258.39
1735963200,3271.41
1735966800,3271.84
1735970400,3294.55
1735974000,3303.68
1735977600,3318.04
1735981200,3309.22
1735984800,3288.58
1735988400,3268.69
1735992000,3262.75
1735995600,3279.01
1735999200,3259.76
1736002800,3243.96
1736006400,3254.58
1736010000,3256.97
1736013600,3229.91
1736017200,3254.76
1736020800,3277.27
1736024400,3304.21
1736028000,3377.70
1736031600,3342.55
1736035200,3343.34
1736038800,3388.19
1736042400,3365.75
1736046000,3307.48
1736049600,3290.29
1736053200,3282.50
1736056800,3320.94
1736060400,3350.73
1736064000,3350.34
1736067600,3321.73
1736071200,3338.29
1736074800,3335.10
1736078400,3385.17
1736082000,3425.68
1736085600,3435.48
1736089200,3433.90
1736092800,3409.23
1736096400,3448.90
1736100000,3439.49
1736103600,3463.23
1736107200,3450.18
1736110800,3383.98
1736114400,3396.82
1736118000,3393.67
1736121600,3399.67
1736125200,3400.74
1736128800,3420.21
1736132400,3401.24
1736136000,3412.85
1736139600,3411.24
1736143200,3383.00
1736146800,3376.48
1736150400,3365.41
1736154000,3358.02
1736157600,3342.02
1736161200,3349.66
1736164800,3351.22
1736168400,3326.64
1736172000,3355.61
1736175600,3322.46
1736179200,3309.47
1736182800,3338.31
1736186400,3337.51
1736190000,3290.92
1736193600,3297.07
1736197200,3287.57
1736200800,3307.43
1736204400,3298.02
1736208000,3241.50
1736211600,3211.76
1736215200,3207.14
1736218800,3224.34
1736222400,3200.98
1736226000,3209.66
1736229600,3174.88
1736233200,3182.06
1736236800,3150.57
1736240400,3151.18
1736244000,3163.16
1736247600,3164.90
1736251200,3169.21
1736254800,3165.58
1736258400,3175.32
1736262000,3192.12
1736265600,3151.38
1736269200,3121.14
1736272800,3097.66
1736276400,3133.22
1736280000,3117.46
1736283600,3102.66
1736287200,3078.95
1736290800,3085.28
1736294400,3082.77
1736298000,3107.58
1736301600,3148.57
1736305200,3161.10
1736308800,3156.87
1736312400,3163.91
1736316000,3160.08
1736319600,3193.90
1736323200,3180.25
1736326800,3211.26
1736330400,3197.45
1736334000,3225.18
1736337600,3235.47
1736341200,3264.69
1736344800,3273.62
1736348400,3264.33
1736352000,3307.68
1736355600,3307.57
1736359200,3302.91
1736362800,3269.98
1736366400,3246.28
1736370000,3247.09
1736373600,3233.99
1736377200,3238.00
1736380800,3218.43
1736384400,3172.80
1736388000,3165.84
1736391600,3205.89
1736395200,3190.43
1736398800,3158.98
1736402400,3163.08
1736406000,3153.59
1736409600,3123.20
1736413200,3101.08
1736416800,3116.12
1736420400,3088.67
1736424000,3098.32
1736427600,3092.83
1736431200,3048.26
1736434800,3040.82
1736438400,3006.41
1736442000,2994.63
1736445600,2986.78
1736449200,3001.77
1736452800,3029.46
1736456400,3055.85
1736460000,3093.57
1736463600,3130.40
1736467200,3129.82
1736470800,3151.42
1736474400,3166.25
1736478000,3182.38
1736481600,3227.98
1736485200,3250.58
1736488800,3249.76
1736492400,3254.71
1736496000,3238.60
1736499600,3228.82
1736503200,3242.91
1736506800,3243.23
1736510400,3266.59
1736514000,3306.42
1736517600,3314.79
1736521200,3297.18
1736524800,3288.05
1736528400,3311.96
1736532000,3335.52
1736535600,3339.63
1736539200,3347.66
1736542800,3341.31
1736546400,3310.63
1736550000,3325.25
1736553600,3317.37
1736557200,3323.02
1736560800,3332.71
1736564400,3365.41
1736568000,3387.65
1736571600,3379.26
1736575200,3355.66
1736578800,3370.76
1736582400,3363.63
1736586000,3378.30
1736589600,3383.59
1736593200,3386.71
1736596800,3370.25
1736600400,3304.58
1736604000,3349.39
1736607600,3335.91
1736611200,3302.91
1736614800,3318.03
1736618400,3330.85
1736622000,3331.52
1736625600,3330.01
1736629200,3294.00
1736632800,3316.22
1736636400,3325.30
1736640000,3322.48
1736643600,3340.88
1736647200,3367.65
1736650800,3407.90
1736654400,3433.33
1736658000,3427.91
1736661600,3434.96
1736665200,3472.60
1736668800,3431.32
1736672400,3430.44
1736676000,3429.95
1736679600,3367.72
1736683200,3348.69
1736686800,3328.69
1736690400,3344.07
1736694000,3374.58
1736697600,3375.23
1736701200,3378.72
1736704800,3404.72
1736708400,3397.71
1736712000,3415.18
1736715600,3404.64
1736719200,3372.78
1736722800,3406.52
1736726400,3437.33
1736730000,3405.55
1736733600,3403.15
1736737200,3411.50
1736740800,3383.37
1736744400,3372.48
1736748000,3375.91
1736751600,3404.13
1736755200,3416.46
1736758800,3451.27
1736762400,3476.88
1736766000,3509.11
1736769600,3530.27
1736773200,3500.97
1736776800,3495.55
1736780400,3528.91
1736784000,3512.43
1736787600,3499.18
1736791200,3490.05
1736794800,3505.44
1736798400,3502.81
1736802000,3497.56
1736805600,3538.03
1736809200,3544.85
1736812800,3508.07
1736816400,3466.70
1736820000,3475.29
1736823600,3458.85
1736827200,3470.74
1736830800,3480.26
1736834400,3544.55
1736838000,3569.79
1736841600,3557.42
1736845200,3594.55
1736848800,3594.42
1736852400,3554.81
1736856000,3543.69
1736859600,3551.19
1736863200,3569.22
1736866800,3587.70
1736870400,3602.33
1736874000,3620.98
1736877600,3645.95
1736881200,3681.99
1736884800,3631.38
1736888400,3599.75
1736892000,3660.51
1736895600,3660.29
1736899200,3651.16
1736902800,3619.53
1736906400,3608.76
1736910000,3609.27
1736913600,3602.19
1736917200,3594.53
1736920800,3613.95
1736924400,3633.31
1736928000,3669.05
1736931600,3642.11
1736935200,3660.15
1736938800,3667.78
1736942400,3655.16
1736946000,3636.93
1736949600,3639.54
1736953200,3635.55
1736956800,3648.64
1736960400,3659.52
1736964000,3662.08
1736967600,3632.16
1736971200,3610.25
1736974800,3627.77
1736978400,3657.43
1736982000,3633.67
1736985600,3662.58
1736989200,3673.17
1736992800,3628.52
1736996400,3585.08
1737000000,3595.98
1737003600,3610.42
1737007200,3616.70
1737010800,3615.63
1737014400,3586.75
1737018000,3564.11
1737021600,3560.96
1737025200,3554.48
1737028800,3541.61
1737032400,3512.75
1737036000,3521.60
1737039600,3512.43
1737043200,3502.33
1737046800,3481.12
1737050400,3517.03
1737054000,3463.87
1737057600,3453.62
1737061200,3425.77
1737064800,3441.91
1737068400,3456.01
1737072000,3478.62
1737075600,3484.45
1737079200,3498.55
1737082800,3514.13
1737086400,3479.04
1737090000,3494.47
1737093600,3571.30
1737097200,3579.71
1737100800,3576.27
1737104400,3588.44
1737108000,3601.39
1737111600,3607.50
1737115200,3602.27
1737118800,3611.18
1737122400,3632.20
1737126000,3617.99
1737129600,3629.24
1737133200,3643.41
1737136800,3646.73
1737140400,3675.53
1737144000,3654.91
1737147600,3656.46
1737151200,3647.43
1737154800,3638.36
1737158400,3680.46
1737162000,3684.24
1737165600,3707.57
1737169200,3749.85
1737172800,3773.39
1737176400,3751.99
1737180000,3759.76
1737183600,3752.89
1737187200,3732.31
1737190800,3755.51
1737194400,3791.97
1737198000,3780.46
1737201600,3792.28
1737205200,3797.68
1737208800,3800.23
1737212400,3786.24
1737216000,3835.80
1737219600,3880.29
1737223200,3865.96
1737226800,3863.74
1737230400,3851.46
1737234000,3840.90
1737237600,3814.47
1737241200,3822.52
1737244800,3853.80
1737248400,3841.75
1737252000,3926.46
1737255600,3906.77
1737259200,3885.42
1737262800,3928.89
1737266400,3941.31
1737270000,3964.75
1737273600,3961.97
1737277200,3934.43
1737280800,3925.03
1737284400,3983.15
1737288000,3986.94
1737291600,3981.01
1737295200,3937.66
1737298800,3958.18
1737302400,3950.42
1737306000,3965.05
1737309600,3985.93
1737313200,3994.23
1737316800,3965.39
1737320400,3941.33
1737324000,3990.00
1737327600,3951.28
1737331200,3905.95
1737334800,3865.09
1737338400,3836.11
1737342000,3817.96
1737345600,3777.94
1737349200,3790.48
1737352800,3856.58
1737356400,3861.12
1737360000,3877.78
1737363600,3853.51
1737367200,3858.59
1737370800,3864.10
1737374400,3859.75
1737378000,3868.55
1737381600,3884.28
1737385200,3949.14
1737388800,4014.37
1737392400,3975.35
1737396000,3947.02
1737399600,3950.14
1737403200,3941.39
1737406800,3980.54
1737410400,3996.94
1737414000,4003.82
1737417600,4002.07
1737421200,3988.53
1737424800,3952.77
1737428400,3949.30
1737432000,3972.88
1737435600,3950.05
1737439200,3963.82
1737442800,3994.88
1737446400,4023.24
1737450000,4004.61
1737453600,4040.88
1737457200,4085.42
1737460800,4127.60
1737464400,4152.77
1737468000,4152.62
1737471600,4147.16
1737475200,4188.21
1737478800,4207.89
1737482400,4172.06
1737486000,4159.25
1737489600,4164.02
1737493200,4179.06
1737496800,4231.08
1737500400,4245.60
1737504000,4251.98
1737507600,4273.52
1737511200,4288.12
1737514800,4272.22
1737518400,4248.16
1737522000,4222.14
1737525600,4215.93
1737529200,4273.54
1737532800,4331.18
1737536400,4384.42
1737540000,4346.07
1737543600,4309.11
1737547200,4277.66
1737550800,4232.73
1737554400,4196.29
1737558000,4194.34
1737561600,4161.59
1737565200,4167.98
1737568800,4189.34
1737572400,4219.83
1737576000,4216.01
1737579600,4252.98
1737583200,4280.20
1737586800,4297.17
1737590400,4278.31
1737594000,4334.09
1737597600,4392.28
1737601200,4363.25
1737604800,4347.77
1737608400,4421.18
1737612000,4424.02
1737615600,4406.02
1737619200,4407.27
1737622800,4420.87
1737626400,4400.09
1737630000,4377.75
1737633600,4367.17
1737637200,4354.69
1737640800,4409.14
1737644400,4401.38
1737648000,4405.23
1737651600,4459.71
1737655200,4437.29
1737658800,4390.94
1737662400,4338.21
1737666000,4307.48
1737669600,4292.35
1737673200,4324.62
1737676800,4318.89
1737680400,4280.45
1737684000,4292.28
1737687600,4320.37
1737691200,4331.99
1737694800,4356.31
1737698400,4340.45
1737702000,4292.26
1737705600,4306.02
1737709200,4327.17
1737712800,4331.57
1737716400,4333.24
1737720000,4285.77
1737723600,4337.10
1737727200,4388.77
1737730800,4355.47
1737734400,4303.19
1737738000,4327.07
1737741600,4378.84
1737745200,4383.98
1737748800,4360.11
1737752400,4370.09
1737756000,4340.11
1737759600,4333.54
1737763200,4359.98
1737766800,4297.18
1737770400,4289.57
1737774000,4287.80
1737777600,4276.42
1737781200,4321.59
1737784800,4354.98
1737788400,4394.94
1737792000,4393.24
1737795600,4363.68
1737799200,4343.28
1737802800,4341.79
1737806400,4386.94
1737810000,4382.04
1737813600,4382.56
1737817200,4353.43
1737820800,4336.37
1737824400,4323.87
1737828000,4307.73
1737831600,4260.70
1737835200,4252.11
1737838800,4238.84
1737842400,4253.53
1737846000,4284.48
1737849600,4255.49
1737853200,4254.10
1737856800,4250.62
1737860400,4248.03
1737864000,4252.42
1737867600,4284.49
1737871200,4255.07
1737874800,4211.44
1737878400,4186.00
1737882000,4163.37
1737885600,4154.02
1737889200,4128.64
1737892800,4087.22
1737896400,4054.87
1737900000,4091.62
1737903600,4075.81
1737907200,4056.28
1737910800,4026.45
1737914400,3966.08
1737918000,3952.83
1737921600,3925.37
1737925200,3920.58
1737928800,3883.48
1737932400,3912.55
1737936000,3892.63
1737939600,3878.14
1737943200,3885.16
1737946800,3942.05
1737950400,3959.27
1737954000,3950.34
1737957600,3919.75
1737961200,3916.75
1737964800,3930.45
1737968400,3919.41
1737972000,3934.98
1737975600,4005.82
1737979200,4002.75
1737982800,3996.15
1737986400,4031.95
1737990000,4052.51
1737993600,4003.61
1737997200,4035.57
1738000800,4050.43
1738004400,4076.67
1738008000,4036.43
1738011600,4033.79
1738015200,4046.49
1738018800,4004.69
1738022400,3971.75
1738026000,3954.32
1738029600,4015.60
1738033200,3973.92
1738036800,3982.25
1738040400,3958.75
1738044000,3955.11
1738047600,3921.58
1738051200,3884.91
1738054800,3911.31
1738058400,3937.65
1738062000,3933.42
1738065600,3955.39
1738069200,3958.30
1738072800,3966.63
1738076400,3977.31
1738080000,3964.17
1738083600,3964.35
1738087200,3975.08
1738090800,3962.90
1738094400,3881.18
1738098000,3866.05
1738101600,3868.81
1738105200,3908.54
1738108800,3900.05
1738112400,3881.10
1738116000,3868.19
1738119600,3877.07
1738123200,3828.11
1738126800,3829.49
1738130400,3813.86
1738134000,3813.07
1738137600,3793.74
1738141200,3771.01
1738144800,3791.03
1738148400,3792.56
1738152000,3818.10
1738155600,3805.05
1738159200,3806.86
1738162800,3823.05
1738166400,3767.22
1738170000,3727.98
1738173600,3722.88
1738177200,3720.41
1738180800,3743.73
1738184400,3762.09
1738188000,3757.53
1738191600,3699.22
1738195200,3720.11
1738198800,3707.78
1738202400,3714.92
1738206000,3706.18
1738209600,3719.89
1738213200,3759.34
1738216800,3778.10
1738220400,3778.98
1738224000,3762.68
1738227600,3737.87
1738231200,3720.76
1738234800,3737.96
1738238400,3752.37
1738242000,3797.44
1738245600,3832.60
1738249200,3840.85
1738252800,3840.01
1738256400,3853.51
1738260000,3835.27
1738263600,3827.99
1738267200,3821.05
1738270800,3825.95
1738274400,3828.83
1738278000,3783.85
1738281600,3760.62
1738285200,3714.58
1738288800,3697.65
1738292400,3722.38
1738296000,3733.54
1738299600,3712.37
1738303200,3676.20
1738306800,3672.97
1738310400,3656.54
1738314000,3635.00
1738317600,3632.92
1738321200,3641.17
1738324800,3605.31
1738328400,3595.66
1738332000,3586.60
1738335600,3577.50
1738339200,3566.92
1738342800,3578.69
1738346400,3536.65
1738350000,3547.01
1738353600,3525.65
1738357200,3514.14
1738360800,3502.66
1738364400,3485.09
1738368000,3485.12
1738371600,3502.32
1738375200,3546.90
1738378800,3504.44
1738382400,3495.33
1738386000,3458.25
1738389600,3452.44
1738393200,3476.99
1738396800,3487.50
1738400400,3482.34
1738404000,3464.20
1738407600,3438.52
1738411200,3419.87
1738414800,3427.59
1738418400,3405.43
1738422000,3442.19
1738425600,3474.06
1738429200,3477.36
1738432800,3455.82
1738436400,3421.27
1738440000,3411.05
1738443600,3363.34
1738447200,3349.16
1738450800,3345.35
1738454400,3349.76
1738458000,3361.71
1738461600,3387.99
1738465200,3392.81
1738468800,3399.91
1738472400,3384.92
1738476000,3355.72
1738479600,3375.92
1738483200,3390.30
1738486800,3380.99
1738490400,3401.06
1738494000,3421.73
1738497600,3441.00
1738501200,3493.80
1738504800,3571.63
1738508400,3537.94
1738512000,3558.24
1738515600,3548.71
1738519200,3564.49
1738522800,3576.60
1738526400,3573.44
1738530000,3525.31
1738533600,3522.01
1738537200,3514.68
1738540800,3499.82
1738544400,3459.22
1738548000,3453.19
1738551600,3457.26
1738555200,3447.20
1738558800,3455.14
1738562400,3410.16
1738566000,3386.90
1738569600,3351.76
1738573200,3396.52
1738576800,3422.58
1738580400,3394.48
1738584000,3386.29
1738587600,3418.72
1738591200,3423.88
1738594800,3399.47
1738598400,3430.01
1738602000,3433.10
1738605600,3426.32
1738609200,3428.63
1738612800,3414.04
1738616400,3419.13
1738620000,3414.74
1738623600,3419.07
1738627200,3440.11
1738630800,3473.56
1738634400,3443.04
1738638000,3488.39
1738641600,3466.89
1738645200,3452.63
1738648800,3502.65
1738652400,3519.62
1738656000,3498.93
1738659600,3502.55
1738663200,3485.40
1738666800,3481.70
1738670400,3489.10
1738674000,3487.62
1738677600,3474.35
1738681200,3451.12
1738684800,3461.04
1738688400,3493.95
1738692000,3465.73
1738695600,3468.13
1738699200,3456.95
1738702800,3427.96
1738706400,3406.12
1738710000,3432.41
1738713600,3428.91
1738717200,3427.67
1738720800,3393.00
1738724400,3391.08
1738728000,3399.97
1738731600,3387.69
1738735200,3364.90
1738738800,3394.92
1738742400,3404.07
1738746000,3445.24
1738749600,3423.32
1738753200,3422.74
1738756800,3453.32
1738760400,3442.17
1738764000,3435.20
1738767600,3430.72
1738771200,3383.89
1738774800,3337.65
1738778400,3301.67
1738782000,3329.98
1738785600,3337.33
1738789200,3326.73
1738792800,3334.46
1738796400,3379.85
1738800000,3420.64
1738803600,3455.27
1738807200,3431.52
1738810800,3405.66
1738814400,3407.73
1738818000,3435.63
1738821600,3447.47
1738825200,3467.03
1738828800,3476.06
1738832400,3500.73
1738836000,3497.90
1738839600,3485.24
1738843200,3473.47
1738846800,3480.52
1738850400,3453.98
1738854000,3465.11
1738857600,3441.82
1738861200,3451.42
1738864800,3427.18
1738868400,3375.41
1738872000,3341.57
1738875600,3379.82
1738879200,3371.86
1738882800,3394.10
1738886400,3419.67
1738890000,3405.30
1738893600,3413.13
1738897200,3430.08
1738900800,3430.77
1738904400,3398.04
1738908000,3392.93
1738911600,3411.03
1738915200,3378.64
1738918800,3346.26
1738922400,3316.25
1738926000,3285.84
1738929600,3315.52
1738933200,3283.36
1738936800,3303.47
1738940400,3266.38
1738944000,3258.15
1738947600,3244.53
1738951200,3264.92
1738954800,3272.90
1738958400,3271.19
1738962000,3279.05
1738965600,3283.95
1738969200,3291.83
1738972800,3282.70
1738976400,3289.58
1738980000,3299.07
1738983600,3289.17
1738987200,3279.60
1738990800,3293.06
1738994400,3276.67
1738998000,3287.62
1739001600,3268.47
1739005200,3286.39
1739008800,3276.35
1739012400,3294.77
1739016000,3288.56
1739019600,3323.05
1739023200,3307.28
1739026800,3324.09
1739030400,3328.72
1739034000,3320.47
1739037600,3284.73
1739041200,3324.72
1739044800,3277.58
1739048400,3276.75
1739052000,3318.20
1739055600,3322.67
1739059200,3324.24
1739062800,3347.71
1739066400,3333.33
1739070000,3347.95
1739073600,3316.90
1739077200,3308.38
1739080800,3307.95
1739084400,3249.14
1739088000,3234.26
1739091600,3234.33
1739095200,3237.52
1739098800,3259.05
1739102400,3268.02
1739106000,3242.22
1739109600,3247.43
1739113200,3263.80
1739116800,3297.00
1739120400,3291.09
1739124000,3251.80
1739127600,3260.09
1739131200,3286.02
1739134800,3284.42
1739138400,3299.02
1739142000,3290.18
1739145600,3329.24
1739149200,3328.32
1739152800,3313.67
1739156400,3269.71
1739160000,3261.69
1739163600,3245.32
1739167200,3286.46
1739170800,3275.49
1739174400,3228.68
1739178000,3233.98
1739181600,3251.49
1739185200,3241.71
1739188800,3256.58
1739192400,3301.40
1739196000,3274.47
1739199600,3266.63
1739203200,3211.69
1739206800,3220.50
1739210400,3256.62
1739214000,3251.45
1739217600,3299.18
1739221200,3306.07
1739224800,3314.23
1739228400,3310.22
1739232000,3325.67
1739235600,3324.96
1739239200,3348.05
1739242800,3347.32
1739246400,3362.73
1739250000,3359.14
1739253600,3359.23
1739257200,3336.14
1739260800,3337.17
1739264400,3351.93
1739268000,3340.18
1739271600,3329.29
1739275200,3335.39
1739278800,3324.97
1739282400,3338.54
1739286000,3326.19
1739289600,3301.16
1739293200,3275.51
1739296800,3267.83
1739300400,3274.09
1739304000,3302.17
1739307600,3333.00
1739311200,3337.83
1739314800,3364.65
1739318400,3367.95
1739322000,3389.16
1739325600,3378.80
1739329200,3363.28
1739332800,3383.52
1739336400,3416.50
1739340000,3442.94
1739343600,3424.24
1739347200,3400.70
1739350800,3378.24
1739354400,3386.43
1739358000,3382.04
1739361600,3385.72
1739365200,3400.08
1739368800,3425.51
1739372400,3427.80
1739376000,3400.37
1739379600,3394.12
1739383200,3384.77
1739386800,3388.27
1739390400,3449.63
1739394000,3472.83
1739397600,3442.05
1739401200,3438.59
1739404800,3430.09
1739408400,3463.58
1739412000,3456.76
1739415600,3443.29
1739419200,3440.14
1739422800,3453.01
1739426400,3464.72
1739430000,3421.55
1739433600,3387.76
1739437200,3352.61
1739440800,3346.19
1739444400,3402.11
1739448000,3368.93
1739451600,3366.73
1739455200,3358.90
1739458800,3382.93
1739462400,3327.54
1739466000,3327.01
1739469600,3325.06
1739473200,3311.38
1739476800,3326.02
1739480400,3327.48
1739484000,3344.94
1739487600,3354.82
1739491200,3357.00
1739494800,3357.53
1739498400,3382.01
1739502000,3395.40
1739505600,3382.00
1739509200,3365.00
1739512800,3366.45
1739516400,3409.84
1739520000,3400.28
1739523600,3414.35
1739527200,3398.47
1739530800,3420.15
1739534400,3406.46
1739538000,3396.96
1739541600,3403.95
1739545200,3387.04
1739548800,3410.06
1739552400,3403.56
1739556000,3448.33
1739559600,3442.90
1739563200,3493.26
1739566800,3528.88
1739570400,3530.29
1739574000,3487.76
1739577600,3456.76
1739581200,3454.14
1739584800,3452.70
1739588400,3466.97
1739592000,3492.95
1739595600,3520.55
1739599200,3546.97
1739602800,3545.26
1739606400,3540.86
1739610000,3538.56
1739613600,3564.32
1739617200,3593.27
1739620800,3608.08
1739624400,3665.77
1739628000,3670.59
1739631600,3670.54
1739635200,3670.79
1739638800,3645.08
1739642400,3654.27
1739646000,3684.37
1739649600,3689.68
1739653200,3734.37
1739656800,3730.61
1739660400,3753.19
1739664000,3786.72
1739667600,3801.37
1739671200,3793.96
1739674800,3781.45
1739678400,3787.20
1739682000,3795.41
1739685600,3782.80
1739689200,3750.09
1739692800,3726.74
1739696400,3745.96
1739700000,3795.08
1739703600,3744.04
1739707200,3757.62
1739710800,3784.34
1739714400,3778.46
1739718000,3791.93
1739721600,3847.17
1739725200,3805.97
1739728800,3797.55
1739732400,3788.63
1739736000,3797.69
1739739600,3813.93
1739743200,3795.46
1739746800,3804.40
1739750400,3840.89
1739754000,3840.26
1739757600,3860.45
1739761200,3889.73
1739764800,3922.68
1739768400,3914.39
1739772000,3898.18
1739775600,3898.72
1739779200,3916.87
1739782800,3883.26
1739786400,3891.14
1739790000,3893.13
1739793600,3882.99
1739797200,3917.95
1739800800,3886.46
1739804400,3905.44
1739808000,3944.84
1739811600,3941.35
1739815200,3894.11
1739818800,3887.83
1739822400,3926.33
1739826000,3928.25
1739829600,3962.17
1739833200,4029.19
1739836800,4027.29
1739840400,4067.32
1739844000,4076.49
1739847600,4075.43
1739851200,4098.17
1739854800,4064.21
1739858400,4085.68
1739862000,4035.23
1739865600,4066.66
1739869200,4077.97
1739872800,4080.80
1739876400,4074.70
1739880000,4097.09
1739883600,4124.63
1739887200,4163.92
1739890800,4143.18
1739894400,4133.97
1739898000,4113.31
1739901600,4141.55
1739905200,4170.83
1739908800,4105.34
1739912400,4100.11
1739916000,4072.02
1739919600,4089.46
1739923200,4083.65
1739926800,4095.49
1739930400,4118.24
1739934000,4073.39
1739937600,4064.52
1739941200,4125.28
1739944800,4141.66
1739948400,4135.94
1739952000,4135.45
1739955600,4157.44
1739959200,4163.56
1739962800,4185.83
1739966400,4204.56
1739970000,4181.81
1739973600,4200.07
1739977200,4183.55
1739980800,4183.11
1739984400,4136.52
1739988000,4119.66
1739991600,4167.46
1739995200,4152.70
1739998800,4162.86
1740002400,4195.31
1740006000,4179.24
1740009600,4162.87
1740013200,4217.23
1740016800,4188.51
1740020400,4203.36
1740024000,4195.08
1740027600,4212.55
1740031200,4226.47
1740034800,4238.22
1740038400,4208.67
1740042000,4261.62
1740045600,4252.71
1740049200,4264.17
1740052800,4282.77
1740056400,4265.09
1740060000,4271.44
1740063600,4230.91
1740067200,4255.54
1740070800,4224.67
1740074400,4182.79
1740078000,4123.76
1740081600,4124.98
1740085200,4101.76
1740088800,4074.09
1740092400,4043.14
1740096000,3982.94
1740099600,3990.54
1740103200,3963.65
1740106800,3975.31
1740110400,3970.52
1740114000,3992.85
1740117600,4039.80
1740121200,4018.95
1740124800,4032.50
1740128400,3998.73
1740132000,4000.21
1740135600,3970.36
1740139200,3967.18
1740142800,4009.53
1740146400,4071.98
1740150000,4083.24
1740153600,4042.05
1740157200,4048.74
1740160800,4070.92
1740164400,4072.98
1740168000,4071.80
1740171600,4017.64
1740175200,3987.30
1740178800,3989.54
1740182400,3946.71
1740186000,3958.27
1740189600,3960.02
1740193200,3941.17
1740196800,3969.04
1740200400,3955.24
1740204000,4024.59
1740207600,4014.60
1740211200,3987.42
1740214800,3992.20
1740218400,4020.07
1740222000,4035.95
1740225600,4101.46
1740229200,4095.77
1740232800,4084.50
1740236400,4070.64
1740240000,4047.00
1740243600,4018.07
1740247200,4047.37
1740250800,4044.91
1740254400,4029.81
1740258000,4040.78
1740261600,4081.96
1740265200,4088.83
1740268800,4062.64
1740272400,4051.88
1740276000,4059.43
1740279600,4120.61
1740283200,4119.15
1740286800,4179.76
1740290400,4151.24
1740294000,4176.42
1740297600,4174.00
1740301200,4186.79
1740304800,4215.92
1740308400,4228.94
1740312000,4249.61
1740315600,4184.92
1740319200,4172.61
1740322800,4110.98
1740326400,4104.96
1740330000,4084.76
1740333600,4073.79
1740337200,4092.33
1740340800,4099.64
1740344400,4120.80
1740348000,4120.54
1740351600,4172.95
1740355200,4171.14
1740358800,4159.18
1740362400,4170.12
1740366000,4170.69
1740369600,4184.43
1740373200,4218.63
1740376800,4229.20
1740380400,4257.04
1740384000,4227.24
1740387600,4220.21
1740391200,4182.69
1740394800,4176.69
1740398400,4160.01
1740402000,4141.77
1740405600,4179.35
1740409200,4160.86
1740412800,4147.27
1740416400,4176.87
1740420000,4146.16
1740423600,4207.08
1740427200,4208.54
1740430800,4218.56
1740434400,4219.28
1740438000,4197.07
1740441600,4203.65
1740445200,4256.89
1740448800,4232.72
1740452400,4264.83
1740456000,4306.13
1740459600,4285.33
1740463200,4244.80
1740466800,4241.09
1740470400,4287.45
1740474000,4260.71
1740477600,4263.44
1740481200,4220.73
1740484800,4235.11
1740488400,4195.59
1740492000,4191.26
1740495600,4221.62
1740499200,4201.79
1740502800,4205.64
1740506400,4214.65
1740510000,4249.75
1740513600,4265.35
1740517200,4227.22
1740520800,4172.65
1740524400,4223.09
1740528000,4224.65
1740531600,4193.13
1740535200,4154.34
1740538800,4203.15
1740542400,4198.01
1740546000,4185.41
1740549600,4139.32
1740553200,4115.04
1740556800,4144.67
1740560400,4162.90
1740564000,4138.78
1740567600,4157.33
1740571200,4196.58
1740574800,4202.99
1740578400,4251.81
1740582000,4296.45
1740585600,4316.29
1740589200,4331.50
1740592800,4353.73
1740596400,4419.55
1740600000,4385.34
1740603600,4406.48
1740607200,4421.60
1740610800,4386.70
1740614400,4378.00
1740618000,4334.74
1740621600,4279.71
1740625200,4309.06
1740628800,4309.39
1740632400,4331.73
1740636000,4307.07
1740639600,4283.63
1740643200,4304.10
1740646800,4319.50
1740650400,4331.37
1740654000,4321.77
1740657600,4285.44
1740661200,4267.39
1740664800,4287.09
1740668400,4293.33
1740672000,4320.43
1740675600,4307.15
1740679200,4308.27
1740682800,4346.88
1740686400,4345.22
1740690000,4355.57
1740693600,4375.37
1740697200,4352.86
1740700800,4364.16
1740704400,4393.91
1740708000,4364.53
1740711600,4373.05
1740715200,4318.45
1740718800,4280.65
1740722400,4297.66
1740726000,4259.96
1740729600,4281.02
1740733200,4278.48
1740736800,4249.68
1740740400,4241.05
1740744000,4226.44
1740747600,4228.14
1740751200,4222.44
1740754800,4217.20
1740758400,4169.18
1740762000,4141.86
1740765600,4107.31
1740769200,4088.90
1740772800,4094.52
1740776400,4090.43
1740780000,4120.35
1740783600,4121.59
1740787200,4132.65
1740790800,4075.81
1740794400,4041.85
1740798000,3996.75
1740801600,4023.12
1740805200,4033.01
1740808800,4038.50
1740812400,4013.72
1740816000,4027.77
1740819600,4025.38
1740823200,4015.34
1740826800,4037.15
1740830400,4012.90
1740834000,4028.54
1740837600,4018.40
1740841200,3987.86
1740844800,4011.64
1740848400,3995.76
1740852000,3963.51
1740855600,3960.53
1740859200,3949.95
1740862800,3957.80
1740866400,3995.77
1740870000,3967.19
1740873600,3946.40
1740877200,3958.94
1740880800,3948.00
1740884400,3997.62
1740888000,4006.26
1740891600,4023.25
1740895200,4081.59
1740898800,4120.23
1740902400,4104.89
1740906000,4141.42
1740909600,4145.86
1740913200,4151.05
1740916800,4127.57
1740920400,4132.40
1740924000,4125.70
1740927600,4104.42
1740931200,4120.66
1740934800,4161.72
1740938400,4156.63
1740942000,4145.08
1740945600,4155.41
1740949200,4177.27
1740952800,4178.46
1740956400,4186.48
1740960000,4206.83
1740963600,4216.75
1740967200,4219.62
1740970800,4262.05
1740974400,4215.00
1740978000,4207.15
1740981600,4187.60
1740985200,4191.79
1740988800,4149.11
1740992400,4168.17
1740996000,4185.70
1740999600,4128.72
1741003200,4174.10
1741006800,4148.15
1741010400,4098.64
1741014000,4107.73
1741017600,4138.86
1741021200,4134.93
1741024800,4129.05
1741028400,4148.06
1741032000,4165.76
1741035600,4134.83
1741039200,4137.55
1741042800,4149.74
1741046400,4150.68
1741050000,4142.50
1741053600,4150.52
1741057200,4125.63
1741060800,4093.93
1741064400,4102.85
1741068000,4061.47
1741071600,4012.01
1741075200,3989.62
1741078800,4030.70
1741082400,4054.35
1741086000,4055.51
1741089600,4064.23
1741093200,4038.67
1741096800,4039.29
1741100400,4056.15
1741104000,4058.24
1741107600,4146.61
1741111200,4184.90
1741114800,4168.10
1741118400,4121.90
1741122000,4139.35
1741125600,4095.93
1741129200,4124.46
1741132800,4114.06
1741136400,4072.42
1741140000,4068.50
1741143600,4056.40
1741147200,4047.00
1741150800,4055.93
1741154400,4053.05
1741158000,3999.27
1741161600,3976.38
1741165200,3964.48
1741168800,3969.32
1741172400,3981.90
1741176000,3952.30
1741179600,3961.82
1741183200,3936.23
1741186800,3967.16
1741190400,3959.55
1741194000,3939.29
1741197600,3922.62
1741201200,3877.25
1741204800,3846.45
1741208400,3821.86
1741212000,3779.74
1741215600,3781.89
1741219200,3829.81
1741222800,3801.05
1741226400,3809.55
1741230000,3814.50
1741233600,3802.29
1741237200,3852.68
1741240800,3874.88
1741244400,3867.74
1741248000,3827.91
1741251600,3830.88
1741255200,3780.97
1741258800,3779.44
1741262400,3761.25
1741266000,3794.36
1741269600,3783.89
1741273200,3815.85
1741276800,3828.69
1741280400,3783.20
1741284000,3820.80
1741287600,3810.43
1741291200,3815.03
1741294800,3838.78
1741298400,3871.93
1741302000,3845.15
1741305600,3826.37
1741309200,3896.23
1741312800,3891.95
1741316400,3881.68
1741320000,3888.17
1741323600,3893.15
1741327200,3885.81
1741330800,3904.90
1741334400,3846.71
1741338000,3858.25
1741341600,3866.65
1741345200,3916.52
1741348800,3900.12
1741352400,3892.68
1741356000,3896.35
1741359600,3877.91
1741363200,3893.61
1741366800,3870.62
1741370400,3900.30
1741374000,3887.48
1741377600,3933.74
1741381200,3931.17
1741384800,3896.03
1741388400,3878.28
1741392000,3895.61
1741395600,3900.93
1741399200,3875.78
1741402800,3869.16
1741406400,3864.87
1741410000,3889.11
1741413600,3864.73
1741417200,3808.26
1741420800,3806.47
1741424400,3807.52
1741428000,3801.07
1741431600,3767.39
1741435200,3693.21
1741438800,3682.33
1741442400,3688.77
1741446000,3661.58
1741449600,3674.67
1741453200,3679.00
1741456800,3718.29
1741460400,3767.28
1741464000,3764.17
1741467600,3789.02
1741471200,3770.22
1741474800,3789.24
1741478400,3801.85
1741482000,3772.08
1741485600,3754.85
1741489200,3756.39
1741492800,3755.72
1741496400,3732.84
1741500000,3751.92
1741503600,3752.69
1741507200,3716.04
1741510800,3728.78
1741514400,3744.16
1741518000,3753.47
1741521600,3731.30
1741525200,3715.29
1741528800,3712.87
1741532400,3726.85
1741536000,3730.72
1741539600,3723.82
1741543200,3704.18
1741546800,3673.68
1741550400,3691.89
1741554000,3682.06
1741557600,3711.38
1741561200,3715.34
1741564800,3702.50
1741568400,3648.34
1741572000,3644.08
1741575600,3672.30
1741579200,3686.70
1741582800,3696.44
1741586400,3678.61
1741590000,3656.71
1741593600,3668.43
1741597200,3683.28
1741600800,3670.70
1741604400,3722.19
1741608000,3724.17
1741611600,3766.07
1741615200,3742.61
1741618800,3774.45
1741622400,3799.66
1741626000,3783.76
1741629600,3753.75
1741633200,3728.39
1741636800,3764.00
1741640400,3765.23
1741644000,3764.59
1741647600,3738.10
1741651200,3722.91
1741654800,3722.95
1741658400,3708.69
1741662000,3695.84
1741665600,3697.22
1741669200,3697.30
1741672800,3701.32
1741676400,3739.31
1741680000,3737.82
1741683600,3760.17
1741687200,3763.31
1741690800,3795.64
1741694400,3807.15
1741698000,3762.63
1741701600,3772.70
1741705200,3745.16
1741708800,3715.54
1741712400,3711.93
1741716000,3703.64
1741719600,3699.79
1741723200,3749.15
1741726800,3732.35
1741730400,3734.55
1741734000,3798.29
1741737600,3759.04
1741741200,3784.72
1741744800,3794.12
1741748400,3815.66
1741752000,3836.17
1741755600,3850.35
1741759200,3840.84
1741762800,3846.72
1741766400,3830.11
1741770000,3858.86
1741773600,3826.88
1741777200,3879.49
1741780800,3847.00
1741784400,3875.44
1741788000,3860.14
1741791600,3822.29
1741795200,3791.65
1741798800,3818.02
1741802400,3790.84
1741806000,3794.73
1741809600,3804.85
1741813200,3807.82
1741816800,3837.57
1741820400,3874.79
1741824000,3877.20
1741827600,3881.79
1741831200,3869.04
1741834800,3880.80
1741838400,3843.54
1741842000,3804.40
1741845600,3796.39
1741849200,3809.02
1741852800,3804.67
1741856400,3821.60
1741860000,3825.17
1741863600,3826.47
1741867200,3847.95
1741870800,3832.64
1741874400,3827.10
1741878000,3808.15
1741881600,3833.31
1741885200,3883.13
1741888800,3846.31
1741892400,3861.23
1741896000,3838.11
1741899600,3829.73
1741903200,3866.26
1741906800,3817.38
1741910400,3802.82
1741914000,3791.62
1741917600,3778.86
1741921200,3795.55
1741924800,3840.76
1741928400,3888.20
1741932000,3928.98
1741935600,3915.17
1741939200,3940.47
1741942800,3911.03
1741946400,3958.17
1741950000,3975.93
1741953600,4005.96
1741957200,3991.33
1741960800,3975.96
1741964400,3975.06
1741968000,3998.86
1741971600,4007.16
1741975200,3996.44
1741978800,3987.32
1741982400,4008.26
1741986000,3969.42
1741989600,3973.27
1741993200,3940.13
1741996800,3960.48
1742000400,4002.54
1742004000,4035.43
1742007600,4039.41
1742011200,4034.07
1742014800,4023.81
1742018400,4012.16
1742022000,3992.15
1742025600,3959.09
1742029200,3921.52
1742032800,3911.08
1742036400,3928.84
1742040000,3932.84
1742043600,3982.76
1742047200,3990.27
1742050800,3978.79
1742054400,3986.28
1742058000,4025.23
1742061600,4067.27
1742065200,4077.84
1742068800,4111.30
1742072400,4128.52
1742076000,4047.92
1742079600,4062.97
1742083200,4039.56
1742086800,3980.92
1742090400,3960.75
1742094000,4000.21
1742097600,4022.67
1742101200,4040.93
1742104800,4020.95
1742108400,4037.87
1742112000,3998.51
1742115600,4009.75
1742119200,3967.99
1742122800,3972.78
1742126400,3966.35
1742130000,3963.68
1742133600,3922.13
1742137200,3922.53
1742140800,3961.09
1742144400,3964.04
1742148000,3935.52
1742151600,3959.87
1742155200,4037.02
1742158800,4076.10
1742162400,4080.99
1742166000,4080.96
1742169600,4045.27
1742173200,4052.62
1742176800,4023.18
1742180400,4008.33
1742184000,3978.80
1742187600,3977.30
1742191200,3982.78
1742194800,3957.02
1742198400,3974.84
1742202000,3965.57
1742205600,3977.26
1742209200,3969.93
1742212800,3949.84
1742216400,3966.90
1742220000,3954.34
1742223600,3887.43
1742227200,3890.72
1742230800,3893.42
1742234400,3892.47
1742238000,3898.15
1742241600,3928.23
1742245200,3952.63
1742248800,3960.02
1742252400,3973.66
1742256000,3963.11
1742259600,3973.48
1742263200,3928.07
1742266800,3921.64
1742270400,3966.70
1742274000,3958.89
1742277600,3943.61
1742281200,3960.13
1742284800,3924.34
1742288400,3923.52
1742292000,3935.78
1742295600,3944.37
1742299200,3936.49
1742302800,3944.39
1742306400,3942.66
1742310000,3945.68
1742313600,3951.36
1742317200,3929.81
1742320800,3995.83
1742324400,3982.44
1742328000,4004.50
1742331600,3998.17
1742335200,4005.29
1742338800,4040.78
1742342400,4046.30
1742346000,4078.26
1742349600,4044.96
1742353200,4055.80
1742356800,4090.93
1742360400,4092.99
1742364000,4075.54
1742367600,4022.30
1742371200,3981.72
1742374800,4009.32
1742378400,4021.28
1742382000,4034.72
1742385600,4002.97
1742389200,3993.24
1742392800,3922.09
1742396400,3968.50
1742400000,3936.02
1742403600,3908.35
1742407200,3926.93
1742410800,3943.41
1742414400,3973.91
1742418000,3992.39
1742421600,3955.57
1742425200,3945.78
1742428800,3918.46
1742432400,3897.53
1742436000,3922.02
1742439600,3952.48
1742443200,3927.47
1742446800,3904.91
1742450400,3865.70
1742454000,3904.42
1742457600,3907.83
1742461200,3906.30
1742464800,3885.25
1742468400,3885.53
1742472000,3881.72
1742475600,3893.62
1742479200,3877.06
1742482800,3891.93
1742486400,3893.55
1742490000,3901.90
1742493600,3864.21
1742497200,3869.99
1742500800,3870.84
1742504400,3886.87
1742508000,3917.41
1742511600,3943.29
1742515200,3994.79
1742518800,3986.25
1742522400,4003.13
1742526000,4030.77
1742529600,3992.42
1742533200,3976.67
1742536800,3957.33
1742540400,3937.41
1742544000,3938.21
1742547600,3908.28
1742551200,3866.50
1742554800,3862.38
1742558400,3857.56
1742562000,3835.55
1742565600,3832.25
1742569200,3820.37
1742572800,3841.61
1742576400,3821.62
1742580000,3800.03
1742583600,3788.78
1742587200,3797.24
1742590800,3784.86
1742594400,3840.17
1742598000,3818.46
1742601600,3805.61
1742605200,3800.60
1742608800,3804.54
1742612400,3814.78
1742616000,3804.56
1742619600,3793.72
1742623200,3761.05
1742626800,3793.18
1742630400,3794.30
1742634000,3810.93
1742637600,3815.68
1742641200,3808.47
1742644800,3828.75
1742648400,3861.36
1742652000,3814.01
1742655600,3813.36
1742659200,3821.17
1742662800,3840.56
1742666400,3852.05
1742670000,3844.59
1742673600,3888.73
1742677200,3890.93
1742680800,3878.30
1742684400,3887.53
1742688000,3876.87
1742691600,3874.24
1742695200,3826.42
1742698800,3855.82
1742702400,3904.68
1742706000,3951.45
1742709600,3971.64
1742713200,3964.76
1742716800,4042.16
1742720400,4027.03
1742724000,3972.06
1742727600,3960.37
1742731200,3956.87
1742734800,3868.84
1742738400,3852.01
1742742000,3887.62
1742745600,3867.27
1742749200,3823.15
1742752800,3827.44
1742756400,3809.07
1742760000,3818.70
1742763600,3851.04
1742767200,3842.69
1742770800,3834.04
1742774400,3867.80
1742778000,3866.24
1742781600,3846.49
1742785200,3857.04
1742788800,3839.29
1742792400,3906.54
1742796000,3892.77
1742799600,3953.23
1742803200,3953.70
1742806800,3968.94
1742810400,3951.89
1742814000,3934.77
1742817600,3940.99
1742821200,3972.99
1742824800,4010.22
1742828400,3972.36
1742832000,3977.67
1742835600,3981.22
1742839200,3970.72
1742842800,3988.58
1742846400,3999.26
1742850000,4000.12
1742853600,3983.98
1742857200,3953.43
1742860800,3909.10
1742864400,3909.46
1742868000,3912.14
1742871600,3894.47
1742875200,3922.25
1742878800,3922.26
1742882400,3905.46
1742886000,3867.98
1742889600,3914.46
1742893200,3889.76
1742896800,3940.60
1742900400,3982.70
1742904000,3953.55
1742907600,3980.45
1742911200,3956.55
1742914800,3970.22
1742918400,3946.41
1742922000,3946.01
1742925600,3999.55
1742929200,3994.65
1742932800,4006.84
1742936400,3982.03
1742940000,3994.94
1742943600,3981.78
1742947200,3981.65
1742950800,4019.43
1742954400,3999.22
1742958000,3989.35
1742961600,4040.14
1742965200,4018.55
1742968800,3994.83
1742972400,3987.03
1742976000,4048.44
1742979600,4027.95
1742983200,4041.08
1742986800,4029.46
1742990400,4027.88
1742994000,4015.80
1742997600,3962.08
1743001200,3959.82
1743004800,4028.81
1743008400,4044.21
1743012000,4055.66
1743015600,4047.20
1743019200,4060.72
1743022800,4044.68
1743026400,4021.24
1743030000,4021.62
1743033600,4018.49
1743037200,4047.26
1743040800,4069.12
1743044400,4077.62
1743048000,4090.93
1743051600,4086.51
1743055200,4087.58
1743058800,4055.01
1743062400,4089.71
1743066000,4112.66
1743069600,4106.42
1743073200,4092.01
1743076800,4081.38
1743080400,4070.30
1743084000,4006.73
1743087600,4055.97
1743091200,4080.89
1743094800,4096.26
1743098400,4062.47
1743102000,4050.11
1743105600,4005.01
1743109200,3993.54
1743112800,3978.35
1743116400,3991.65
1743120000,4017.87
1743123600,4032.97
1743127200,4043.03
1743130800,4061.66
1743134400,4058.22
1743138000,4075.34
1743141600,4074.07
1743145200,4107.98
1743148800,4108.40
1743152400,4059.07
1743156000,4016.32
1743159600,4018.02
1743163200,4014.06
1743166800,4072.49
1743170400,4085.31
1743174000,4082.23
1743177600,4049.81
1743181200,4029.98
1743184800,4036.42
1743188400,3993.91
1743192000,4010.13
1743195600,4014.87
1743199200,4005.68
1743202800,3946.09
1743206400,3964.67
1743210000,3956.33
1743213600,4020.27
1743217200,3975.47
1743220800,3949.42
1743224400,3934.98
1743228000,3952.53
1743231600,3918.86
1743235200,3901.43
1743238800,3898.54
1743242400,3894.93
1743246000,3839.06
1743249600,3848.89
1743253200,3833.86
1743256800,3855.14
1743260400,3865.22
1743264000,3902.78
1743267600,3914.83
1743271200,3923.12
1743274800,3902.57
1743278400,3946.47
1743282000,3943.90
1743285600,3949.56
1743289200,3968.22
1743292800,4018.04
1743296400,4024.09
1743300000,4009.44
1743303600,4025.77
1743307200,4014.43
1743310800,4021.07
1743314400,4010.35
1743318000,3998.50
1743321600,3988.97
1743325200,3970.03
1743328800,4020.65
1743332400,4024.21
1743336000,4045.86
1743339600,4054.74
1743343200,4117.40
1743346800,4106.38
1743350400,4096.03
1743354000,4068.70
1743357600,4045.71
1743361200,4070.20
1743364800,4087.36
1743368400,4061.11
1743372000,4056.19
1743375600,4042.21
1743379200,4037.17
1743382800,4078.80
1743386400,4063.10
1743390000,4049.53
1743393600,4054.39
1743397200,4053.27
1743400800,4056.63
1743404400,4063.17
1743408000,4055.77
1743411600,4036.02
1743415200,4042.50
1743418800,4084.12
1743422400,4096.16
1743426000,4103.89
1743429600,4115.74
1743433200,4080.36
1743436800,4108.16
1743440400,4134.45
1743444000,4166.36
1743447600,4196.26
1743451200,4190.68
1743454800,4166.58
1743458400,4157.21
1743462000,4166.85
1743465600,4172.26
1743469200,4208.65
1743472800,4168.88
1743476400,4179.46
1743480000,4128.96
1743483600,4134.18
1743487200,4136.19
1743490800,4198.07
1743494400,4230.20
1743498000,4170.71
1743501600,4224.34
1743505200,4164.07
1743508800,4192.17
1743512400,4179.53
1743516000,4171.08
1743519600,4122.16
1743523200,4141.38
1743526800,4132.78
1743530400,4155.31
1743534000,4124.00
1743537600,4106.98
1743541200,4152.54
1743544800,4124.69
1743548400,4152.29
1743552000,4148.48
1743555600,4172.31
1743559200,4186.71
1743562800,4220.48
1743566400,4186.71
1743570000,4210.84
1743573600,4260.89
1743577200,4273.32
1743580800,4225.74
1743584400,4229.80
1743588000,4216.31
1743591600,4227.58
1743595200,4238.83
1743598800,4195.73
1743602400,4226.22
1743606000,4207.69
1743609600,4191.00
1743613200,4175.95
1743616800,4212.46
1743620400,4247.47
1743624000,4248.87
1743627600,4225.41
1743631200,4181.09
1743634800,4124.69
1743638400,4144.87
1743642000,4138.81
1743645600,4173.64
1743649200,4218.41
1743652800,4214.49
1743656400,4181.07
1743660000,4167.50
1743663600,4156.02
1743667200,4156.19
1743670800,4140.98
1743674400,4099.83
1743678000,4106.28
1743681600,4123.19
1743685200,4084.92
1743688800,4137.38
1743692400,4110.88
1743696000,4095.12
1743699600,4083.40
1743703200,4110.78
1743706800,4122.98
1743710400,4140.05
1743714000,4156.65
1743717600,4144.16
1743721200,4197.76
1743724800,4200.35
1743728400,4225.31
1743732000,4250.95
1743735600,4291.98
1743739200,4316.44
1743742800,4324.94
1743746400,4330.02
1743750000,4367.05
1743753600,4358.99
1743757200,4360.58
1743760800,4347.14
1743764400,4411.77
1743768000,4430.56
1743771600,4481.31
1743775200,4526.30
1743778800,4542.31
1743782400,4585.56
1743786000,4607.23
1743789600,4599.66
1743793200,4596.11
1743796800,4554.91
1743800400,4541.39
1743804000,4539.50
1743807600,4557.48
1743811200,4550.65
1743814800,4569.60
1743818400,4539.87
1743822000,4540.69
1743825600,4560.24
1743829200,4579.80
1743832800,4584.22
1743836400,4581.98
1743840000,4571.62
1743843600,4574.91
1743847200,4574.61
1743850800,4600.46
1743854400,4565.74
1743858000,4527.03
1743861600,4525.94
1743865200,4490.42
1743868800,4458.61
1743872400,4492.60
1743876000,4459.34
1743879600,4451.95
1743883200,4488.01
1743886800,4510.81
1743890400,4495.26
1743894000,4559.14
1743897600,4562.20
1743901200,4566.13
1743904800,4529.26
1743908400,4487.76
1743912000,4441.91
1743915600,4404.82
1743919200,4403.75
1743922800,4385.94
1743926400,4336.48
1743930000,4375.68
1743933600,4365.58
1743937200,4433.39
1743940800,4428.11
1743944400,4455.13
1743948000,4451.87
1743951600,4460.45
1743955200,4440.39
1743958800,4420.99
1743962400,4421.49
1743966000,4446.88
1743969600,4454.48
1743973200,4450.98
1743976800,4464.88
1743980400,4457.10
1743984000,4490.16
1743987600,4512.41
1743991200,4497.80
1743994800,4494.28
1743998400,4501.14
1744002000,4521.96
1744005600,4509.84
1744009200,4523.64
1744012800,4482.49
1744016400,4491.37
1744020000,4513.35
1744023600,4489.92
1744027200,4457.48
1744030800,4475.45
1744034400,4490.86
1744038000,4458.57
1744041600,4429.66
1744045200,4411.49
1744048800,4411.99
1744052400,4374.47
1744056000,4395.99
1744059600,4398.41
1744063200,4466.67
1744066800,4519.02
1744070400,4564.14
1744074000,4559.03
1744077600,4606.29
1744081200,4618.02
1744084800,4528.46
1744088400,4452.27
1744092000,4459.83
1744095600,4468.66
1744099200,4435.59
1744102800,4500.88
1744106400,4468.01
1744110000,4519.82
1744113600,4520.44
1744117200,4517.98
1744120800,4464.88
1744124400,4467.36
1744128000,4502.71
1744131600,4527.82
1744135200,4494.39
1744138800,4553.21
1744142400,4549.27
1744146000,4469.82
1744149600,4437.99
1744153200,4467.83
1744156800,4539.97
1744160400,4537.28
1744164000,4581.09
1744167600,4572.60
1744171200,4599.58
1744174800,4617.74
1744178400,4612.20
1744182000,4559.20
1744185600,4553.11
1744189200,4530.49
1744192800,4536.49
1744196400,4545.29
1744200000,4576.82
1744203600,4587.19
1744207200,4586.54
1744210800,4546.60
1744214400,4550.98
1744218000,4553.64
1744221600,4580.49
1744225200,4547.53
1744228800,4550.58
1744232400,4587.11
1744236000,4609.77
1744239600,4640.30
1744243200,4637.41
1744246800,4675.98
1744250400,4666.26
1744254000,4675.73
1744257600,4665.60
1744261200,4698.64
1744264800,4686.78
1744268400,4717.01
1744272000,4711.00
1744275600,4715.32
1744279200,4743.27
1744282800,4716.26
1744286400,4707.94
1744290000,4688.11
1744293600,4639.65
1744297200,4640.06
1744300800,4640.06
1744304400,4655.14
1744308000,4665.10
1744311600,4652.78
1744315200,4677.33
1744318800,4633.80
1744322400,4693.47
1744326000,4604.47
1744329600,4595.76
1744333200,4605.01
1744336800,4602.14
1744340400,4645.45
1744344000,4639.16
1744347600,4603.80
1744351200,4596.06
1744354800,4624.46
1744358400,4586.95
1744362000,4606.18
1744365600,4595.47
1744369200,4627.14
1744372800,4634.08
1744376400,4603.07
1744380000,4608.69
1744383600,4635.42
1744387200,4628.69
1744390800,4645.03
1744394400,4656.20
1744398000,4682.35
1744401600,4704.84
1744405200,4688.29
1744408800,4725.57
1744412400,4705.22
1744416000,4710.74
1744419600,4675.40
1744423200,4751.08
1744426800,4748.61
1744430400,4772.17
1744434000,4749.99
1744437600,4733.09
1744441200,4701.85
1744444800,4722.93
1744448400,4705.90
1744452000,4681.79
1744455600,4623.98
1744459200,4586.06
1744462800,4581.05
1744466400,4615.91
1744470000,4653.87
1744473600,4623.76
1744477200,4632.03
1744480800,4614.82
1744484400,4602.83
1744488000,4610.41
1744491600,4597.05
1744495200,4578.57
1744498800,4586.07
1744502400,4595.92
1744506000,4559.79
1744509600,4532.28
1744513200,4560.41
1744516800,4506.08
1744520400,4552.95
1744524000,4565.66
1744527600,4578.89
1744531200,4602.30
1744534800,4602.99
1744538400,4618.69
1744542000,4615.96
1744545600,4556.80
1744549200,4545.19
1744552800,4546.46
1744556400,4561.13
1744560000,4561.26
1744563600,4548.45
1744567200,4547.98
1744570800,4508.74
1744574400,4504.79
1744578000,4475.49
1744581600,4447.60
1744585200,4448.13
1744588800,4434.75
1744592400,4472.39
1744596000,4438.48
1744599600,4444.59
1744603200,4460.63
1744606800,4463.83
1744610400,4422.04
1744614000,4404.16
1744617600,4396.23
1744621200,4367.97
1744624800,4393.94
1744628400,4390.95
1744632000,4362.65
1744635600,4373.10
1744639200,4420.24
1744642800,4436.26
1744646400,4432.50
1744650000,4403.57
1744653600,4413.03
1744657200,4453.20
1744660800,4462.04
1744664400,4498.23
1744668000,4565.07
1744671600,4532.24
1744675200,4579.37
1744678800,4561.96
1744682400,4556.92
1744686000,4548.89
1744689600,4544.29
1744693200,4563.27
1744696800,4515.67
1744700400,4475.75
1744704000,4453.89
1744707600,4441.37
1744711200,4435.98
1744714800,4372.38
1744718400,4408.81
1744722000,4414.80
1744725600,4450.72
1744729200,4532.19
1744732800,4571.61
1744736400,4618.43
1744740000,4618.13
1744743600,4611.77
1744747200,4583.40
1744750800,4629.05
1744754400,4628.04
1744758000,4606.52
1744761600,4644.85
1744765200,4613.31
1744768800,4584.75
1744772400,4612.60
1744776000,4597.69
1744779600,4558.05
1744783200,4506.40
1744786800,4528.47
1744790400,4509.99
1744794000,4552.69
1744797600,4516.59
1744801200,4500.50
1744804800,4501.05
1744808400,4569.33
1744812000,4524.32
1744815600,4532.65
1744819200,4522.19
1744822800,4560.83
1744826400,4610.03
1744830000,4630.67
1744833600,4611.24
1744837200,4606.58
1744840800,4611.59
1744844400,4674.58
1744848000,4657.07
1744851600,4676.71
1744855200,4671.38
1744858800,4685.17
1744862400,4661.51
1744866000,4671.85
1744869600,4607.94
1744873200,4630.05
1744876800,4606.75
1744880400,4553.26
1744884000,4543.47
1744887600,4520.73
1744891200,4508.13
1744894800,4427.40
1744898400,4422.50
1744902000,4417.14
1744905600,4451.54
1744909200,4439.92
1744912800,4504.60
1744916400,4582.85
1744920000,4630.37
1744923600,4702.07
1744927200,4709.57
1744930800,4761.54
1744934400,4741.29
1744938000,4774.07
1744941600,4750.72
1744945200,4780.25
1744948800,4757.31
1744952400,4747.51
1744956000,4738.56
1744959600,4728.24
1744963200,4773.13
1744966800,4777.02
1744970400,4793.71
1744974000,4759.50
1744977600,4791.55
1744981200,4790.15
1744984800,4783.27
1744988400,4759.31
1744992000,4789.54
1744995600,4805.89
1744999200,4873.93
1745002800,4805.27
1745006400,4833.39
1745010000,4772.56
1745013600,4696.00
1745017200,4626.87
1745020800,4678.71
1745024400,4674.08
1745028000,4708.27
1745031600,4654.45
1745035200,4662.50
1745038800,4670.03
1745042400,4674.56
1745046000,4747.79
1745049600,4838.84
1745053200,4867.44
1745056800,4871.58
1745060400,4875.80
1745064000,4855.93
1745067600,4829.91
1745071200,4848.09
1745074800,4828.05
1745078400,4786.21
1745082000,4725.47
1745085600,4729.90
1745089200,4743.19
1745092800,4697.55
1745096400,4750.76
1745100000,4800.70
1745103600,4791.63
1745107200,4787.56
1745110800,4765.60
1745114400,4775.29
1745118000,4742.03
1745121600,4676.44
1745125200,4671.07
1745128800,4630.84
1745132400,4630.84
1745136000,4669.17
1745139600,4596.50
1745143200,4574.85
1745146800,4533.80
1745150400,4580.26
1745154000,4571.85
1745157600,4525.03
1745161200,4532.48
1745164800,4551.26
1745168400,4566.14
1745172000,4585.35
1745175600,4618.36
1745179200,4673.68
1745182800,4653.00
1745186400,4594.77
1745190000,4534.66
1745193600,4565.19
1745197200,4574.61
1745200800,4569.58
1745204400,4482.97
1745208000,4537.37
1745211600,4571.63
1745215200,4557.31
1745218800,4528.37
1745222400,4551.08
1745226000,4572.04
1745229600,4554.21
1745233200,4548.68
1745236800,4531.38
1745240400,4546.92
1745244000,4526.51
1745247600,4584.60
1745251200,4614.33
1745254800,4632.87
1745258400,4588.05
1745262000,4603.17
1745265600,4640.11
1745269200,4603.46
1745272800,4574.48
1745276400,4628.45
1745280000,4646.57
1745283600,4636.56
1745287200,4677.93
1745290800,4727.37
1745294400,4711.94
1745298000,4804.35
1745301600,4766.01
1745305200,4786.46
1745308800,4757.86
1745312400,4728.26
1745316000,4742.01
1745319600,4790.27
1745323200,4787.54
1745326800,4819.85
1745330400,4851.20
1745334000,4875.59
1745337600,4951.11
1745341200,5012.33
1745344800,5047.29
1745348400,5049.99
1745352000,5072.88
1745355600,5070.38
1745359200,5042.88
1745362800,5037.75
1745366400,5017.45
1745370000,4961.97
1745373600,4932.71
1745377200,4953.63
1745380800,4909.57
1745384400,4951.86
1745388000,4947.14
1745391600,4927.03
1745395200,4973.64
1745398800,4901.78
1745402400,4922.13
1745406000,4908.03
1745409600,4886.92
1745413200,4920.60
1745416800,4925.07
1745420400,4919.48
1745424000,5007.51
1745427600,5024.49
1745431200,5066.33
1745434800,5092.52
1745438400,5102.04
1745442000,5092.29
1745445600,5093.30
1745449200,5090.20
1745452800,5039.33
1745456400,5101.52
1745460000,5143.43
1745463600,5096.80
1745467200,5054.76
1745470800,5064.36
1745474400,5067.62
1745478000,5065.71
1745481600,5098.35
1745485200,5133.44
1745488800,5193.92
1745492400,5182.80
1745496000,5192.29
1745499600,5209.06
1745503200,5203.70
1745506800,5175.72
1745510400,5149.14
1745514000,5175.83
1745517600,5203.45
1745521200,5163.05
1745524800,5204.07
1745528400,5216.42
1745532000,5263.20
1745535600,5297.67
1745539200,5242.38
1745542800,5251.19
1745546400,5249.24
1745550000,5279.67
1745553600,5274.06
1745557200,5224.84
1745560800,5243.08
1745564400,5249.66
1745568000,5304.86
1745571600,5205.50
1745575200,5215.78
1745578800,5218.73
1745582400,5206.86
1745586000,5232.44
1745589600,5248.51
1745593200,5226.88
1745596800,5214.80
1745600400,5239.68
1745604000,5266.22
1745607600,5295.64
1745611200,5340.13
1745614800,5341.83
1745618400,5347.79
1745622000,5307.76
1745625600,5312.96
1745629200,5307.28
1745632800,5359.33
1745636400,5326.15
1745640000,5371.41
1745643600,5408.77
1745647200,5477.65
1745650800,5422.87
1745654400,5441.14
1745658000,5482.81
1745661600,5503.93
1745665200,5484.45
1745668800,5428.98
1745672400,5435.20
1745676000,5451.16
1745679600,5456.41
1745683200,5469.85
1745686800,5398.62
1745690400,5430.53
1745694000,5445.37
1745697600,5496.91
1745701200,5446.03
1745704800,5444.27
1745708400,5531.69
1745712000,5528.98
1745715600,5489.06
1745719200,5474.66
1745722800,5485.67
1745726400,5433.91
1745730000,5430.98
1745733600,5401.73
1745737200,5452.38
1745740800,5441.57
1745744400,5435.02
1745748000,5454.57
1745751600,5429.62
1745755200,5414.52
1745758800,5371.87
1745762400,5400.70
1745766000,5404.82
1745769600,5375.41
1745773200,5342.47
1745776800,5366.63
1745780400,5388.07
1745784000,5381.28
1745787600,5448.40
1745791200,5466.05
1745794800,5467.33
1745798400,5492.57
1745802000,5498.42
1745805600,5554.20
1745809200,5599.94
1745812800,5654.26
1745816400,5687.51
1745820000,5663.12
1745823600,5699.63
1745827200,5675.08
1745830800,5697.01
1745834400,5701.93
1745838000,5734.53
1745841600,5704.33
1745845200,5656.11
1745848800,5643.63
1745852400,5689.86
1745856000,5657.97
1745859600,5691.50
1745863200,5658.77
1745866800,5612.60
1745870400,5659.70
1745874000,5558.60
1745877600,5531.98
1745881200,5526.97
1745884800,5480.12
1745888400,5490.66
1745892000,5466.85
1745895600,5476.96
1745899200,5478.73
1745902800,5518.03
1745906400,5502.10
1745910000,5472.35
1745913600,5554.14
1745917200,5554.13
1745920800,5531.20
1745924400,5538.90
1745928000,5533.05
1745931600,5504.29
1745935200,5540.59
1745938800,5534.27
1745942400,5538.49
1745946000,5596.35
1745949600,5617.17
1745953200,5630.43
1745956800,5623.61
1745960400,5609.37
1745964000,5620.33
1745967600,5595.42
1745971200,5570.70
1745974800,5580.94
1745978400,5550.58
1745982000,5443.67
1745985600,5492.31
1745989200,5447.45
1745992800,5447.45
1745996400,5447.97
1746000000,5498.49
1746003600,5522.68
1746007200,5531.09
1746010800,5511.65
1746014400,5584.32
1746018000,5596.40
1746021600,5583.48
1746025200,5659.57
1746028800,5692.99
1746032400,5647.25
1746036000,5607.94
1746039600,5644.24
1746043200,5657.40
1746046800,5591.39
1746050400,5597.59
1746054000,5602.29
1746057600,5622.08
1746061200,5556.52
1746064800,5533.64
1746068400,5608.30
1746072000,5548.89
1746075600,5592.70
1746079200,5568.57
1746082800,5520.47
1746086400,5468.47
1746090000,5463.60
1746093600,5541.98
1746097200,5520.12
1746100800,5429.88
1746104400,5476.39
1746108000,5470.00
1746111600,5496.54
1746115200,5489.55
1746118800,5575.30
1746122400,5505.36
1746126000,5536.30
1746129600,5555.75
1746133200,5576.66
1746136800,5574.61
1746140400,5597.74
1746144000,5594.16
1746147600,5613.13
1746151200,5629.63
1746154800,5598.30
1746158400,5568.52
1746162000,5547.58
1746165600,5535.19
1746169200,5491.62
1746172800,5464.43
1746176400,5453.60
1746180000,5476.83
1746183600,5522.38
1746187200,5505.93
1746190800,5496.04
1746194400,5484.39
1746198000,5555.86
1746201600,5488.29
1746205200,5465.17
1746208800,5429.87
1746212400,5497.19
1746216000,5494.34
1746219600,5521.47
1746223200,5529.89
1746226800,5575.15
1746230400,5580.99
1746234000,5548.25
1746237600,5598.11
1746241200,5582.62
1746244800,5609.78
1746248400,5616.97
1746252000,5606.84
1746255600,5653.67
1746259200,5669.59
1746262800,5625.72
1746266400,5617.90
1746270000,5647.04
1746273600,5613.24
1746277200,5620.63
1746280800,5549.19
1746284400,5605.32
1746288000,5662.18
1746291600,5601.97
1746295200,5615.38
1746298800,5592.51
1746302400,5534.13
1746306000,5477.17
1746309600,5491.68
1746313200,5464.11
1746316800,5401.66
1746320400,5436.75
1746324000,5430.25
1746327600,5424.43
1746331200,5420.84
1746334800,5449.06
1746338400,5450.95
1746342000,5438.14
1746345600,5488.45
1746349200,5369.40
1746352800,5320.44
1746356400,5351.92
1746360000,5378.03
1746363600,5341.58
1746367200,5370.70
1746370800,5327.37
1746374400,5312.53
1746378000,5315.72
1746381600,5312.48
1746385200,5381.22
1746388800,5411.65
1746392400,5386.06
1746396000,5414.59
1746399600,5390.20
1746403200,5413.30
1746406800,5394.31
1746410400,5413.72
1746414000,5440.79
1746417600,5421.82
1746421200,5426.31
1746424800,5466.92
1746428400,5363.90
1746432000,5374.07
1746435600,5420.85
1746439200,5421.82
1746442800,5372.85
1746446400,5342.50
1746450000,5297.05
1746453600,5273.68
1746457200,5237.16
1746460800,5259.77
1746464400,5207.48
1746468000,5194.43
1746471600,5227.12
1746475200,5190.38
1746478800,5127.01
1746482400,5142.70
1746486000,5123.77
1746489600,5112.11
1746493200,5123.38
1746496800,5092.05
1746500400,5186.23
1746504000,5139.40
1746507600,5146.43
1746511200,5162.48
1746514800,5109.45
1746518400,5105.03
1746522000,5063.02
1746525600,5103.41
1746529200,5171.87
1746532800,5139.35
1746536400,5137.13
1746540000,5172.37
1746543600,5167.74
1746547200,5202.64
1746550800,5246.74
1746554400,5262.72
1746558000,5221.00
1746561600,5238.66
1746565200,5176.29
1746568800,5179.80
1746572400,5205.25
1746576000,5217.85
1746579600,5201.21
1746583200,5187.94
1746586800,5237.89
1746590400,5290.45
1746594000,5320.12
1746597600,5233.47
1746601200,5256.19
1746604800,5262.85
1746608400,5244.36
1746612000,5252.26
1746615600,5183.64
1746619200,5218.43
1746622800,5210.43
1746626400,5260.74
1746630000,5280.79
1746633600,5245.64
1746637200,5272.50
1746640800,5366.99
1746644400,5359.43
1746648000,5316.87
1746651600,5294.44
1746655200,5275.90
1746658800,5224.28
1746662400,5277.62
1746666000,5261.82
1746669600,5282.48
1746673200,5250.31
1746676800,5264.75
1746680400,5206.72
1746684000,5203.65
1746687600,5189.69
1746691200,5157.97
1746694800,5161.90
1746698400,5239.07
1746702000,5202.53
1746705600,5205.10
1746709200,5215.93
1746712800,5240.07
1746716400,5188.53
1746720000,5234.23
1746723600,5195.18
1746727200,5157.82
1746730800,5187.62
1746734400,5236.66
1746738000,5263.70
1746741600,5212.41
1746745200,5259.43
1746748800,5230.37
1746752400,5244.23
1746756000,5253.57
1746759600,5266.07
1746763200,5300.06
1746766800,5344.80
1746770400,5398.27
1746774000,5421.46
1746777600,5460.57
1746781200,5438.41
1746784800,5415.54
1746788400,5431.84
1746792000,5509.02
1746795600,5542.53
1746799200,5535.63
1746802800,5501.09
1746806400,5514.39
1746810000,5524.83
1746813600,5553.41
1746817200,5539.04
1746820800,5573.21
1746824400,5597.83
1746828000,5645.60
1746831600,5609.57
1746835200,5656.83
1746838800,5626.56
1746842400,5613.55
1746846000,5572.12
1746849600,5558.78
1746853200,5596.64
1746856800,5564.88
1746860400,5580.47
1746864000,5636.48
1746867600,5573.37
1746871200,5557.75
1746874800,5574.06
1746878400,5620.80
1746882000,5583.66
1746885600,5675.52
1746889200,5647.51
1746892800,5706.26
1746896400,5745.24
1746900000,5781.72
1746903600,5656.84
1746907200,5659.86
1746910800,5645.40
1746914400,5612.26
1746918000,5671.88
1746921600,5652.45
1746925200,5730.36
1746928800,5746.76
1746932400,5719.50
1746936000,5686.14
1746939600,5707.21
1746943200,5767.51
1746946800,5795.60
1746950400,5782.37
1746954000,5835.34
1746957600,5746.26
1746961200,5815.32
1746964800,5853.12
1746968400,5879.81
1746972000,5899.14
1746975600,5867.50
1746979200,5832.72
1746982800,5766.18
1746986400,5805.95
1746990000,5854.35
1746993600,5904.49
1746997200,5890.57
1747000800,5891.35
1747004400,5855.60
1747008000,5848.63
1747011600,5900.25
1747015200,5904.69
1747018800,5902.21
1747022400,5867.26
1747026000,5884.03
1747029600,5918.51
1747033200,5903.26
1747036800,5923.44
1747040400,5998.92
1747044000,6021.12
1747047600,6110.62
1747051200,6154.38
1747054800,6209.85
1747058400,6237.30
1747062000,6268.29
1747065600,6202.10
1747069200,6158.75
1747072800,6186.81
1747076400,6180.40
1747080000,6174.39
1747083600,6139.85
1747087200,6151.35
1747090800,6046.48
1747094400,5969.00
1747098000,6004.17
1747101600,6033.53
1747105200,6027.40
1747108800,6024.34
1747112400,6015.78
1747116000,6000.54
1747119600,6015.03
1747123200,6030.69
1747126800,6015.10
1747130400,6051.82
1747134000,6103.19
1747137600,6110.97
1747141200,6133.27
1747144800,6168.45
1747148400,6117.66
1747152000,6134.19
1747155600,6071.39
1747159200,5995.94
1747162800,5970.30
1747166400,5991.57
1747170000,5961.43
1747173600,5984.18
1747177200,6089.14
1747180800,6094.64
1747184400,6125.88
1747188000,6109.43
1747191600,6137.62
1747195200,6178.74
1747198800,6176.26
1747202400,6146.17
1747206000,6125.29
1747209600,6110.76
1747213200,6147.48
1747216800,6145.93
1747220400,6176.56
1747224000,6129.29
1747227600,6124.29
1747231200,6133.74
1747234800,6106.69
1747238400,6114.14
1747242000,6041.61
1747245600,5989.75
1747249200,6047.45
1747252800,6010.26
1747256400,5932.30
1747260000,5949.12
1747263600,5924.06
1747267200,5974.45
1747270800,6052.66
1747274400,6092.29
1747278000,6149.31
1747281600,6060.38
1747285200,6075.96
1747288800,6050.02
1747292400,6058.85
1747296000,5989.80
1747299600,6017.59
1747303200,6032.57
1747306800,6017.01
1747310400,6022.24
1747314000,6020.43
1747317600,5981.81
1747321200,5990.22
1747324800,5969.37
1747328400,5987.27
1747332000,6037.51
1747335600,6044.18
1747339200,6020.89
1747342800,6055.83
1747346400,6122.88
1747350000,6136.78
1747353600,6063.46
1747357200,6016.47
1747360800,6041.67
1747364400,5955.61
1747368000,5964.30
1747371600,5954.23
1747375200,5957.66
1747378800,5953.01
1747382400,5984.54
1747386000,5946.36
1747389600,5981.72
1747393200,5927.25
1747396800,5924.46
1747400400,5905.51
1747404000,5902.29
1747407600,5926.08
1747411200,5942.24
1747414800,5968.90
1747418400,5949.10
1747422000,5986.33
1747425600,5967.11
1747429200,5970.11
1747432800,5945.47
1747436400,5981.56
1747440000,6011.39
1747443600,5993.66
1747447200,6009.64
1747450800,5944.01
1747454400,5938.95
1747458000,5928.87
1747461600,5947.37
1747465200,5930.86
1747468800,5956.48
1747472400,5950.31
1747476000,5936.81
1747479600,5980.27
1747483200,5985.42
1747486800,5953.44
1747490400,5998.67
1747494000,6104.82
1747497600,6102.84
1747501200,6100.54
1747504800,6046.30
1747508400,5976.17
1747512000,6045.53
1747515600,5987.93
1747519200,5974.29
1747522800,6025.85
1747526400,5977.48
1747530000,5942.10
1747533600,5920.39
1747537200,5958.15
1747540800,5989.14
1747544400,5947.42
1747548000,5977.79
1747551600,6022.76
1747555200,6042.19
1747558800,6019.77
1747562400,6039.66
1747566000,6043.74
1747569600,6152.61
1747573200,6124.72
1747576800,6151.54
1747580400,6127.59
1747584000,6090.22
1747587600,6038.16
1747591200,6043.83
1747594800,6029.68
1747598400,5993.95
1747602000,5934.76
1747605600,5922.73
1747609200,5931.06
1747612800,5967.44
1747616400,6001.62
1747620000,6041.41
1747623600,6007.46
1747627200,6017.40
1747630800,5998.91
1747634400,5955.85
1747638000,5968.68
1747641600,5959.70
1747645200,5940.80
1747648800,5893.41
1747652400,5849.15
1747656000,5816.65
1747659600,5877.35
1747663200,5814.23
1747666800,5804.25
1747670400,5815.48
1747674000,5855.57
1747677600,5865.78
1747681200,5826.30
1747684800,5864.34
1747688400,5848.73
1747692000,5874.14
1747695600,5824.05
1747699200,5762.57
1747702800,5777.92
1747706400,5781.42
1747710000,5797.72
1747713600,5745.79
1747717200,5755.03
1747720800,5789.93
1747724400,5765.92
1747728000,5776.22
1747731600,5748.78
1747735200,5821.61
1747738800,5783.82
1747742400,5763.74
1747746000,5696.99
1747749600,5707.28
1747753200,5645.39
1747756800,5696.97
1747760400,5674.37
1747764000,5632.34
1747767600,5706.80
1747771200,5656.33
1747774800,5687.20
1747778400,5659.11
1747782000,5624.44
1747785600,5586.65
1747789200,5574.67
1747792800,5539.54
1747796400,5571.07
1747800000,5544.92
1747803600,5537.27
1747807200,5575.05
1747810800,5695.77
1747814400,5768.84
1747818000,5719.62
1747821600,5743.47
1747825200,5635.73
1747828800,5652.78
1747832400,5646.33
1747836000,5622.66
1747839600,5579.53
1747843200,5567.05
1747846800,5585.96
1747850400,5603.68
1747854000,5603.44
1747857600,5606.10
1747861200,5601.48
1747864800,5589.18
1747868400,5563.70
1747872000,5582.17
1747875600,5598.66
1747879200,5617.02
1747882800,5577.08
1747886400,5615.68
1747890000,5592.35
1747893600,5615.38
1747897200,5648.09
1747900800,5657.11
1747904400,5645.25
1747908000,5686.73
1747911600,5678.94
1747915200,5635.39
1747918800,5609.24
1747922400,5575.57
1747926000,5659.22
1747929600,5711.75
1747933200,5666.18
1747936800,5599.56
1747940400,5645.40
1747944000,5666.41
1747947600,5717.30
1747951200,5715.51
1747954800,5716.97
1747958400,5698.54
1747962000,5651.46
1747965600,5680.13
1747969200,5659.46
1747972800,5699.38
1747976400,5724.66
1747980000,5703.95
1747983600,5680.03
1747987200,5652.70
1747990800,5612.98
1747994400,5699.30
1747998000,5693.31
1748001600,5695.90
1748005200,5694.30
1748008800,5663.18
1748012400,5648.98
1748016000,5591.58
1748019600,5589.83
1748023200,5569.00
1748026800,5571.25
1748030400,5632.77
1748034000,5634.20
1748037600,5657.49
1748041200,5656.41
1748044800,5693.98
1748048400,5732.09
1748052000,5722.40
1748055600,5755.04
1748059200,5723.90
1748062800,5696.50
1748066400,5698.45
1748070000,5727.79
1748073600,5729.42
1748077200,5717.10
1748080800,5671.06
1748084400,5552.35
1748088000,5527.24
1748091600,5510.18
1748095200,5566.41
1748098800,5632.22
1748102400,5620.19
1748106000,5641.17
1748109600,5628.49
1748113200,5593.22
1748116800,5562.01
1748120400,5562.57
1748124000,5539.72
1748127600,5524.35
1748131200,5572.28
1748134800,5605.71
1748138400,5564.31
1748142000,5463.72
1748145600,5450.96
1748149200,5468.31
1748152800,5431.84
1748156400,5439.63
1748160000,5429.95
1748163600,5488.56
1748167200,5504.17
1748170800,5474.61
1748174400,5454.83
1748178000,5440.59
1748181600,5442.95
1748185200,5418.55
1748188800,5440.78
1748192400,5485.05
1748196000,5470.68
1748199600,5481.82
1748203200,5500.22
1748206800,5476.41
1748210400,5432.02
1748214000,5374.76
1748217600,5406.50
1748221200,5386.04
1748224800,5453.82
1748228400,5527.31
1748232000,5570.68
1748235600,5591.80
1748239200,5545.81
1748242800,5563.19
1748246400,5573.78
1748250000,5575.74
1748253600,5600.11
1748257200,5615.47
1748260800,5616.08
1748264400,5573.17
1748268000,5548.79
1748271600,5573.11
1748275200,5653.92
1748278800,5626.00
1748282400,5608.85
1748286000,5641.62
1748289600,5628.17
1748293200,5580.42
1748296800,5604.36
1748300400,5614.59
1748304000,5612.02
1748307600,5637.94
1748311200,5649.19
1748314800,5632.16
1748318400,5593.70
1748322000,5606.63
1748325600,5624.55
1748329200,5612.04
1748332800,5661.23
1748336400,5587.69
1748340000,5582.85
1748343600,5565.19
1748347200,5584.47
1748350800,5587.39
1748354400,5583.13
1748358000,5595.17
1748361600,5571.92
1748365200,5559.52
1748368800,5559.39
1748372400,5619.73
1748376000,5656.57
1748379600,5676.31
1748383200,5637.70
1748386800,5629.07
1748390400,5664.95
1748394000,5608.07
1748397600,5572.66
1748401200,5544.68
1748404800,5488.37
1748408400,5486.76
1748412000,5466.31
1748415600,5463.39
1748419200,5446.58
1748422800,5440.20
1748426400,5390.14
1748430000,5407.02
1748433600,5430.77
1748437200,5438.13
1748440800,5408.95
1748444400,5326.44
1748448000,5300.77
1748451600,5273.42
1748455200,5292.64
1748458800,5305.71
1748462400,5350.10
1748466000,5367.42
1748469600,5332.04
1748473200,5335.64
1748476800,5284.49
1748480400,5204.07
1748484000,5138.93
1748487600,5155.83
1748491200,5148.48
1748494800,5081.72
1748498400,5020.52
1748502000,5043.83
1748505600,4962.79
1748509200,4879.49
1748512800,4873.96
1748516400,4948.00
1748520000,4949.70
1748523600,4913.66
1748527200,4938.78
1748530800,4997.40
1748534400,5006.54
1748538000,4984.58
1748541600,5021.24
1748545200,5018.39
1748548800,5090.47
1748552400,5142.21
1748556000,5118.96
1748559600,5124.76
1748563200,5192.91
1748566800,5215.73
1748570400,5270.00
1748574000,5297.12
1748577600,5293.69
1748581200,5352.55
1748584800,5364.49
1748588400,5325.37
1748592000,5326.11
1748595600,5332.72
1748599200,5353.87
1748602800,5361.84
1748606400,5361.06
1748610000,5348.73
1748613600,5356.32
1748617200,5254.79
1748620800,5274.32
1748624400,5225.59
1748628000,5183.68
1748631600,5211.45
1748635200,5285.96
1748638800,5313.74
1748642400,5307.22
1748646000,5315.44
1748649600,5382.13
1748653200,5423.32
1748656800,5427.72
1748660400,5394.32
1748664000,5430.67
1748667600,5367.33
1748671200,5359.60
1748674800,5374.55
1748678400,5390.35
1748682000,5419.58
1748685600,5367.24
1748689200,5384.37
1748692800,5466.95
1748696400,5470.13
1748700000,5488.52
1748703600,5508.16
1748707200,5474.56
1748710800,5478.47
1748714400,5502.04
1748718000,5512.08
1748721600,5440.11
1748725200,5512.18
1748728800,5544.87
1748732400,5565.09
1748736000,5586.07
1748739600,5600.62
1748743200,5647.89
1748746800,5640.43
1748750400,5631.71
1748754000,5645.47
1748757600,5651.33
1748761200,5591.82
1748764800,5592.66
1748768400,5642.38
1748772000,5597.38
1748775600,5599.25
1748779200,5615.34
1748782800,5659.28
1748786400,5673.92
1748790000,5672.49
1748793600,5661.29
1748797200,5646.13
1748800800,5582.35
1748804400,5571.33
1748808000,5548.53
1748811600,5585.29
1748815200,5612.15
1748818800,5624.77
1748822400,5651.59
1748826000,5637.10
1748829600,5622.48
1748833200,5650.76
1748836800,5661.69
1748840400,5735.53
1748844000,5711.83
1748847600,5761.47
1748851200,5794.71
1748854800,5766.25
1748858400,5863.08
1748862000,5877.66
1748865600,5886.07
1748869200,5833.67
1748872800,5786.36
1748876400,5811.65
1748880000,5820.88
1748883600,5781.65
1748887200,5788.82
1748890800,5768.57
1748894400,5757.50
1748898000,5747.15
1748901600,5757.18
1748905200,5766.16
1748908800,5746.02
1748912400,5690.24
1748916000,5624.27
1748919600,5615.30
1748923200,5725.02
1748926800,5708.18
1748930400,5808.09
1748934000,5779.47
1748937600,5817.34
1748941200,5782.87
1748944800,5724.29
1748948400,5690.02
1748952000,5724.12
1748955600,5676.34
1748959200,5666.14
1748962800,5670.10
1748966400,5650.50
1748970000,5668.13
1748973600,5674.45
1748977200,5712.74
1748980800,5668.53
1748984400,5682.11
1748988000,5647.72
1748991600,5635.13
1748995200,5595.32
1748998800,5533.46
1749002400,5510.19
1749006000,5480.98
1749009600,5502.78
1749013200,5403.90
1749016800,5394.58
1749020400,5344.59
1749024000,5347.73
1749027600,5301.70
1749031200,5280.83
1749034800,5324.51
1749038400,5351.28
1749042000,5350.93
1749045600,5333.37
1749049200,5285.50
1749052800,5251.47
1749056400,5170.25
1749060000,5187.74
1749063600,5153.38
1749067200,5123.20
1749070800,5152.72
1749074400,5239.26
1749078000,5210.89
1749081600,5130.58
1749085200,5158.11
1749088800,5137.71
1749092400,5141.29
1749096000,5143.15
1749099600,5087.17
1749103200,5084.85
1749106800,5135.82
1749110400,5126.10
1749114000,5132.43
1749117600,5120.08
1749121200,5108.54
1749124800,5145.92
1749128400,5074.38
1749132000,4995.21
1749135600,4974.66
1749139200,4956.22
1749142800,4965.92
1749146400,4941.72
1749150000,4913.82
1749153600,4895.78
1749157200,4899.18
1749160800,4947.94
1749164400,5031.58
1749168000,4987.00
1749171600,4996.33
1749175200,4988.02
1749178800,4979.00
1749182400,4969.25
1749186000,4932.79
1749189600,4901.81
1749193200,4944.12
1749196800,4978.50
1749200400,5028.73
1749204000,5037.83
1749207600,5062.27
1749211200,5007.75
1749214800,5028.99
1749218400,5084.41
1749222000,5051.93
1749225600,5027.06
1749229200,4965.56
1749232800,4930.85
1749236400,4867.80
1749240000,4873.63
1749243600,4884.19
1749247200,4912.34
1749250800,4928.98
1749254400,4896.89
1749258000,4885.28
1749261600,4886.60
1749265200,4910.33
1749268800,4944.97
1749272400,4903.33
1749276000,4903.13
1749279600,4926.28
1749283200,4904.36
1749286800,4904.66
1749290400,4824.99
1749294000,4850.42
1749297600,4865.07
1749301200,4868.03
1749304800,4848.86
1749308400,4844.07
1749312000,4832.34
1749315600,4847.76
1749319200,4794.83
1749322800,4820.58
1749326400,4794.35
1749330000,4808.25
1749333600,4829.68
1749337200,4854.54
1749340800,4797.50
1749344400,4746.21
1749348000,4799.65
1749351600,4795.24
1749355200,4828.18
1749358800,4861.02
1749362400,4871.45
1749366000,4848.76
1749369600,4823.60
1749373200,4799.85
1749376800,4794.73
1749380400,4796.78
1749384000,4804.98
1749387600,4840.61
1749391200,4869.84
1749394800,4868.36
1749398400,4890.16
1749402000,4925.50
1749405600,4886.21
1749409200,4874.53
1749412800,4839.64
1749416400,4893.12
1749420000,4908.62
1749423600,4929.83
1749427200,4980.05
1749430800,4968.83
1749434400,4934.49
1749438000,4905.84
1749441600,4966.91
1749445200,4997.39
1749448800,4979.81
1749452400,4996.63
1749456000,4961.72
1749459600,4971.85
1749463200,4932.53
1749466800,4929.65
1749470400,4917.52
1749474000,4870.60
1749477600,4881.42
1749481200,4902.13
1749484800,4866.22
1749488400,4862.85
1749492000,4847.19
1749495600,4862.27
1749499200,4808.44
1749502800,4838.60
1749506400,4839.79
1749510000,4866.42
1749513600,4899.55
1749517200,4904.62
1749520800,4851.92
1749524400,4947.54
1749528000,4970.12
1749531600,4930.24
1749535200,4946.99
1749538800,4958.17
1749542400,5009.16
1749546000,5037.67
1749549600,5065.59
1749553200,5113.32
1749556800,5113.65
1749560400,5057.08
1749564000,5036.09
1749567600,5001.47
1749571200,4949.56
1749574800,4955.71
1749578400,4921.44
1749582000,4900.17
1749585600,4952.71
1749589200,4958.36
1749592800,4975.30
1749596400,4982.03
1749600000,5040.90
1749603600,5092.21
1749607200,5047.18
1749610800,4959.86
1749614400,4954.15
1749618000,4942.37
1749621600,4919.73
1749625200,4937.97
1749628800,4944.10
1749632400,4942.70
1749636000,4987.60
1749639600,5037.54
1749643200,4965.75
1749646800,4916.52
1749650400,4823.64
1749654000,4795.96
1749657600,4789.54
1749661200,4782.71
1749664800,4738.48
1749668400,4779.98
1749672000,4783.17
1749675600,4783.11
1749679200,4781.22
1749682800,4827.80
1749686400,4848.32
1749690000,4830.26
1749693600,4826.27
1749697200,4817.70
1749700800,4840.42
1749704400,4849.48
1749708000,4837.57
1749711600,4783.98
1749715200,4811.08
1749718800,4835.52
1749722400,4830.62
1749726000,4781.67
1749729600,4820.03
1749733200,4861.18
1749736800,4901.70
1749740400,4923.67
1749744000,4970.78
1749747600,4913.72
1749751200,4917.16
1749754800,4902.60
1749758400,4908.69
1749762000,4979.15
1749765600,5000.28
1749769200,5047.92
1749772800,5062.08
1749776400,5037.79
1749780000,4968.58
1749783600,4912.16
1749787200,4905.88
1749790800,4942.67
1749794400,4884.83
1749798000,4897.59
1749801600,4843.95
1749805200,4798.51
1749808800,4774.29
1749812400,4795.36
1749816000,4797.95
1749819600,4779.70
1749823200,4736.27
1749826800,4733.53
1749830400,4812.87
1749834000,4863.42
1749837600,4888.60
1749841200,4894.92
1749844800,4934.36
1749848400,4949.98
1749852000,4979.42
1749855600,4945.52
1749859200,4918.29
1749862800,4917.48
1749866400,4905.93
1749870000,4871.99
1749873600,4809.37
1749877200,4775.55
1749880800,4751.32
1749884400,4779.37
1749888000,4774.56
1749891600,4780.65
1749895200,4810.73
1749898800,4767.89
1749902400,4699.46
1749906000,4703.61
1749909600,4714.83
1749913200,4692.72
1749916800,4712.69
1749920400,4720.58
1749924000,4706.00
1749927600,4638.10
1749931200,4661.47
1749934800,4609.98
1749938400,4659.97
1749942000,4667.53
1749945600,4695.72
1749949200,4746.20
1749952800,4777.10
1749956400,4752.50
1749960000,4767.50
1749963600,4774.77
1749967200,4836.78
1749970800,4803.00
1749974400,4795.08
1749978000,4851.23
1749981600,4855.78
1749985200,4880.57
1749988800,4852.52
1749992400,4880.83
1749996000,4887.23
1749999600,4830.24
1750003200,4902.14
1750006800,4943.34
1750010400,4996.60
1750014000,4949.92
1750017600,5005.18
1750021200,5024.78
1750024800,5067.49
1750028400,5106.64
1750032000,5054.87
1750035600,5083.33
1750039200,5079.21
1750042800,5111.18
1750046400,5141.64
1750050000,5161.10
1750053600,5170.97
1750057200,5076.58
1750060800,5027.37
1750064400,4999.43
1750068000,5072.97
1750071600,5048.56
1750075200,5007.41
1750078800,5004.94
1750082400,4976.17
1750086000,4976.24
1750089600,4992.84
1750093200,4981.94
1750096800,4984.95
1750100400,4981.53
1750104000,4959.10
1750107600,4934.31
1750111200,5007.02
1750114800,5027.45
1750118400,5003.13
1750122000,5016.65
1750125600,4998.00
1750129200,4988.13
1750132800,5032.90
1750136400,5027.76
1750140000,5082.24
1750143600,5068.11
1750147200,5051.73
1750150800,4994.20
1750154400,4953.29
1750158000,4968.96
1750161600,4940.67
1750165200,4974.94
1750168800,4997.87
1750172400,5038.09
1750176000,5052.48
1750179600,5066.45
1750183200,5050.22
1750186800,5087.86
1750190400,5042.50
1750194000,4988.97
1750197600,4950.79
1750201200,4927.01
1750204800,4893.24
1750208400,4909.08
1750212000,4886.06
1750215600,4930.23
1750219200,4944.51
1750222800,4909.44
1750226400,4861.29
1750230000,4867.27
1750233600,4907.23
1750237200,4902.62
1750240800,4926.99
1750244400,4927.02
1750248000,4971.94
1750251600,5002.52
1750255200,5002.80
1750258800,5057.86
1750262400,5017.02
1750266000,5058.77
1750269600,5103.08
1750273200,5085.02
1750276800,5162.32
1750280400,5120.29
1750284000,5090.65
1750287600,5070.72
1750291200,5037.31
1750294800,4959.98
1750298400,4972.94
1750302000,4998.47
1750305600,5007.11
1750309200,5011.64
1750312800,5012.21
1750316400,5040.33
1750320000,4983.01
1750323600,5013.62
1750327200,4980.24
1750330800,5005.46
1750334400,5089.68
1750338000,5060.83
1750341600,5104.78
1750345200,5132.77
1750348800,5100.37
1750352400,5067.08
1750356000,5089.50
1750359600,5034.80
1750363200,5057.17
1750366800,5116.12
1750370400,5069.89
1750374000,5054.16
1750377600,5055.19
1750381200,5055.26
1750384800,5031.62
1750388400,5041.92
1750392000,5038.03
1750395600,5026.90
1750399200,5005.11
1750402800,4992.79
1750406400,5047.07
1750410000,5006.44
1750413600,5033.38
1750417200,5030.81
1750420800,5070.28
1750424400,5066.18
1750428000,5104.42
1750431600,5089.05
1750435200,5085.72
1750438800,5097.10
1750442400,5086.21
1750446000,5095.41
1750449600,5043.25
1750453200,5011.83
1750456800,4968.15
1750460400,4997.26
1750464000,5013.26
1750467600,5070.78
1750471200,5120.35
1750474800,5030.62
1750478400,5030.94
1750482000,4981.68
1750485600,4953.81
1750489200,4978.43
1750492800,4921.60
1750496400,4886.27
1750500000,4928.32
1750503600,4919.38
1750507200,4958.94
1750510800,4927.55
1750514400,4913.19
1750518000,4937.79
1750521600,4946.23
1750525200,4956.57
1750528800,4953.57
1750532400,4944.52
1750536000,4950.58
1750539600,4950.69
1750543200,4939.48
1750546800,4911.81
1750550400,4855.66
1750554000,4884.53
1750557600,4913.98
1750561200,4936.56
1750564800,4959.86
1750568400,4987.39
1750572000,4991.00
1750575600,4985.24
1750579200,4963.23
1750582800,4961.23
1750586400,4969.82
1750590000,4940.13
1750593600,4887.12
1750597200,4857.32
1750600800,4825.09
1750604400,4899.64
1750608000,4917.05
1750611600,4928.27
1750615200,4935.53
1750618800,4935.75
1750622400,4935.47
1750626000,5006.27
1750629600,4946.41
1750633200,4941.62
1750636800,4949.59
1750640400,4938.41
1750644000,4981.88
1750647600,4978.29
1750651200,5007.45
1750654800,5045.10
1750658400,5054.57
1750662000,5086.26
1750665600,5123.90
1750669200,5095.56
1750672800,5140.10
1750676400,5167.39
1750680000,5229.19
1750683600,5178.89
1750687200,5102.86
1750690800,5108.34
1750694400,5082.84
1750698000,5085.16
1750701600,5094.64
1750705200,5064.96
1750708800,5042.50
1750712400,5075.85
1750716000,5120.67
1750719600,5127.82
1750723200,5100.56
1750726800,5071.72
1750730400,5051.14
1750734000,5039.99
1750737600,4998.88
1750741200,4939.11
1750744800,4952.43
1750748400,4979.23
1750752000,4967.42
1750755600,4948.05
1750759200,4914.49
1750762800,4904.19
1750766400,4900.32
1750770000,4978.06
1750773600,4958.73
1750777200,4961.06
1750780800,4950.93
1750784400,4961.16
1750788000,4952.85
1750791600,4949.17
1750795200,4937.42
1750798800,4917.93
1750802400,4900.30
1750806000,4969.54
1750809600,4917.30
1750813200,4918.07
1750816800,4913.24
1750820400,4908.15
1750824000,4883.39
1750827600,4861.84
1750831200,4867.96
1750834800,4794.17
1750838400,4819.91
1750842000,4838.71
1750845600,4898.51
1750849200,4900.03
1750852800,4903.23
1750856400,4860.60
1750860000,4860.73
1750863600,4810.64
1750867200,4755.11
1750870800,4800.42
1750874400,4787.30
1750878000,4757.43
1750881600,4764.36
1750885200,4742.31
1750888800,4759.72
1750892400,4779.06
1750896000,4752.39
1750899600,4728.87
1750903200,4731.42
1750906800,4770.71
1750910400,4750.22
1750914000,4754.80
1750917600,4755.32
1750921200,4768.04
1750924800,4793.14
1750928400,4813.21
1750932000,4791.64
1750935600,4823.63
1750939200,4821.38
1750942800,4836.35
1750946400,4856.19
1750950000,4925.04
1750953600,4968.92
1750957200,5012.81
1750960800,4995.73
1750964400,4965.11
1750968000,4947.78
1750971600,4984.40
1750975200,4973.22
1750978800,5016.03
1750982400,5016.49
1750986000,5037.93
1750989600,5063.40
1750993200,5023.28
1750996800,5025.36
1751000400,5059.13
1751004000,5078.44
1751007600,5139.72
1751011200,5193.65
1751014800,5231.58
1751018400,5248.96
1751022000,5233.48
1751025600,5250.72
1751029200,5273.55
1751032800,5280.66
1751036400,5310.34
1751040000,5356.12
1751043600,5339.17
1751047200,5322.88
1751050800,5335.19
1751054400,5350.53
1751058000,5335.52
1751061600,5460.86
1751065200,5389.55
1751068800,5412.68
1751072400,5388.44
1751076000,5407.66
1751079600,5408.98
1751083200,5487.60
1751086800,5500.53
1751090400,5487.14
1751094000,5456.78
1751097600,5446.91
1751101200,5375.94
1751104800,5359.60
1751108400,5403.08
1751112000,5339.99
1751115600,5387.06
1751119200,5406.91
1751122800,5386.30
1751126400,5444.49
1751130000,5462.92
1751133600,5426.21
1751137200,5434.55
1751140800,5423.03
1751144400,5449.38
1751148000,5487.37
1751151600,5503.22
1751155200,5546.91
1751158800,5552.16
1751162400,5606.52
1751166000,5600.90
1751169600,5561.36
1751173200,5558.36
1751176800,5602.45
1751180400,5564.49
1751184000,5563.11
1751187600,5516.04
1751191200,5541.39
1751194800,5597.18
1751198400,5600.77
1751202000,5610.50
1751205600,5542.86
1751209200,5541.40
1751212800,5519.57
1751216400,5482.77
1751220000,5545.19
1751223600,5537.63
1751227200,5591.39
1751230800,5579.22
1751234400,5610.30
1751238000,5632.59
1751241600,5647.94
1751245200,5663.38
1751248800,5690.36
1751252400,5749.43
1751256000,5710.71
1751259600,5692.80
1751263200,5723.26
1751266800,5653.84
1751270400,5633.23
1751274000,5601.01
1751277600,5573.46
1751281200,5571.27
1751284800,5649.23
1751288400,5630.76
1751292000,5666.24
1751295600,5705.46
1751299200,5724.86
1751302800,5663.33
1751306400,5673.30
1751310000,5679.53
1751313600,5632.32
1751317200,5539.18
1751320800,5494.32
1751324400,5514.36
1751328000,5578.86
1751331600,5565.52
1751335200,5587.62
1751338800,5578.29
1751342400,5592.71
1751346000,5524.89
1751349600,5542.43
1751353200,5571.00
1751356800,5607.55
1751360400,5574.14
1751364000,5543.02
1751367600,5587.57
1751371200,5556.22
1751374800,5570.63
1751378400,5550.23
1751382000,5518.34
1751385600,5480.67
1751389200,5480.04
1751392800,5508.18
1751396400,5553.50
1751400000,5556.68
1751403600,5612.44
1751407200,5643.86
1751410800,5672.64
1751414400,5679.40
1751418000,5680.05
1751421600,5641.81
1751425200,5678.21
1751428800,5693.74
1751432400,5614.44
1751436000,5627.18
1751439600,5682.67
1751443200,5727.05
1751446800,5729.87
1751450400,5739.65
1751454000,5746.60
1751457600,5746.40
1751461200,5770.94
1751464800,5757.02
1751468400,5778.44
1751472000,5758.47
1751475600,5672.13
1751479200,5732.83
1751482800,5726.98
1751486400,5764.14
1751490000,5745.49
1751493600,5779.60
1751497200,5811.43
1751500800,5753.10
1751504400,5743.43
1751508000,5727.97
1751511600,5695.50
1751515200,5632.73
1751518800,5678.14
1751522400,5643.86
1751526000,5645.63
1751529600,5652.76
1751533200,5666.38
1751536800,5624.15
1751540400,5619.33
1751544000,5697.56
1751547600,5725.24
1751551200,5766.82
1751554800,5722.84
1751558400,5687.49
1751562000,5687.75
1751565600,5755.01
1751569200,5745.57
1751572800,5765.36
1751576400,5759.60
1751580000,5763.94
1751583600,5763.00
1751587200,5720.31
1751590800,5650.23
1751594400,5632.03
1751598000,5691.20
1751601600,5694.71
1751605200,5617.59
1751608800,5555.35
1751612400,5572.68
1751616000,5604.30
1751619600,5624.71
1751623200,5637.22
1751626800,5628.75
1751630400,5680.31
1751634000,5697.27
1751637600,5675.93
1751641200,5784.57
1751644800,5744.60
1751648400,5781.84
1751652000,5766.56
1751655600,5781.98
1751659200,5781.51
1751662800,5682.68
1751666400,5688.43
1751670000,5690.41
1751673600,5721.75
1751677200,5686.48
1751680800,5668.75
1751684400,5680.35
1751688000,5690.42
1751691600,5717.77
1751695200,5794.63
1751698800,5844.56
1751702400,5830.12
1751706000,5893.82
1751709600,5871.30
1751713200,5839.75
1751716800,5832.41
1751720400,5786.27
1751724000,5845.57
1751727600,5835.31
1751731200,5889.55
1751734800,5891.64
1751738400,5849.94
1751742000,5819.57
1751745600,5764.50
1751749200,5807.61
1751752800,5839.68
1751756400,5816.13
1751760000,5792.66
1751763600,5791.30
1751767200,5712.49
1751770800,5703.36
1751774400,5694.39
1751778000,5709.89
1751781600,5633.07
1751785200,5632.09
1751788800,5625.20
1751792400,5617.50
1751796000,5543.56
1751799600,5533.29
1751803200,5593.09
1751806800,5611.04
1751810400,5587.48
1751814000,5593.42
1751817600,5603.56
1751821200,5619.15
1751824800,5599.22
1751828400,5502.01
1751832000,5426.32
1751835600,5412.55
1751839200,5444.09
1751842800,5442.47
1751846400,5391.18
1751850000,5390.49
1751853600,5410.16
1751857200,5417.39
1751860800,5399.02
1751864400,5367.82
1751868000,5325.89
1751871600,5317.92
1751875200,5281.90
1751878800,5253.22
1751882400,5258.54
1751886000,5266.74
1751889600,5244.98
1751893200,5271.48
1751896800,5266.36
1751900400,5227.44
1751904000,5216.74
1751907600,5196.03
1751911200,5197.65
1751914800,5174.81
1751918400,5188.82
1751922000,5226.52
1751925600,5233.05
1751929200,5219.43
1751932800,5215.39
1751936400,5212.13
1751940000,5224.41
1751943600,5252.26
1751947200,5287.62
1751950800,5276.85
1751954400,5252.71
1751958000,5225.45
1751961600,5233.36
1751965200,5263.96
1751968800,5242.14
1751972400,5269.12
1751976000,5287.35
1751979600,5256.49
1751983200,5253.50
1751986800,5278.81
1751990400,5226.29
1751994000,5211.04
1751997600,5261.22
1752001200,5261.10
1752004800,5282.19
1752008400,5325.85
1752012000,5322.91
1752015600,5334.81
1752019200,5272.91
1752022800,5295.26
1752026400,5203.76
1752030000,5206.33
1752033600,5217.95
1752037200,5233.44
1752040800,5230.55
1752044400,5231.21
1752048000,5253.76
1752051600,5280.16
1752055200,5238.73
1752058800,5190.96
1752062400,5254.96
1752066000,5254.84
1752069600,5263.66
1752073200,5252.30
1752076800,5247.61
1752080400,5347.28
1752084000,5344.27
1752087600,5355.79
1752091200,5307.42
1752094800,5270.81
1752098400,5288.94
1752102000,5300.94
1752105600,5349.53
1752109200,5318.33
1752112800,5392.47
1752116400,5302.21
1752120000,5235.00
1752123600,5218.26
1752127200,5154.12
1752130800,5175.09
1752134400,5184.04
1752138000,5173.18
1752141600,5168.04
1752145200,5117.64
1752148800,5088.32
1752152400,5009.51
1752156000,5047.39
1752159600,4999.28
1752163200,4998.87
1752166800,4906.62
1752170400,4890.49
1752174000,4951.97
1752177600,4916.59
1752181200,4911.90
1752184800,4960.27
1752188400,4958.02
1752192000,4975.40
1752195600,4919.42
1752199200,4893.18
1752202800,4887.06
1752206400,4858.94
1752210000,4802.62
1752213600,4767.33
1752217200,4760.14
1752220800,4713.77
1752224400,4714.98
1752228000,4668.25
1752231600,4654.24
1752235200,4644.12
1752238800,4698.13
1752242400,4722.57
1752246000,4781.18
1752249600,4744.61
1752253200,4695.59
1752256800,4656.52
1752260400,4638.09
1752264000,4639.93
1752267600,4687.62
1752271200,4754.98
1752274800,4725.18
1752278400,4701.66
1752282000,4699.52
1752285600,4719.04
1752289200,4722.45
1752292800,4680.62
1752296400,4702.92
1752300000,4722.62
1752303600,4748.62
1752307200,4769.67
1752310800,4791.54
1752314400,4786.85
1752318000,4785.45
1752321600,4817.66
1752325200,4773.16
1752328800,4735.20
1752332400,4715.64
1752336000,4709.24
1752339600,4666.90
1752343200,4644.43
1752346800,4599.63
1752350400,4573.69
1752354000,4587.65
1752357600,4579.32
1752361200,4609.35
1752364800,4628.08
1752368400,4571.25
1752372000,4593.59
1752375600,4597.22
1752379200,4628.23
1752382800,4598.42
1752386400,4619.29
1752390000,4584.24
1752393600,4649.50
1752397200,4613.76
1752400800,4638.42
1752404400,4682.25
1752408000,4688.38
1752411600,4736.12
1752415200,4740.16
1752418800,4758.96
1752422400,4705.40
1752426000,4719.00
1752429600,4772.93
1752433200,4763.05
1752436800,4789.27
1752440400,4825.38
1752444000,4835.39
1752447600,4830.82
1752451200,4784.76
1752454800,4809.72
1752458400,4864.95
1752462000,4917.54
1752465600,4939.13
1752469200,4920.39
1752472800,4986.31
1752476400,4989.63
1752480000,4996.30
1752483600,5006.92
1752487200,5024.58
1752490800,5068.01
1752494400,5013.56
1752498000,5029.59
1752501600,4943.32
1752505200,4978.02
1752508800,5010.12
1752512400,4962.06
1752516000,4940.86
1752519600,4882.12
1752523200,4874.74
1752526800,4908.47
1752530400,4914.70
1752534000,4865.11
1752537600,4843.70
1752541200,4872.53
1752544800,4878.08
1752548400,4829.33
1752552000,4859.34
1752555600,4784.53
1752559200,4796.58
1752562800,4785.18
1752566400,4773.96
1752570000,4787.44
1752573600,4784.14
1752577200,4831.43
1752580800,4776.30
1752584400,4771.14
1752588000,4818.82
1752591600,4824.48
1752595200,4805.41
1752598800,4784.75
1752602400,4773.54
1752606000,4764.07
1752609600,4757.47
1752613200,4776.63
1752616800,4721.12
1752620400,4702.53
1752624000,4764.28
1752627600,4833.95
1752631200,4866.91
1752634800,4893.07
1752638400,4859.39
1752642000,4931.43
1752645600,4935.54
1752649200,4909.29
1752652800,4994.90
1752656400,5024.06
1752660000,5107.89
1752663600,5080.82
1752667200,5066.21
1752670800,5128.78
1752674400,5161.64
1752678000,5176.04
1752681600,5259.48
1752685200,5228.89
1752688800,5298.72
1752692400,5352.38
1752696000,5359.18
1752699600,5379.50
1752703200,5379.31
1752706800,5350.48
1752710400,5344.93
1752714000,5355.62
1752717600,5344.14
1752721200,5336.31
1752724800,5376.98
1752728400,5338.13
1752732000,5368.85
1752735600,5380.80
1752739200,5361.26
1752742800,5426.13
1752746400,5451.95
1752750000,5433.52
1752753600,5422.04
1752757200,5430.90
1752760800,5396.40
1752764400,5396.17
1752768000,5367.01
1752771600,5373.01
1752775200,5362.16
1752778800,5324.24
1752782400,5312.42
1752786000,5364.26
1752789600,5319.33
1752793200,5350.12
1752796800,5357.09
1752800400,5347.26
1752804000,5305.53
1752807600,5348.94
1752811200,5296.46
1752814800,5265.32
1752818400,5261.90
1752822000,5241.52
1752825600,5287.32
1752829200,5264.85
1752832800,5313.84
1752836400,5298.61
1752840000,5282.81
1752843600,5286.12
1752847200,5330.88
1752850800,5367.73
1752854400,5400.87
1752858000,5418.55
1752861600,5364.51
1752865200,5351.33
1752868800,5382.86
1752872400,5456.84
1752876000,5462.65
1752879600,5494.04
1752883200,5439.43
1752886800,5448.53
1752890400,5441.44
1752894000,5490.63
1752897600,5485.91
1752901200,5477.74
1752904800,5443.20
1752908400,5405.65
1752912000,5397.74
1752915600,5403.57
1752919200,5445.81
1752922800,5429.30
1752926400,5398.93
1752930000,5430.13
1752933600,5414.96
1752937200,5442.43
1752940800,5471.99
1752944400,5445.02
1752948000,5398.24
1752951600,5363.05
1752955200,5391.11
1752958800,5373.37
1752962400,5319.50
1752966000,5324.42
1752969600,5372.63
1752973200,5389.93
1752976800,5407.17
1752980400,5410.90
1752984000,5389.58
1752987600,5422.95
1752991200,5328.15
1752994800,5416.20
1752998400,5356.46
1753002000,5319.82
1753005600,5301.19
1753009200,5297.25
1753012800,5284.16
1753016400,5285.22
1753020000,5319.23
1753023600,5373.31
1753027200,5400.68
1753030800,5399.82
1753034400,5421.22
1753038000,5371.89
1753041600,5397.56
1753045200,5342.83
1753048800,5314.46
1753052400,5294.22
1753056000,5279.90
1753059600,5284.08
1753063200,5280.81
1753066800,5285.05
1753070400,5265.02
1753074000,5271.47
1753077600,5287.39
1753081200,5270.66
1753084800,5276.84
1753088400,5264.52
1753092000,5257.83
1753095600,5248.89
1753099200,5206.79
1753102800,5163.25
1753106400,5183.07
1753110000,5152.54
1753113600,5159.33
1753117200,5128.43
1753120800,5123.83
1753124400,5140.91
1753128000,5135.21
1753131600,5187.76
1753135200,5207.58
1753138800,5256.30
1753142400,5277.88
1753146000,5322.98
1753149600,5243.44
1753153200,5281.17
1753156800,5262.18
1753160400,5284.45
1753164000,5309.42
1753167600,5362.70
1753171200,5270.68
1753174800,5228.66
1753178400,5260.25
1753182000,5207.64
1753185600,5230.56
1753189200,5241.86
1753192800,5314.82
1753196400,5322.53
1753200000,5256.30
1753203600,5243.28
1753207200,5269.49
1753210800,5284.14
1753214400,5307.80
1753218000,5328.57
1753221600,5320.73
1753225200,5283.55
1753228800,5271.61
1753232400,5300.44
1753236000,5300.57
1753239600,5259.63
1753243200,5274.90
1753246800,5260.22
1753250400,5279.04
1753254000,5269.34
1753257600,5232.09
1753261200,5249.80
1753264800,5276.24
1753268400,5255.99
1753272000,5249.41
1753275600,5261.36
1753279200,5233.11
1753282800,5274.62
1753286400,5320.48
1753290000,5347.87
1753293600,5347.40
1753297200,5293.38
1753300800,5332.55
1753304400,5257.62
1753308000,5226.57
1753311600,5220.71
1753315200,5199.27
1753318800,5234.52
1753322400,5251.79
1753326000,5270.92
1753329600,5232.31
1753333200,5252.11
1753336800,5208.78
1753340400,5148.15
1753344000,5119.18
1753347600,5078.67
1753351200,5095.40
1753354800,5130.66
1753358400,5202.82
1753362000,5249.75
1753365600,5232.62
1753369200,5155.55
1753372800,5074.37
1753376400,5098.81
1753380000,5107.31
1753383600,5089.09
1753387200,5046.52
1753390800,5049.48
1753394400,5050.41
1753398000,5076.85
1753401600,5101.21
1753405200,5077.82
1753408800,5101.28
1753412400,5108.83
1753416000,5172.23
1753419600,5099.68
1753423200,5090.36
1753426800,5121.48
1753430400,5148.33
1753434000,5180.82
1753437600,5203.81
1753441200,5198.44
1753444800,5184.58
1753448400,5197.89
1753452000,5184.99
1753455600,5167.54
1753459200,5153.77
1753462800,5171.08
1753466400,5162.01
1753470000,5180.66
1753473600,5218.46
1753477200,5197.98
1753480800,5216.01
1753484400,5145.99
1753488000,5182.47
1753491600,5215.00
1753495200,5221.25
1753498800,5213.02
1753502400,5162.77
1753506000,5149.59
1753509600,5168.02
1753513200,5187.80
1753516800,5189.92
1753520400,5200.83
1753524000,5162.41
1753527600,5208.35
1753531200,5153.81
1753534800,5126.34
1753538400,5123.58
1753542000,5183.36
1753545600,5176.54
1753549200,5171.25
1753552800,5185.18
1753556400,5205.38
1753560000,5184.82
1753563600,5275.11
1753567200,5219.53
1753570800,5174.46
1753574400,5142.08
1753578000,5192.97
1753581600,5211.56
1753585200,5264.14
1753588800,5336.22
1753592400,5349.92
1753596000,5295.53
1753599600,5362.85
1753603200,5339.65
1753606800,5380.36
1753610400,5396.81
1753614000,5413.19
1753617600,5426.10
1753621200,5378.45
1753624800,5418.37
1753628400,5387.59
1753632000,5413.31
1753635600,5453.30
1753639200,5454.14
1753642800,5452.37
1753646400,5431.66
1753650000,5483.51
1753653600,5407.89
1753657200,5440.64
1753660800,5438.93
1753664400,5450.52
1753668000,5411.52
1753671600,5386.33
1753675200,5357.30
1753678800,5449.34
1753682400,5422.19
1753686000,5409.06
1753689600,5446.27
1753693200,5450.59
1753696800,5486.97
1753700400,5423.45
1753704000,5425.39
1753707600,5507.65
1753711200,5463.59
1753714800,5556.15
1753718400,5551.31
1753722000,5512.48
1753725600,5467.84
1753729200,5430.26
1753732800,5411.54
1753736400,5398.42
1753740000,5413.75
1753743600,5395.72
1753747200,5468.00
1753750800,5428.48
1753754400,5407.08
1753758000,5421.00
1753761600,5415.19
1753765200,5392.96
1753768800,5385.60
1753772400,5407.10
1753776000,5457.44
1753779600,5445.07
1753783200,5451.12
1753786800,5426.48
1753790400,5477.89
1753794000,5475.70
1753797600,5462.09
1753801200,5513.81
1753804800,5514.10
1753808400,5470.06
1753812000,5443.47
1753815600,5469.57
1753819200,5511.28
1753822800,5519.92
1753826400,5561.88
1753830000,5538.09
1753833600,5513.87
1753837200,5431.37
1753840800,5475.33
1753844400,5513.56
1753848000,5538.70
1753851600,5540.98
1753855200,5564.51
1753858800,5585.50
1753862400,5601.71
1753866000,5596.62
1753869600,5623.20
1753873200,5663.40
1753876800,5678.54
1753880400,5682.48
1753884000,5663.82
1753887600,5647.03
1753891200,5649.99
1753894800,5617.34
1753898400,5622.44
1753902000,5650.23
1753905600,5654.50
1753909200,5670.89
1753912800,5649.82
1753916400,5652.68
1753920000,5671.97
1753923600,5699.65
1753927200,5702.98
1753930800,5725.54
1753934400,5772.32
1753938000,5808.03
1753941600,5847.56
1753945200,5826.55
1753948800,5792.72
1753952400,5764.31
1753956000,5795.12
1753959600,5781.41
1753963200,5827.77
1753966800,5865.73
1753970400,5875.60
1753974000,5953.30
1753977600,5878.60
1753981200,5868.28
1753984800,5824.67
1753988400,5797.92
1753992000,5815.04
1753995600,5870.55
1753999200,5822.41
1754002800,5799.21
1754006400,5881.17
1754010000,5905.42
1754013600,5960.22
1754017200,6052.78
1754020800,6069.89
1754024400,6106.05
1754028000,6089.69
1754031600,6090.50
1754035200,6092.33
1754038800,6105.76
1754042400,6146.17
1754046000,6165.28
1754049600,6146.95
1754053200,6110.63
1754056800,6017.45
1754060400,5988.62
1754064000,6004.96
1754067600,5952.67
1754071200,5994.17
1754074800,5894.62
1754078400,5839.66
1754082000,5855.37
1754085600,5773.76
1754089200,5759.40
1754092800,5776.52
1754096400,5737.09
1754100000,5715.40
1754103600,5729.92
1754107200,5792.07
1754110800,5822.43
1754114400,5805.03
1754118000,5826.18
1754121600,5887.09
1754125200,5896.82
1754128800,5882.03
1754132400,5866.15
1754136000,5828.66
1754139600,5808.05
1754143200,5783.93
1754146800,5808.02
1754150400,5821.36
1754154000,5858.71
1754157600,5860.67
1754161200,5787.98
1754164800,5876.65
1754168400,5966.48
1754172000,5888.87
1754175600,5954.98
1754179200,5910.77
1754182800,6014.36
1754186400,5999.29
1754190000,6016.27
1754193600,6041.99
1754197200,6115.41
1754200800,6118.23
1754204400,6185.07
1754208000,6181.25
1754211600,6122.30
1754215200,6113.82
1754218800,6126.01
1754222400,6119.55
1754226000,6214.02
1754229600,6291.31
1754233200,6313.67
1754236800,6370.73
1754240400,6327.15
1754244000,6365.33
1754247600,6285.15
1754251200,6243.56
1754254800,6230.54
1754258400,6245.76
1754262000,6227.41
1754265600,6250.71
1754269200,6301.65
1754272800,6362.16
1754276400,6377.54
1754280000,6379.80
1754283600,6341.57
1754287200,6260.82
1754290800,6233.30
1754294400,6261.91
1754298000,6220.34
1754301600,6338.87
1754305200,6320.25
1754308800,6331.64
1754312400,6333.54
1754316000,6339.60
1754319600,6391.21
1754323200,6435.99
1754326800,6487.95
1754330400,6485.82
1754334000,6478.96
1754337600,6524.65
1754341200,6492.43
1754344800,6503.39
1754348400,6519.26
1754352000,6551.80
1754355600,6609.77
1754359200,6650.17
1754362800,6661.54
1754366400,6746.75
1754370000,6764.96
1754373600,6717.03
1754377200,6738.09
1754380800,6634.02
1754384400,6590.26
1754388000,6583.17
1754391600,6559.11
1754395200,6567.39
1754398800,6598.31
1754402400,6595.90
1754406000,6674.46
1754409600,6759.99
1754413200,6775.45
1754416800,6774.23
1754420400,6795.74
1754424000,6822.98
1754427600,6843.42
1754431200,6844.42
1754434800,6852.82
1754438400,6872.98
1754442000,6858.06
1754445600,6894.18
1754449200,6900.93
1754452800,6873.89
1754456400,6871.16
1754460000,6878.99
1754463600,6963.61
1754467200,6888.64
1754470800,6903.65
1754474400,6882.18
1754478000,6935.39
1754481600,6902.69
1754485200,6842.65
1754488800,6827.67
1754492400,6832.82
1754496000,6864.99
1754499600,6833.08
1754503200,6749.23
1754506800,6776.93
1754510400,6763.14
1754514000,6760.77
1754517600,6784.58
1754521200,6783.17
1754524800,6920.80
1754528400,6860.86
1754532000,6851.92
1754535600,6785.16
1754539200,6814.42
1754542800,6825.35
1754546400,6790.88
1754550000,6830.10
1754553600,6877.29
1754557200,6900.48
1754560800,6912.31
1754564400,6936.64
1754568000,7008.67
1754571600,7094.28
1754575200,7141.45
1754578800,7247.36
1754582400,7290.00
1754586000,7307.46
1754589600,7371.57
1754593200,7359.93
1754596800,7364.39
1754600400,7371.80
1754604000,7385.50
1754607600,7452.50
1754611200,7493.34
1754614800,7550.61
1754618400,7510.56
1754622000,7474.36
1754625600,7443.23
1754629200,7444.07
1754632800,7548.24
1754636400,7533.43
1754640000,7486.15
1754643600,7523.79
1754647200,7581.80
1754650800,7541.66
1754654400,7491.36
1754658000,7518.23
1754661600,7497.51
1754665200,7567.40
1754668800,7598.74
1754672400,7597.64
1754676000,7624.95
1754679600,7544.65
1754683200,7528.46
1754686800,7614.93
1754690400,7660.35
1754694000,7777.56
1754697600,7774.55
1754701200,7718.05
1754704800,7642.22
1754708400,7595.98
1754712000,7646.54
1754715600,7652.97
1754719200,7591.97
1754722800,7622.39
1754726400,7666.66
1754730000,7683.85
1754733600,7714.97
1754737200,7709.28
1754740800,7749.69
1754744400,7684.06
1754748000,7695.11
1754751600,7706.90
1754755200,7742.60
1754758800,7767.30
1754762400,7760.13
1754766000,7759.99
1754769600,7776.52
1754773200,7755.25
1754776800,7779.48
1754780400,7796.11
1754784000,7779.73
1754787600,7805.44
1754791200,7892.18
1754794800,7842.75
1754798400,7840.87
1754802000,7821.80
1754805600,7744.63
1754809200,7689.90
1754812800,7697.09
1754816400,7751.90
1754820000,7710.11
1754823600,7762.88
1754827200,7772.16
1754830800,7743.81
1754834400,7735.60
1754838000,7822.75
1754841600,7742.80
1754845200,7634.07
1754848800,7690.93
1754852400,7716.71
1754856000,7792.31
1754859600,7786.07
1754863200,7774.90
1754866800,7788.14
1754870400,7827.74
1754874000,7899.38
1754877600,7946.21
1754881200,8048.61
1754884800,8074.35
1754888400,8069.33
1754892000,8052.00
1754895600,8127.54
1754899200,8177.92
1754902800,8311.75
1754906400,8305.58
1754910000,8404.42
1754913600,8407.15
1754917200,8386.99
1754920800,8378.00
1754924400,8362.69
1754928000,8326.97
1754931600,8303.80
1754935200,8317.02
1754938800,8460.80
1754942400,8516.34
1754946000,8499.02
1754949600,8591.35
1754953200,8558.65
1754956800,8518.09
1754960400,8548.77
1754964000,8688.89
1754967600,8713.55
1754971200,8760.16
1754974800,8869.31
1754978400,8920.72
1754982000,8842.47
1754985600,8847.76
1754989200,8929.68
1754992800,9012.48
1754996400,8993.57
1755000000,8958.67
1755003600,8899.30
1755007200,8883.92
1755010800,8915.04
1755014400,8876.92
1755018000,8930.86
1755021600,8901.81
1755025200,8934.76
1755028800,8903.15
1755032400,8880.13
1755036000,8918.97
1755039600,8906.32
1755043200,8960.00
1755046800,8986.96
1755050400,8978.48
1755054000,8928.07
1755057600,8913.72
1755061200,8840.44
1755064800,8856.34
1755068400,8795.74
1755072000,8830.25
1755075600,8760.50
1755079200,8776.91
1755082800,8728.63
1755086400,8699.23
1755090000,8769.49
1755093600,8779.71
1755097200,8857.30
1755100800,8817.38
1755104400,8874.79
1755108000,8840.78
1755111600,8877.46
1755115200,8838.78
1755118800,8775.81
1755122400,8708.81
1755126000,8763.17
1755129600,8780.03
1755133200,8725.92
1755136800,8876.23
1755140400,8903.86
1755144000,8940.37
1755147600,8883.43
1755151200,8903.53
1755154800,8917.44
1755158400,8879.67
1755162000,8954.89
1755165600,8793.79
1755169200,8724.86
1755172800,8653.12
1755176400,8662.54
1755180000,8720.96
1755183600,8802.85
1755187200,8805.45
1755190800,8808.92
1755194400,8761.02
1755198000,8729.38
1755201600,8699.03
1755205200,8621.00
1755208800,8656.16
1755212400,8619.54
1755216000,8550.50
1755219600,8616.89
1755223200,8589.82
1755226800,8579.08
1755230400,8528.30
1755234000,8509.82
1755237600,8474.22
1755241200,8478.20
1755244800,8465.57
1755248400,8442.11
1755252000,8442.28
1755255600,8547.58
1755259200,8686.72
1755262800,8592.84
1755266400,8513.69
1755270000,8518.72
1755273600,8550.04
1755277200,8538.74
1755280800,8509.67
1755284400,8554.86
1755288000,8494.23
1755291600,8539.91
1755295200,8557.48
1755298800,8487.95
1755302400,8409.07
1755306000,8460.78
1755309600,8460.66
1755313200,8445.39
1755316800,8440.36
1755320400,8367.37
1755324000,8291.07
1755327600,8311.43
1755331200,8218.22
1755334800,8183.05
1755338400,8177.51
1755342000,8160.60
1755345600,8119.80
1755349200,8121.10
1755352800,8112.05
1755356400,8046.52
1755360000,8054.28
1755363600,7921.51
1755367200,7823.87
1755370800,7820.40
1755374400,7835.14
1755378000,7886.87
1755381600,7824.09
1755385200,7792.34
1755388800,7778.83
1755392400,7729.85
1755396000,7841.27
1755399600,7924.97
1755403200,7855.71
1755406800,7840.86
1755410400,7834.26
1755414000,7868.35
1755417600,7815.40
1755421200,7805.16
1755424800,7736.83
1755428400,7710.67
1755432000,7778.79
1755435600,7720.73
1755439200,7742.25
1755442800,7728.18
1755446400,7695.58
1755450000,7745.58
1755453600,7747.72
1755457200,7700.90
1755460800,7694.70
1755464400,7661.11
1755468000,7703.88
1755471600,7703.45
1755475200,7727.93
1755478800,7675.54
1755482400,7711.53
1755486000,7730.42
1755489600,7674.02
1755493200,7733.22
1755496800,7705.80
1755500400,7746.22
1755504000,7782.85
1755507600,7802.95
1755511200,7843.82
1755514800,7805.88
1755518400,7808.24
1755522000,7801.60
1755525600,7852.50
1755529200,7800.52
1755532800,7852.57
1755536400,7828.54
1755540000,7840.83
1755543600,7771.97
1755547200,7781.80
1755550800,7822.01
1755554400,7787.46
1755558000,7775.73
1755561600,7751.83
1755565200,7771.23
1755568800,7847.72
1755572400,7710.11
1755576000,7687.17
1755579600,7613.42
1755583200,7598.18
1755586800,7600.10
1755590400,7607.31
1755594000,7501.90
1755597600,7497.24
1755601200,7538.49
1755604800,7522.68
1755608400,7462.29
1755612000,7516.53
1755615600,7437.16
1755619200,7406.62
1755622800,7357.70
1755626400,7343.84
1755630000,7335.86
1755633600,7360.39
1755637200,7356.52
1755640800,7429.71
1755644400,7376.43
1755648000,7407.17
1755651600,7502.72
1755655200,7605.53
1755658800,7613.56
1755662400,7626.33
1755666000,7736.14
1755669600,7760.98
1755673200,7816.73
1755676800,7848.96
1755680400,7846.22
1755684000,7843.16
1755687600,7767.12
1755691200,7704.47
1755694800,7691.29
1755698400,7677.82
1755702000,7560.01
1755705600,7517.04
1755709200,7463.35
1755712800,7453.02
1755716400,7419.47
1755720000,7410.25
1755723600,7369.71
1755727200,7410.53
1755730800,7373.85
1755734400,7240.56
1755738000,7286.70
1755741600,7310.18
1755745200,7356.57
1755748800,7403.86
1755752400,7441.29
1755756000,7433.59
1755759600,7390.05
1755763200,7432.92
1755766800,7460.99
1755770400,7431.11
1755774000,7334.76
1755777600,7353.48
1755781200,7327.83
1755784800,7264.01
1755788400,7325.48
1755792000,7458.11
1755795600,7530.18
1755799200,7459.09
1755802800,7425.96
1755806400,7428.05
1755810000,7456.78
1755813600,7494.56
1755817200,7484.61
1755820800,7503.58
1755824400,7596.35
1755828000,7558.69
1755831600,7548.42
1755835200,7590.49
1755838800,7594.57
1755842400,7638.76
1755846000,7658.77
1755849600,7730.93
1755853200,7823.78
1755856800,7803.58
1755860400,7853.33
1755864000,7896.88
1755867600,7791.66
1755871200,7815.55
1755874800,7841.34
1755878400,7951.90
1755882000,7922.22
1755885600,7958.95
1755889200,7997.84
1755892800,8038.09
1755896400,7910.29
1755900000,7896.32
1755903600,7864.86
1755907200,7857.32
1755910800,7912.82
1755914400,7920.98
1755918000,7963.56
1755921600,7864.05
1755925200,7787.05
1755928800,7732.19
1755932400,7736.75
1755936000,7742.43
1755939600,7778.49
1755943200,7796.26
1755946800,7860.54
1755950400,7862.53
1755954000,7884.88
1755957600,7967.55
1755961200,7859.80
1755964800,7899.21
1755968400,7966.87
1755972000,7778.59
1755975600,7809.88
1755979200,7788.67
1755982800,7790.64
1755986400,7788.06
1755990000,7846.89
1755993600,7825.39
1755997200,7891.72
1756000800,7871.08
1756004400,7893.68
1756008000,7807.22
1756011600,7849.23
1756015200,7911.25
1756018800,7847.99
1756022400,7815.30
1756026000,7884.28
1756029600,7955.23
1756033200,7975.16
1756036800,8053.39
1756040400,8007.20
1756044000,8046.33
1756047600,8091.23
1756051200,7999.42
1756054800,8035.45
1756058400,7965.44
1756062000,7985.77
1756065600,7927.21
1756069200,7906.15
1756072800,7887.87
1756076400,7874.46
1756080000,7868.01
1756083600,7768.48
1756087200,7758.93
1756090800,7754.82
1756094400,7780.54
1756098000,7721.94
1756101600,7830.24
1756105200,7885.80
1756108800,7852.21
1756112400,7885.92
1756116000,7770.63
1756119600,7745.73
1756123200,7773.60
1756126800,7750.05
1756130400,7793.15
1756134000,7765.40
1756137600,7851.62
1756141200,7743.43
1756144800,7871.13
1756148400,7912.15
1756152000,8013.86
1756155600,8046.15
1756159200,8029.31
1756162800,7978.78
1756166400,7985.63
1756170000,7938.10
1756173600,7974.37
1756177200,7878.90
1756180800,7821.75
1756184400,7834.86
1756188000,7930.81
1756191600,7894.30
1756195200,7867.09
1756198800,7787.38
1756202400,7771.26
1756206000,7801.43
1756209600,7857.53
1756213200,7777.77
1756216800,7739.65
1756220400,7810.62
1756224000,7887.19
1756227600,7889.84
1756231200,7974.88
1756234800,7946.39
1756238400,7954.92
1756242000,7978.83
1756245600,7983.98
1756249200,8018.30
1756252800,7978.62
1756256400,7902.22
1756260000,7997.92
1756263600,8090.96
1756267200,8133.29
1756270800,8144.81
1756274400,8245.26
1756278000,8185.86
1756281600,8319.67
1756285200,8280.89
1756288800,8285.53
1756292400,8327.10
1756296000,8272.12
1756299600,8268.16
1756303200,8360.76
1756306800,8375.27
1756310400,8384.29
1756314000,8388.31
1756317600,8349.95
1756321200,8314.05
1756324800,8327.34
1756328400,8356.55
1756332000,8451.30
1756335600,8409.30
1756339200,8433.92
1756342800,8343.61
1756346400,8263.69
1756350000,8152.14
1756353600,8093.73
1756357200,8017.08
1756360800,8025.03
1756364400,8009.39
1756368000,8058.29
1756371600,8032.63
1756375200,8058.47
1756378800,8084.36
1756382400,8136.08
1756386000,8141.76
1756389600,8160.74
1756393200,8278.95
1756396800,8319.49
1756400400,8239.37
1756404000,8284.51
1756407600,8231.72
1756411200,8261.28
1756414800,8258.55
1756418400,8275.13
1756422000,8217.22
1756425600,8234.71
1756429200,8290.34
1756432800,8284.23
1756436400,8375.73
1756440000,8392.62
1756443600,8428.01
1756447200,8484.85
1756450800,8487.24
1756454400,8550.38
1756458000,8564.71
1756461600,8560.41
1756465200,8547.91
1756468800,8499.83
1756472400,8616.43
1756476000,8662.53
1756479600,8565.66
1756483200,8440.57
1756486800,8361.71
1756490400,8270.80
1756494000,8272.52
1756497600,8249.51
1756501200,8171.79
1756504800,8100.25
1756508400,8192.78
1756512000,8055.74
1756515600,7975.21
1756519200,7992.43
1756522800,7960.58
1756526400,7908.01
1756530000,7909.57
1756533600,7885.42
1756537200,7917.61
1756540800,7946.91
1756544400,7905.73
1756548000,7867.28
1756551600,7924.47
1756555200,7922.14
1756558800,8035.52
1756562400,8010.89
1756566000,8038.81
1756569600,8048.53
1756573200,8090.99
1756576800,8052.76
1756580400,8096.30
1756584000,8068.27
1756587600,8050.90
1756591200,7988.69
1756594800,8069.62
1756598400,8065.28
1756602000,8066.57
1756605600,8047.57
1756609200,8004.17
1756612800,8025.08
1756616400,8033.94
1756620000,8049.26
1756623600,8045.19
1756627200,8037.37
1756630800,8039.26
1756634400,8057.26
1756638000,8031.68
1756641600,8026.15
1756645200,8030.71
1756648800,7973.70
1756652400,7909.97
1756656000,7874.98
1756659600,7960.01
1756663200,8014.28
1756666800,7927.37
1756670400,7895.73
1756674000,8028.29
1756677600,8011.13
1756681200,7986.15
1756684800,7983.24
1756688400,7939.15
1756692000,7884.82
1756695600,7865.41
1756699200,7871.44
1756702800,7895.54
1756706400,7928.97
1756710000,7884.64
1756713600,7828.21
1756717200,7953.34
1756720800,7892.39
1756724400,7900.91
1756728000,7926.17
1756731600,7988.34
1756735200,7923.59
1756738800,8007.56
1756742400,8077.90
1756746000,8113.24
1756749600,8129.38
1756753200,8080.46
1756756800,8095.94
1756760400,8140.16
1756764000,8033.69
1756767600,8025.99
1756771200,7950.00
1756774800,7988.01
1756778400,8007.51
1756782000,7995.70
1756785600,7985.33
1756789200,7900.84
1756792800,7838.22
1756796400,7844.75
1756800000,7832.06
1756803600,7795.26
1756807200,7720.23
1756810800,7659.28
1756814400,7740.54
1756818000,7782.61
1756821600,7767.08
1756825200,7694.73
1756828800,7731.86
1756832400,7819.83
1756836000,7876.70
1756839600,7846.23
1756843200,7807.03
1756846800,7734.44
1756850400,7710.84
1756854000,7755.34
1756857600,7709.09
1756861200,7684.84
1756864800,7622.99
1756868400,7660.15
1756872000,7537.78
1756875600,7545.26
1756879200,7636.23
1756882800,7498.93
1756886400,7595.66
1756890000,7495.78
1756893600,7512.98
1756897200,7416.96
1756900800,7429.47
1756904400,7345.81
1756908000,7353.73
1756911600,7360.58
1756915200,7376.89
1756918800,7352.47
1756922400,7404.74
1756926000,7287.43
1756929600,7368.30
1756933200,7505.55
1756936800,7573.20
1756940400,7537.57
1756944000,7559.31
1756947600,7589.32
1756951200,7455.04
1756954800,7384.85
1756958400,7395.09
1756962000,7456.32
1756965600,7435.39
1756969200,7445.09
1756972800,7405.53
1756976400,7378.15
1756980000,7455.88
1756983600,7427.62
1756987200,7381.64
1756990800,7466.21
1756994400,7401.86
1756998000,7430.72
1757001600,7382.08
1757005200,7369.77
1757008800,7402.21
1757012400,7319.95
1757016000,7371.81
1757019600,7431.33
1757023200,7499.40
1757026800,7515.80
1757030400,7516.28
1757034000,7544.01
1757037600,7550.24
1757041200,7499.00
1757044800,7551.03
1757048400,7566.13
1757052000,7683.84
1757055600,7685.22
1757059200,7527.49
1757062800,7526.71
1757066400,7657.38
1757070000,7584.57
1757073600,7608.33
1757077200,7547.54
1757080800,7505.21
1757084400,7515.73
1757088000,7493.45
1757091600,7339.65
1757095200,7367.86
1757098800,7454.64
1757102400,7503.33
1757106000,7454.45
1757109600,7440.73
1757113200,7456.19
1757116800,7528.36
1757120400,7572.61
1757124000,7568.06
1757127600,7630.57
1757131200,7671.02
1757134800,7642.37
1757138400,7553.65
1757142000,7514.20
1757145600,7503.23
1757149200,7495.71
1757152800,7480.81
1757156400,7403.92
1757160000,7348.79
1757163600,7309.17
1757167200,7432.18
1757170800,7374.43
1757174400,7407.96
1757178000,7412.93
1757181600,7322.81
1757185200,7318.82
1757188800,7330.46
1757192400,7361.15
1757196000,7301.35
1757199600,7290.23
1757203200,7283.16
1757206800,7324.75
1757210400,7352.88
1757214000,7267.33
1757217600,7304.59
1757221200,7220.81
1757224800,7224.32
1757228400,7220.38
1757232000,7227.61
1757235600,7183.48
1757239200,7216.96
1757242800,7208.78
1757246400,7270.39
1757250000,7230.41
1757253600,7276.86
1757257200,7342.97
1757260800,7453.25
1757264400,7496.15
1757268000,7466.89
1757271600,7485.24
1757275200,7521.47
1757278800,7537.75
1757282400,7506.67
1757286000,7531.29
1757289600,7584.08
1757293200,7601.29
1757296800,7596.34
1757300400,7658.16
1757304000,7685.91
1757307600,7599.52
1757311200,7525.71
1757314800,7529.68
1757318400,7478.01
1757322000,7484.95
1757325600,7438.75
1757329200,7394.72
1757332800,7463.41
1757336400,7408.78
1757340000,7415.19
1757343600,7482.01
1757347200,7459.31
1757350800,7475.15
1757354400,7546.77
1757358000,7562.50
1757361600,7607.44
1757365200,7663.88
1757368800,7733.96
1757372400,7777.02
1757376000,7824.29
1757379600,7831.97
1757383200,7796.68
1757386800,7839.67
1757390400,7921.34
1757394000,7918.40
1757397600,7879.23
1757401200,7870.04
1757404800,7770.16
1757408400,7768.26
1757412000,7883.08
1757415600,7902.49
1757419200,7936.64
1757422800,8002.76
1757426400,8031.03
1757430000,8056.88
1757433600,7979.86
1757437200,7992.70
1757440800,8029.70
1757444400,8020.50
1757448000,8168.37
1757451600,8230.69
1757455200,8313.62
1757458800,8353.49
1757462400,8331.84
1757466000,8344.07
1757469600,8188.90
1757473200,8186.02
1757476800,8176.30
1757480400,8103.25
1757484000,8149.63
1757487600,8248.29
1757491200,8173.33
1757494800,8190.33
1757498400,8249.76
1757502000,8314.31
1757505600,8286.83
1757509200,8402.04
1757512800,8406.52
1757516400,8493.92
1757520000,8545.34
1757523600,8521.10
1757527200,8479.22
1757530800,8369.16
1757534400,8241.49
1757538000,8212.92
1757541600,8190.70
1757545200,8238.19
1757548800,8179.79
1757552400,8186.35
1757556000,8279.89
1757559600,8320.66
1757563200,8352.40
1757566800,8297.89
1757570400,8235.41
1757574000,8248.44
1757577600,8355.59
1757581200,8381.00
1757584800,8405.78
1757588400,8431.17
1757592000,8236.87
1757595600,8309.21
1757599200,8388.12
1757602800,8306.56
1757606400,8275.74
1757610000,8282.83
1757613600,8415.19
1757617200,8322.93
1757620800,8253.18
1757624400,8262.15
1757628000,8333.99
1757631600,8374.95
1757635200,8349.90
1757638800,8325.03
1757642400,8361.02
1757646000,8407.68
1757649600,8374.04
1757653200,8365.10
1757656800,8317.24
1757660400,8361.65
1757664000,8318.64
1757667600,8331.27
1757671200,8384.75
1757674800,8406.59
1757678400,8469.52
1757682000,8358.50
1757685600,8369.02
1757689200,8388.98
1757692800,8347.55
1757696400,8481.51
1757700000,8482.02
1757703600,8470.31
1757707200,8542.90
1757710800,8544.73
1757714400,8450.87
1757718000,8511.11
1757721600,8466.65
1757725200,8481.19
1757728800,8513.64
1757732400,8568.20
1757736000,8461.26
1757739600,8451.48
1757743200,8502.94
1757746800,8439.74
1757750400,8503.39
1757754000,8428.97
1757757600,8447.37
1757761200,8353.18
1757764800,8259.11
1757768400,8358.20
1757772000,8334.27
1757775600,8332.91
1757779200,8319.26
1757782800,8391.83
1757786400,8478.79
1757790000,8525.84
1757793600,8578.57
1757797200,8591.01
1757800800,8599.46
1757804400,8568.99
1757808000,8660.38
1757811600,8710.86
1757815200,8781.91
1757818800,8797.31
1757822400,8815.09
1757826000,8804.64
1757829600,8816.92
1757833200,8800.23
1757836800,8788.84
1757840400,8827.39
1757844000,8913.81
1757847600,8883.83
1757851200,8841.96
1757854800,8899.77
1757858400,8983.89
1757862000,8935.41
1757865600,8830.46
1757869200,8776.06
1757872800,8679.98
1757876400,8734.43
1757880000,8788.19
1757883600,8793.60
1757887200,8832.31
1757890800,8837.59
1757894400,8738.54
1757898000,8718.20
1757901600,8582.44
1757905200,8633.83
1757908800,8615.06
1757912400,8663.32
1757916000,8642.45
1757919600,8623.37
1757923200,8634.39
1757926800,8705.34
1757930400,8715.30
1757934000,8691.05
1757937600,8707.16
1757941200,8793.26
1757944800,8812.94
1757948400,8819.55
1757952000,8851.29
1757955600,8872.07
1757959200,8921.38
1757962800,8996.57
1757966400,8915.80
1757970000,8941.86
1757973600,8872.36
1757977200,8818.77
1757980800,8807.85
1757984400,8761.28
1757988000,8846.68
1757991600,8931.80
1757995200,8875.21
1757998800,8877.78
1758002400,8979.98
1758006000,8968.63
1758009600,9032.54
1758013200,9018.96
1758016800,8928.63
1758020400,8969.94
1758024000,8978.09
1758027600,8926.61
1758031200,9045.80
1758034800,9005.08
1758038400,8960.57
1758042000,9033.77
1758045600,9097.30
1758049200,9159.61
1758052800,9117.84
1758056400,9010.42
1758060000,8969.82
1758063600,8900.50
1758067200,8927.26
1758070800,8951.13
1758074400,8984.20
1758078000,9098.43
1758081600,9128.27
1758085200,9093.06
1758088800,9157.26
1758092400,9191.99
1758096000,9259.24
1758099600,9279.74
1758103200,9334.34
1758106800,9376.70
1758110400,9452.64
1758114000,9518.39
1758117600,9570.31
1758121200,9489.31
1758124800,9380.32
1758128400,9327.11
1758132000,9344.35
1758135600,9325.07
1758139200,9341.94
1758142800,9367.75
1758146400,9372.67
1758150000,9391.67
1758153600,9431.69
1758157200,9531.57
1758160800,9544.23
1758164400,9527.12
1758168000,9514.73
1758171600,9699.16
1758175200,9677.00
1758178800,9744.86
1758182400,9747.37
1758186000,9741.73
1758189600,9743.33
1758193200,9758.29
1758196800,9792.84
1758200400,9806.49
1758204000,9863.77
1758207600,9787.00
1758211200,9673.54
1758214800,9724.65
1758218400,9709.71
1758222000,9643.69
1758225600,9726.12
1758229200,9797.91
1758232800,9841.73
1758236400,9941.75
1758240000,9970.73
1758243600,9966.64
1758247200,9999.57
1758250800,10073.57
1758254400,10112.33
1758258000,10175.54
1758261600,10177.27
1758265200,10350.38
1758268800,10392.18
1758272400,10317.93
1758276000,10398.71
1758279600,10318.96
1758283200,10320.69
1758286800,10394.53
1758290400,10368.88
1758294000,10393.61
1758297600,10495.14
1758301200,10643.76
1758304800,10795.87
1758308400,10896.37
1758312000,10990.83
1758315600,10943.85
1758319200,10935.89
1758322800,11118.52
1758326400,11187.59
1758330000,11202.80
1758333600,11198.29
1758337200,11200.00
1758340800,11231.20
1758344400,11122.08
1758348000,11025.78
1758351600,11015.51
1758355200,11019.12
1758358800,10856.40
1758362400,10835.60
1758366000,10851.48
1758369600,10969.84
1758373200,10992.45
1758376800,11030.39
1758380400,11083.54
1758384000,11021.40
1758387600,10984.74
1758391200,11008.53
1758394800,11100.91
1758398400,11210.46
1758402000,11260.19
1758405600,11265.92
1758409200,11368.14
1758412800,11219.68
1758416400,11283.91
1758420000,11175.80
1758423600,11116.07
1758427200,11103.12
1758430800,11004.76
1758434400,11083.47
1758438000,11039.18
1758441600,11054.55
1758445200,11102.69
1758448800,10965.90
1758452400,10978.63
1758456000,11001.84
1758459600,11052.80
1758463200,11055.19
1758466800,11103.35
1758470400,11179.83
1758474000,11202.08
1758477600,11354.60
1758481200,11489.17
1758484800,11613.21
1758488400,11591.14
1758492000,11534.11
1758495600,11401.31
1758499200,11374.22
1758502800,11384.88
1758506400,11369.47
1758510000,11367.22
1758513600,11445.92
1758517200,11416.57
1758520800,11534.24
1758524400,11560.34
1758528000,11523.26
1758531600,11510.97
1758535200,11410.08
1758538800,11483.86
1758542400,11341.56
1758546000,11295.21
1758549600,11123.40
1758553200,11019.91
1758556800,10897.99
1758560400,10900.98
1758564000,11054.93
1758567600,10968.07
1758571200,10920.50
1758574800,10988.53
1758578400,10865.80
1758582000,10753.54
1758585600,10643.07
1758589200,10596.28
1758592800,10622.31
1758596400,10735.03
1758600000,10679.05
1758603600,10663.22
1758607200,10565.02
1758610800,10544.81
1758614400,10572.88
1758618000,10493.62
1758621600,10547.41
1758625200,10528.93
1758628800,10624.38
1758632400,10574.74
1758636000,10461.78
1758639600,10366.07
1758643200,10324.33
1758646800,10299.63
1758650400,10425.46
1758654000,10603.81
1758657600,10545.97
1758661200,10515.49
1758664800,10413.86
1758668400,10442.99
1758672000,10534.38
1758675600,10563.50
1758679200,10502.64
1758682800,10491.38
1758686400,10427.51
1758690000,10380.27
1758693600,10492.40
1758697200,10484.01
1758700800,10568.27
1758704400,10525.28
1758708000,10514.28
1758711600,10522.52
1758715200,10614.34
1758718800,10509.09
1758722400,10452.61
1758726000,10371.38
1758729600,10355.92
1758733200,10315.79
1758736800,10331.79
1758740400,10276.84
1758744000,10384.27
1758747600,10378.10
1758751200,10399.21
1758754800,10397.80
1758758400,10367.39
1758762000,10321.79
1758765600,10349.41
1758769200,10422.18
1758772800,10489.59
1758776400,10395.92
1758780000,10435.61
1758783600,10315.57
1758787200,10234.23
1758790800,10327.55
1758794400,10364.36
1758798000,10277.03
1758801600,10277.79
1758805200,10308.21
1758808800,10250.96
1758812400,10086.86
1758816000,10040.33
1758819600,10047.05
1758823200,10147.51
1758826800,10202.43
1758830400,10272.89
1758834000,10339.21
1758837600,10399.28
1758841200,10299.99
1758844800,10430.40
1758848400,10569.45
1758852000,10588.81
1758855600,10617.74
1758859200,10580.42
1758862800,10551.31
1758866400,10530.88
1758870000,10418.47
1758873600,10312.99
1758877200,10293.63
1758880800,10320.28
1758884400,10354.51
1758888000,10397.31
1758891600,10451.60
1758895200,10425.35
1758898800,10404.80
1758902400,10440.30
1758906000,10513.52
1758909600,10452.99
1758913200,10378.88
1758916800,10328.82
1758920400,10337.67
1758924000,10389.68
1758927600,10270.67
1758931200,10327.31
1758934800,10324.10
1758938400,10221.78
1758942000,10063.35
1758945600,10094.41
1758949200,10075.12
1758952800,9926.34
1758956400,9878.19
1758960000,9856.25
1758963600,9732.54
1758967200,9768.13
1758970800,9832.87
1758974400,9853.14
1758978000,9784.00
1758981600,9746.03
1758985200,9858.65
1758988800,9847.28
1758992400,9791.88
1758996000,9775.62
1758999600,9833.38
1759003200,9831.75
1759006800,9861.96
1759010400,9871.11
1759014000,9949.27
1759017600,9881.37
1759021200,9920.00
1759024800,9980.11
1759028400,10026.39
1759032000,10058.36
1759035600,10138.40
1759039200,10222.74
1759042800,10107.11
1759046400,10221.78
1759050000,10235.06
1759053600,10105.80
1759057200,10148.12
1759060800,10142.72
1759064400,10185.40
1759068000,10238.02
1759071600,10227.62
1759075200,10243.75
1759078800,10286.91
1759082400,10226.51
1759086000,10219.17
1759089600,10183.62
1759093200,10145.92
1759096800,10152.76
1759100400,10164.43
1759104000,10236.67
1759107600,10133.22
1759111200,10036.19
1759114800,9975.79
1759118400,9995.49
1759122000,10073.99
1759125600,10131.94
1759129200,10098.27
1759132800,10061.45
1759136400,10030.12
1759140000,9972.24
1759143600,9996.64
1759147200,10000.77
1759150800,10061.12
1759154400,10107.94
1759158000,10278.00
1759161600,10291.02
1759165200,10275.79
1759168800,10405.16
1759172400,10480.87
1759176000,10573.42
1759179600,10560.09
1759183200,10556.01
1759186800,10644.39
1759190400,10718.92
1759194000,10765.19
1759197600,10646.07
1759201200,10733.97
1759204800,10711.11
1759208400,10788.09
1759212000,10833.45
1759215600,10740.45
1759219200,10895.53
1759222800,10790.67
1759226400,10910.40
1759230000,10801.55
1759233600,10778.61
1759237200,10838.91
1759240800,10815.59
1759244400,10776.52
1759248000,10953.88
1759251600,11010.89
1759255200,11010.03
1759258800,10945.36
1759262400,11029.02
1759266000,11084.81
1759269600,10987.43
1759273200,10940.82
1759276800,10777.12
1759280400,10820.68
1759284000,10791.93
1759287600,10771.43
1759291200,10646.90
1759294800,10601.10
1759298400,10521.35
1759302000,10441.34
1759305600,10441.56
1759309200,10477.83
1759312800,10474.12
1759316400,10409.45
1759320000,10322.61
1759323600,10321.70
1759327200,10385.88
1759330800,10329.64
1759334400,10333.22
1759338000,10496.06
1759341600,10607.36
1759345200,10597.29
1759348800,10674.37
1759352400,10632.90
1759356000,10763.07
1759359600,10887.59
1759363200,10914.49
1759366800,10948.50
1759370400,10905.07
1759374000,11000.93
1759377600,10989.23
1759381200,10954.85
1759384800,11027.11
1759388400,10965.39
1759392000,10921.84
1759395600,10943.05
1759399200,11019.65
1759402800,11069.70
1759406400,10980.67
1759410000,10985.90
1759413600,10852.72
1759417200,10921.15
1759420800,10945.59
1759424400,10888.89
1759428000,10922.51
1759431600,10718.56
1759435200,10684.85
1759438800,10771.68
1759442400,10756.07
1759446000,10834.64
1759449600,10797.35
1759453200,10802.02
1759456800,10715.29
1759460400,10689.63
1759464000,10625.60
1759467600,10659.28
1759471200,10589.32
1759474800,10564.30
1759478400,10472.76
1759482000,10429.05
1759485600,10349.18
1759489200,10352.80
1759492800,10328.35
1759496400,10356.55
1759500000,10367.21
1759503600,10370.47
1759507200,10401.21
1759510800,10317.75
1759514400,10190.57
1759518000,10285.87
1759521600,10288.30
1759525200,10287.38
1759528800,10168.91
1759532400,10171.44
1759536000,10014.73
1759539600,10071.65
1759543200,10100.10
1759546800,10016.99
1759550400,9994.83
1759554000,10030.18
1759557600,10121.70
1759561200,10036.79
1759564800,10040.14
1759568400,10199.19
1759572000,10245.25
1759575600,10253.27
1759579200,10245.22
1759582800,10352.80
1759586400,10361.34
1759590000,10440.15
1759593600,10429.12
1759597200,10303.49
1759600800,10267.58
1759604400,10340.92
1759608000,10294.52
1759611600,10322.84
1759615200,10340.75
1759618800,10480.04
1759622400,10583.60
1759626000,10660.69
1759629600,10714.33
1759633200,10796.59
1759636800,10785.60
1759640400,10795.93
1759644000,10881.50
1759647600,10713.66
1759651200,10699.58
1759654800,10771.14
1759658400,10867.87
1759662000,10941.26
1759665600,10991.03
1759669200,10986.32
1759672800,10965.91
1759676400,11063.72
1759680000,11093.27
1759683600,11071.33
1759687200,11145.85
1759690800,11159.92
1759694400,10951.75
1759698000,11057.28
1759701600,11057.00
1759705200,11001.41
1759708800,11070.85
1759712400,11010.16
1759716000,10972.36
1759719600,10979.13
1759723200,11119.06
1759726800,11061.94
1759730400,11146.03
1759734000,10967.68
1759737600,10984.51
1759741200,11144.63
1759744800,11221.76
1759748400,11095.21
1759752000,11005.22
1759755600,10969.58
1759759200,11057.10
1759762800,11085.88
1759766400,10891.90
1759770000,10980.34
1759773600,11013.52
1759777200,10987.36
1759780800,10957.79
1759784400,10956.65
1759788000,10920.96
1759791600,10759.29
1759795200,10704.41
1759798800,10666.84
1759802400,10644.76
1759806000,10612.82
1759809600,10520.59
1759813200,10462.16
1759816800,10413.91
1759820400,10395.18
1759824000,10564.67
1759827600,10505.44
1759831200,10512.51
1759834800,10531.72
1759838400,10502.93
1759842000,10490.14
1759845600,10505.80
1759849200,10695.68
1759852800,10738.89
1759856400,10765.19
1759860000,10767.62
1759863600,10749.81
1759867200,10771.52
1759870800,10727.49
1759874400,10626.56
1759878000,10541.60
1759881600,10537.58
1759885200,10503.63
1759888800,10372.86
1759892400,10414.55
1759896000,10409.43
1759899600,10220.19
1759903200,10207.74
1759906800,10293.79
1759910400,10309.08
1759914000,10217.18
1759917600,10239.97
1759921200,10208.43
1759924800,10285.71
1759928400,10320.17
1759932000,10379.41
1759935600,10417.37
1759939200,10417.65
1759942800,10484.56
1759946400,10529.40
1759950000,10484.01
1759953600,10410.16
1759957200,10486.13
1759960800,10487.73
1759964400,10540.69
1759968000,10461.25
1759971600,10619.80
1759975200,10743.59
1759978800,10684.34
1759982400,10780.26
1759986000,10824.00
1759989600,10713.40
1759993200,10800.59
1759996800,10749.69
1760000400,10875.97
1760004000,10820.38
1760007600,10881.98
1760011200,10913.72
1760014800,11033.89
1760018400,11069.69
1760022000,11111.51
1760025600,11165.12
1760029200,11225.60
1760032800,11212.81
1760036400,11234.03
1760040000,11116.91
1760043600,11139.88
1760047200,11110.89
1760050800,11117.19
1760054400,11200.04
1760058000,11161.54
1760061600,11345.23
1760065200,11335.73
1760068800,11213.62
1760072400,11156.06
1760076000,11142.67
1760079600,11102.65
1760083200,11245.37
1760086800,11176.88
1760090400,11226.26
1760094000,11305.82
1760097600,11337.61
1760101200,11319.34
1760104800,11210.84
1760108400,11225.37
1760112000,11266.84
1760115600,11152.97
1760119200,11154.38
1760122800,11139.70
1760126400,11109.44
1760130000,11179.70
1760133600,11227.59
1760137200,11308.37
1760140800,11343.77
1760144400,11394.99
1760148000,11312.39
1760151600,11359.82
1760155200,11450.86
1760158800,11422.65
1760162400,11472.07
1760166000,11455.08
1760169600,11427.11
1760173200,11354.39
1760176800,11392.37
1760180400,11457.60
1760184000,11442.90
1760187600,11446.91
1760191200,11365.74
1760194800,11288.69
1760198400,11352.79
1760202000,11324.79
1760205600,11234.10
1760209200,11213.77
1760212800,11192.65
1760216400,11207.89
1760220000,11060.75
1760223600,11134.81
1760227200,11016.85
1760230800,11053.44
1760234400,11000.56
1760238000,10871.54
1760241600,10889.00
1760245200,10898.45
1760248800,10920.19
1760252400,11019.98
1760256000,11010.84
1760259600,10939.14
1760263200,10974.96
1760266800,10953.42
1760270400,10821.38
1760274000,10892.31
1760277600,10932.05
1760281200,11098.96
1760284800,11074.26
1760288400,11065.82
1760292000,11017.64
1760295600,11036.00
1760299200,11058.16
1760302800,10917.43
1760306400,10834.42
1760310000,10954.41
1760313600,10971.79
1760317200,10933.30
1760320800,11066.92
1760324400,10877.54
1760328000,10710.22
1760331600,10637.45
1760335200,10668.07
1760338800,10731.01
1760342400,10756.92
1760346000,10609.15
1760349600,10669.96
1760353200,10680.59
1760356800,10688.33
1760360400,10780.98
1760364000,10839.28
1760367600,10858.06
1760371200,10856.08
1760374800,10732.34
1760378400,10747.07
1760382000,10648.60
1760385600,10683.03
1760389200,10707.62
1760392800,10773.43
1760396400,10743.35
1760400000,10796.29
1760403600,10676.60
1760407200,10639.57
1760410800,10489.46
1760414400,10417.36
1760418000,10439.89
1760421600,10530.33
1760425200,10455.07
1760428800,10443.92
1760432400,10465.60
1760436000,10631.85
1760439600,10588.15
1760443200,10628.76
1760446800,10587.24
1760450400,10606.30
1760454000,10585.73
1760457600,10621.39
1760461200,10736.91
1760464800,10771.14
1760468400,10825.79
1760472000,10857.16
1760475600,10887.71
1760479200,10941.89
1760482800,11002.48
1760486400,11001.03
1760490000,10932.56
1760493600,10858.30
1760497200,10752.04
1760500800,10884.45
1760504400,10933.91
1760508000,10965.83
1760511600,10869.37
1760515200,10844.97
1760518800,10840.47
1760522400,10874.83
1760526000,10965.46
1760529600,10837.93
1760533200,10902.01
1760536800,10891.79
1760540400,10847.92
1760544000,10754.43
1760547600,10774.91
1760551200,10803.15
1760554800,10786.01
1760558400,10818.74
1760562000,10885.67
1760565600,10858.50
1760569200,10879.20
1760572800,10920.71
1760576400,10979.05
1760580000,11040.18
1760583600,11047.93
1760587200,10940.68
1760590800,10927.78
1760594400,10866.61
1760598000,10906.76
1760601600,10938.29
1760605200,10764.17
1760608800,10621.80
1760612400,10624.36
1760616000,10589.12
1760619600,10574.65
1760623200,10459.68
1760626800,10371.52
1760630400,10403.08
1760634000,10404.65
1760637600,10323.12
1760641200,10320.18
1760644800,10244.51
1760648400,10261.87
1760652000,10238.16
1760655600,10216.01
1760659200,10234.26
1760662800,10264.19
1760666400,10111.61
1760670000,10206.18
1760673600,10297.77
1760677200,10455.01
1760680800,10460.26
1760684400,10555.00
1760688000,10563.95
1760691600,10575.29
1760695200,10576.60
1760698800,10653.76
1760702400,10579.14
1760706000,10625.94
1760709600,10590.15
1760713200,10590.20
1760716800,10487.52
1760720400,10649.83
1760724000,10777.46
1760727600,10880.66
1760731200,10871.54
1760734800,10772.22
1760738400,10797.70
1760742000,10780.40
1760745600,10795.60
1760749200,10783.40
1760752800,10710.34
1760756400,10733.46
1760760000,10836.54
1760763600,10853.35
1760767200,10820.00
1760770800,10742.42
1760774400,10748.70
1760778000,10774.24
1760781600,10744.17
1760785200,10836.02
1760788800,10879.26
1760792400,10926.61
1760796000,11002.48
1760799600,11009.86
1760803200,11084.20
1760806800,11096.33
1760810400,10976.35
1760814000,10831.90
1760817600,10845.88
1760821200,10722.01
1760824800,10720.56
1760828400,10717.81
1760832000,10775.91
1760835600,10729.79
1760839200,10612.04
1760842800,10597.46
1760846400,10686.26
1760850000,10729.09
1760853600,10666.14
1760857200,10658.90
1760860800,10662.50
1760864400,10584.35
1760868000,10556.74
1760871600,10564.46
1760875200,10594.23
1760878800,10663.82
1760882400,10702.98
1760886000,10825.73
1760889600,10844.66
1760893200,10753.97
1760896800,10671.48
1760900400,10687.99
1760904000,10648.32
1760907600,10737.15
1760911200,10774.17
1760914800,10759.79
1760918400,10887.89
1760922000,11015.49
1760925600,11093.43
1760929200,11201.08
1760932800,11211.61
1760936400,11101.67
1760940000,10987.27
1760943600,11069.18
1760947200,11201.78
1760950800,11029.24
1760954400,10947.37
1760958000,10948.20
1760961600,10961.39
1760965200,11052.94
1760968800,11077.08
1760972400,11055.63
1760976000,11062.75
1760979600,10992.15
1760983200,11169.81
1760986800,11165.98
1760990400,11106.29
1760994000,11026.01
1760997600,11062.61
1761001200,11068.88
1761004800,11142.23
1761008400,11181.58
1761012000,11081.17
1761015600,11151.22
1761019200,11083.22
1761022800,10994.99
1761026400,10969.95
1761030000,10902.17
1761033600,11031.58
1761037200,11103.46
1761040800,11012.84
1761044400,11116.57
1761048000,11064.40
1761051600,11086.68
1761055200,11135.16
1761058800,11058.47
1761062400,11057.39
1761066000,10987.09
1761069600,10941.36
1761073200,10745.17
1761076800,10775.46
1761080400,10695.14
1761084000,10813.07
1761087600,10834.26
1761091200,10911.45
1761094800,10970.12
1761098400,11006.86
1761102000,10961.89
1761105600,10971.76
1761109200,10984.93
1761112800,10977.91
1761116400,11012.14
1761120000,10989.07
1761123600,10924.01
1761127200,10835.81
1761130800,10814.72
1761134400,10788.59
1761138000,10869.68
1761141600,10672.25
1761145200,10778.78
1761148800,10730.96
1761152400,10619.28
1761156000,10549.01
1761159600,10632.22
1761163200,10530.18
1761166800,10523.05
1761170400,10541.84
1761174000,10509.60
1761177600,10576.81
1761181200,10364.20
1761184800,10201.65
1761188400,10234.51
1761192000,10135.83
1761195600,10206.39
1761199200,10340.59
1761202800,10378.30
1761206400,10373.12
1761210000,10380.05
1761213600,10427.64
1761217200,10315.91
1761220800,10268.08
1761224400,10198.49
1761228000,10206.27
1761231600,10073.73
1761235200,10213.15
1761238800,10235.40
1761242400,10100.11
1761246000,10007.55
1761249600,10052.57
1761253200,10128.42
1761256800,9994.84
1761260400,10050.75
1761264000,10110.87
1761267600,9899.77
1761271200,9939.03
1761274800,10056.06
1761278400,10175.32
1761282000,10257.15
1761285600,10243.52
1761289200,10171.69
1761292800,10038.28
1761296400,10139.04
1761300000,10104.98
1761303600,10178.91
1761307200,10189.22
1761310800,10122.29
1761314400,10115.90
1761318000,10016.97
1761321600,9977.47
1761325200,10175.92
1761328800,10182.64
1761332400,10175.89
1761336000,10080.43
1761339600,10091.38
1761343200,10027.16
1761346800,10073.13
1761350400,9948.34
1761354000,9993.51
1761357600,9968.96
1761361200,10023.48
1761364800,10054.20
1761368400,10078.83
1761372000,10152.67
1761375600,10167.76
1761379200,10200.72
1761382800,10211.04
1761386400,10107.10
1761390000,10039.92
1761393600,10048.12
1761397200,10166.71
1761400800,10174.40
1761404400,10143.09
1761408000,10142.68
1761411600,10182.02
1761415200,10162.54
1761418800,10225.36
1761422400,10297.25
1761426000,10368.87
1761429600,10372.97
1761433200,10410.95
1761436800,10360.23
1761440400,10275.57
1761444000,10218.78
1761447600,10246.57
1761451200,10267.51
1761454800,10502.92
1761458400,10654.33
1761462000,10753.30
1761465600,10799.85
1761469200,10751.39
1761472800,10730.60
1761476400,10685.36
1761480000,10749.00
1761483600,10769.20
1761487200,10771.07
1761490800,10876.01
1761494400,10942.99
1761498000,10998.74
1761501600,10954.01
1761505200,10973.65
1761508800,10982.93
1761512400,10950.27
1761516000,10904.70
1761519600,10876.67
1761523200,10916.71
1761526800,10920.55
1761530400,10906.47
1761534000,10885.21
1761537600,10949.54
1761541200,10919.03
1761544800,11068.47
1761548400,10899.95
1761552000,10924.55
1761555600,10933.65
1761559200,10994.98
1761562800,11016.54
1761566400,10983.05
1761570000,10875.37
1761573600,10896.31
1761577200,10897.41
1761580800,10952.50
1761584400,10843.59
1761588000,10793.83
1761591600,10856.28
1761595200,10910.61
1761598800,10860.62
1761602400,10881.20
1761606000,10770.11
1761609600,10709.22
1761613200,10828.36
1761616800,10874.84
1761620400,10862.44
1761624000,11025.15
1761627600,10880.02
1761631200,10957.36
1761634800,10926.77
1761638400,10829.73
1761642000,10915.28
1761645600,10932.19
1761649200,10963.65
1761652800,10861.98
1761656400,10802.51
1761660000,10675.10
1761663600,10644.66
1761667200,10753.20
1761670800,10780.03
1761674400,10724.97
1761678000,10791.91
1761681600,11025.33
1761685200,11121.35
1761688800,11126.91
1761692400,11208.60
1761696000,11193.25
1761699600,11177.04
1761703200,11108.20
1761706800,11124.65
1761710400,11057.26
1761714000,10982.18
1761717600,11139.31
1761721200,11092.85
1761724800,11071.74
1761728400,11037.72
1761732000,11053.92
1761735600,11009.55
1761739200,11024.21
1761742800,10940.46
1761746400,10942.49
1761750000,11006.28
1761753600,11004.65
1761757200,11008.85
1761760800,10977.86
1761764400,10984.41
1761768000,10988.92
1761771600,11118.10
1761775200,10980.53
1761778800,11085.93
1761782400,11010.00
1761786000,10862.37
1761789600,10980.79
1761793200,11045.27
1761796800,11077.43
1761800400,11109.21
1761804000,11125.66
1761807600,11091.07
1761811200,11116.24
1761814800,11141.05
1761818400,11057.00
1761822000,11188.77
1761825600,11242.83
1761829200,11212.50
1761832800,11195.65
1761836400,11285.45
1761840000,11310.08
1761843600,11276.78
1761847200,11311.56
1761850800,11346.67
1761854400,11434.11
1761858000,11514.45
1761861600,11488.20
1761865200,11476.62
1761868800,11452.36
1761872400,11390.34
1761876000,11326.26
1761879600,11228.26
1761883200,11247.52
1761886800,11283.95
1761890400,11316.84
1761894000,11212.49
1761897600,11056.60
1761901200,11055.81
1761904800,11082.24
1761908400,11014.06
1761912000,10995.17
1761915600,10907.89
1761919200,10989.46
1761922800,10970.77
1761926400,10946.74
1761930000,11009.18
1761933600,11119.30
1761937200,11155.99
1761940800,11317.67
1761944400,11497.74
1761948000,11387.40
1761951600,11479.98
1761955200,11484.43
1761958800,11555.61
1761962400,11699.47
1761966000,11541.71
1761969600,11592.30
1761973200,11577.60
1761976800,11659.18
1761980400,11588.81
1761984000,11523.90
1761987600,11262.47
1761991200,11386.80
1761994800,11438.78
1761998400,11378.52
1762002000,11367.95
1762005600,11387.91
1762009200,11283.53
1762012800,11287.18
1762016400,11235.51
1762020000,11306.68
1762023600,11131.42
1762027200,11079.93
1762030800,11000.41
1762034400,11087.01
1762038000,11074.78
1762041600,11008.67
1762045200,10999.42
1762048800,10912.69
1762052400,10960.45
1762056000,10836.77
1762059600,10807.81
1762063200,10812.32
1762066800,10825.57
1762070400,10809.01
1762074000,10865.27
1762077600,10928.23
1762081200,10884.64
1762084800,10915.79
1762088400,10993.01
1762092000,11036.42
1762095600,11124.45
1762099200,11177.56
1762102800,11258.69
1762106400,11218.50
1762110000,11203.76
1762113600,11140.42
1762117200,11254.60
1762120800,11338.90
1762124400,11203.71
1762128000,11258.95
1762131600,11398.62
1762135200,11417.00
1762138800,11308.58
1762142400,11317.92
1762146000,11300.36
1762149600,11263.08
1762153200,11182.41
1762156800,11182.04
1762160400,11127.65
1762164000,11189.05
1762167600,11129.13
1762171200,11205.48
1762174800,11347.88
1762178400,11461.11
1762182000,11356.61
1762185600,11359.18
1762189200,11407.68
1762192800,11355.55
1762196400,11254.17
1762200000,11376.90
1762203600,11361.43
1762207200,11559.13
1762210800,11420.62
1762214400,11311.60
1762218000,11215.60
1762221600,11135.96
1762225200,11101.51
1762228800,11119.16
1762232400,11018.15
1762236000,11053.52
1762239600,11133.35
1762243200,11096.35
1762246800,11009.42
1762250400,10976.63
1762254000,10875.85
1762257600,10855.98
1762261200,10832.28
1762264800,10905.11
1762268400,10945.68
1762272000,10932.04
1762275600,10895.58
1762279200,10994.32
1762282800,11008.90
1762286400,10961.65
1762290000,10919.66
1762293600,11058.13
1762297200,10997.74
1762300800,10979.48
1762304400,11052.46
1762308000,11107.24
1762311600,11099.38
1762315200,11139.07
1762318800,11036.09
1762322400,11006.27
1762326000,11140.45
1762329600,11054.44
1762333200,11023.04
1762336800,10869.95
1762340400,10933.88
1762344000,10939.47
1762347600,10997.55
1762351200,10936.22
1762354800,10850.61
1762358400,10893.91
1762362000,10868.35
1762365600,10804.93
1762369200,10756.79
1762372800,10786.38
1762376400,10810.22
1762380000,10787.86
1762383600,10810.86
1762387200,10741.59
1762390800,10660.82
1762394400,10769.54
1762398000,10649.95
1762401600,10595.05
1762405200,10593.45
1762408800,10584.08
1762412400,10456.84
1762416000,10349.41
1762419600,10304.08
1762423200,10266.54
1762426800,10225.21
1762430400,10152.43
1762434000,10091.43
1762437600,10063.47
1762441200,10090.44
1762444800,10070.42
1762448400,10112.48
1762452000,10166.70
1762455600,10269.79
1762459200,10296.75
1762462800,10303.00
1762466400,10268.22
1762470000,10236.52
1762473600,10173.88
1762477200,10280.71
1762480800,10230.15
1762484400,10163.04
1762488000,10217.15
1762491600,10296.12
1762495200,10260.65
1762498800,10313.98
1762502400,10353.69
1762506000,10266.85
1762509600,10308.35
1762513200,10237.09
1762516800,10253.27
1762520400,10219.70
1762524000,10297.06
1762527600,10306.49
1762531200,10282.54
1762534800,10138.57
1762538400,10283.52
1762542000,10246.18
1762545600,10167.18
1762549200,10119.20
1762552800,10100.87
1762556400,10234.86
1762560000,10267.92
1762563600,10297.27
1762567200,10349.57
1762570800,10343.14
1762574400,10368.54
1762578000,10416.90
1762581600,10532.57
1762585200,10521.57
1762588800,10614.82
1762592400,10699.98
1762596000,10798.78
1762599600,10837.56
1762603200,10787.70
1762606800,10826.51
1762610400,10945.90
1762614000,10930.55
1762617600,10959.13
1762621200,11048.51
1762624800,11120.28
1762628400,11194.34
1762632000,11268.81
1762635600,11205.21
1762639200,11217.00
1762642800,11274.70
1762646400,11211.87
1762650000,11347.35
1762653600,11373.02
1762657200,11381.75
1762660800,11383.09
1762664400,11342.03
1762668000,11326.85
1762671600,11325.34
1762675200,11229.00
1762678800,11278.16
1762682400,11250.49
1762686000,11187.63
1762689600,11171.12
1762693200,11097.52
1762696800,11013.69
1762700400,11125.49
1762704000,11166.94
1762707600,11123.06
1762711200,11041.41
1762714800,10969.67
1762718400,10807.47
1762722000,10829.92
1762725600,10868.10
1762729200,10938.02
1762732800,10960.11
1762736400,10900.12
1762740000,10893.36
1762743600,10763.43
1762747200,10740.79
1762750800,10742.00
1762754400,10732.96
1762758000,10776.36
1762761600,10830.86
1762765200,10714.43
1762768800,10787.43
1762772400,10797.56
1762776000,10836.59
1762779600,10804.07
1762783200,10751.72
1762786800,10710.15
1762790400,10740.87
1762794000,10638.91
1762797600,10651.15
1762801200,10717.84
1762804800,10736.58
1762808400,10741.38
1762812000,10908.47
1762815600,10840.46
1762819200,10737.77
1762822800,10656.08
1762826400,10585.95
1762830000,10595.76
1762833600,10538.57
1762837200,10523.87
1762840800,10595.17
1762844400,10572.01
1762848000,10550.50
1762851600,10564.10
1762855200,10693.93
1762858800,10688.52
1762862400,10662.48
1762866000,10771.03
1762869600,10859.62
1762873200,10832.67
1762876800,10862.99
1762880400,10794.28
1762884000,10927.72
1762887600,11003.95
1762891200,11234.86
1762894800,11308.46
1762898400,11287.31
1762902000,11174.86
1762905600,11139.97
1762909200,11120.00
1762912800,11210.10
1762916400,11271.01
1762920000,11302.94
1762923600,11274.07
1762927200,11257.65
1762930800,11309.87
1762934400,11290.97
1762938000,11222.84
1762941600,11246.57
1762945200,11277.59
1762948800,11222.28
1762952400,11320.56
1762956000,11388.93
1762959600,11372.14
1762963200,11433.84
1762966800,11364.41
1762970400,11370.25
1762974000,11319.02
1762977600,11276.63
1762981200,11218.72
1762984800,11274.68
1762988400,11164.34
1762992000,11256.84
1762995600,11322.41
1762999200,11356.16
1763002800,11283.96
1763006400,11418.33
1763010000,11410.99
1763013600,11475.65
1763017200,11577.90
1763020800,11624.54
1763024400,11569.61
1763028000,11500.78
1763031600,11647.80
1763035200,11652.09
1763038800,11716.35
1763042400,11701.22
1763046000,11745.08
1763049600,11679.18
1763053200,11676.76
1763056800,11753.07
1763060400,11683.75
1763064000,11657.31
1763067600,11656.19
1763071200,11701.09
1763074800,11678.85
1763078400,11597.80
1763082000,11651.62
1763085600,11599.51
1763089200,11635.02
1763092800,11606.93
1763096400,11541.18
1763100000,11607.27
1763103600,11667.86
1763107200,11722.41
1763110800,11549.09
1763114400,11588.23
1763118000,11654.02
1763121600,11911.43
1763125200,11831.07
1763128800,11947.72
1763132400,11777.99
1763136000,11811.10
1763139600,11945.76
1763143200,11973.34
1763146800,11917.10
1763150400,12018.08
1763154000,12068.93
1763157600,12192.42
1763161200,12112.79
1763164800,12089.36
1763168400,12074.40
1763172000,12108.87
1763175600,12087.41
1763179200,12105.29
1763182800,12018.04
1763186400,11918.26
1763190000,12001.50
1763193600,11977.01
1763197200,11913.74
1763200800,11870.80
1763204400,12026.49
1763208000,11976.10
1763211600,12080.02
1763215200,12166.93
1763218800,12119.91
1763222400,12258.18
1763226000,12164.26
1763229600,12036.09
1763233200,12059.23
1763236800,11996.19
1763240400,12038.11
1763244000,12043.47
1763247600,11954.20
1763251200,12039.26
1763254800,11975.46
1763258400,11980.15
1763262000,12069.14
1763265600,12201.54
1763269200,12264.46
1763272800,12111.78
1763276400,12167.52
1763280000,12166.05
1763283600,12203.72
1763287200,12265.15
1763290800,12331.12
1763294400,12412.43
1763298000,12363.33
1763301600,12411.49
1763305200,12333.03
1763308800,12401.68
1763312400,12329.16
1763316000,12261.67
1763319600,12313.67
1763323200,12296.36
1763326800,12327.53
1763330400,12420.02
1763334000,12358.18
1763337600,12471.58
1763341200,12316.39
1763344800,12306.96
1763348400,12413.36
1763352000,12373.27
1763355600,12218.23
1763359200,12267.47
1763362800,12262.16
1763366400,12304.41
1763370000,12304.89
1763373600,12294.49
1763377200,12415.22
1763380800,12455.79
1763384400,12537.14
1763388000,12583.75
1763391600,12542.40
1763395200,12618.78
1763398800,12601.64
1763402400,12469.76
1763406000,12446.11
1763409600,12490.99
1763413200,12478.29
1763416800,12413.98
1763420400,12478.16
1763424000,12418.58
1763427600,12381.44
1763431200,12422.84
1763434800,12328.71
1763438400,12340.19
1763442000,12262.71
1763445600,12271.73
1763449200,12299.13
1763452800,12247.25
1763456400,12237.61
1763460000,12111.71
1763463600,11983.59
1763467200,12037.59
1763470800,12081.35
1763474400,12067.07
1763478000,12165.60
1763481600,12165.78
1763485200,12158.54
1763488800,12027.01
1763492400,11996.18
1763496000,11779.70
1763499600,11714.29
1763503200,11704.56
1763506800,11880.23
1763510400,11845.49
1763514000,12006.56
1763517600,12030.48
1763521200,12068.17
1763524800,12091.16
1763528400,12150.89
1763532000,12140.56
1763535600,12128.62
1763539200,12109.63
1763542800,12020.47
1763546400,11992.58
1763550000,12091.30
1763553600,12155.15
1763557200,11978.34
1763560800,12035.76
1763564400,12054.48
1763568000,12109.03
1763571600,12080.45
1763575200,12309.35
1763578800,12111.85
1763582400,12155.55
1763586000,12114.24
1763589600,11975.92
1763593200,12056.08
1763596800,12045.51
1763600400,12163.70
1763604000,12071.20
1763607600,12173.66
1763611200,12119.48
1763614800,12113.19
1763618400,12273.04
1763622000,12250.63
1763625600,12223.61
1763629200,12179.92
1763632800,12138.33
1763636400,12137.02
1763640000,12135.96
1763643600,12214.50
1763647200,12204.15
1763650800,12242.28
1763654400,12197.24
1763658000,12086.79
1763661600,12039.86
1763665200,12028.94
1763668800,12092.47
1763672400,12090.82
1763676000,12180.61
1763679600,12243.43
1763683200,12247.43
1763686800,12343.57
1763690400,12364.13
1763694000,12300.25
1763697600,12328.69
1763701200,12274.72
1763704800,12187.85
1763708400,12062.39
1763712000,12165.86
1763715600,12159.54
1763719200,12225.21
1763722800,12169.11
1763726400,12167.80
1763730000,12112.97
1763733600,11948.36
1763737200,11915.50
1763740800,11910.48
1763744400,11842.90
1763748000,11775.39
1763751600,11705.77
1763755200,11721.10
1763758800,11654.96
1763762400,11652.01
1763766000,11590.43
1763769600,11543.48
1763773200,11479.48
1763776800,11575.17
1763780400,11549.84
1763784000,11579.79
1763787600,11585.82
1763791200,11746.37
1763794800,11737.19
1763798400,11710.24
1763802000,11585.21
1763805600,11781.71
1763809200,11846.63
1763812800,11799.04
1763816400,11761.94
1763820000,11548.88
1763823600,11563.87
1763827200,11714.08
1763830800,11628.63
1763834400,11597.46
1763838000,11541.06
1763841600,11634.89
1763845200,11592.77
1763848800,11600.01
1763852400,11568.38
1763856000,11553.76
1763859600,11513.61
1763863200,11616.26
1763866800,11660.51
1763870400,11651.16
1763874000,11737.55
1763877600,11756.48
1763881200,11625.13
1763884800,11745.79
1763888400,11687.98
1763892000,11659.49
1763895600,11679.43
1763899200,11662.26
1763902800,11729.38
1763906400,11645.53
1763910000,11662.10
1763913600,11609.39
1763917200,11532.59
1763920800,11615.88
1763924400,11643.05
1763928000,11637.55
1763931600,11715.00
1763935200,11701.89
1763938800,11594.57
1763942400,11683.82
1763946000,11787.86
1763949600,11735.24
1763953200,11609.45
1763956800,11659.99
1763960400,11882.13
1763964000,11856.71
1763967600,11836.12
1763971200,11744.17
1763974800,11901.28
1763978400,12007.31
1763982000,11966.60
1763985600,12015.81
1763989200,12041.81
1763992800,12019.20
1763996400,12062.97
1764000000,12119.15
1764003600,12184.70
1764007200,12292.91
1764010800,12312.84
1764014400,12269.33
1764018000,12245.60
1764021600,12329.60
1764025200,12251.40
1764028800,12149.75
1764032400,12071.04
1764036000,12111.99
1764039600,12227.73
1764043200,12193.56
1764046800,12147.96
1764050400,12044.16
1764054000,12099.97
1764057600,12186.41
1764061200,12199.82
1764064800,12284.16
1764068400,12215.16
1764072000,12194.61
1764075600,12196.47
1764079200,12162.97
1764082800,12304.03
1764086400,12322.81
1764090000,12323.02
1764093600,12125.01
1764097200,12020.19
1764100800,12030.53
1764104400,12011.40
1764108000,11919.48
1764111600,11787.13
1764115200,11693.00
1764118800,11728.44
1764122400,11771.52
1764126000,11666.09
1764129600,11594.74
1764133200,11507.90
1764136800,11572.74
1764140400,11569.10
1764144000,11533.57
1764147600,11547.05
1764151200,11401.73
1764154800,11307.02
1764158400,11368.28
1764162000,11343.70
1764165600,11387.96
1764169200,11315.85
1764172800,11313.12
1764176400,11400.49
1764180000,11179.98
1764183600,11254.14
1764187200,11254.80
1764190800,11433.33
1764194400,11355.64
1764198000,11446.13
1764201600,11326.41
1764205200,11277.99
1764208800,11310.00
1764212400,11331.21
1764216000,11422.99
1764219600,11644.56
1764223200,11737.57
1764226800,11606.05
1764230400,11645.33
1764234000,11536.24
1764237600,11634.36
1764241200,11644.34
1764244800,11587.01
1764248400,11610.66
1764252000,11469.99
1764255600,11507.23
1764259200,11497.93
1764262800,11546.70
1764266400,11559.77
1764270000,11607.57
1764273600,11667.50
1764277200,11750.52
1764280800,11709.05
1764284400,11777.88
1764288000,11966.53
1764291600,11830.37
1764295200,11744.05
1764298800,11667.21
1764302400,11617.97
1764306000,11632.91
1764309600,11573.98
1764313200,11704.24
1764316800,11590.71
1764320400,11491.35
1764324000,11487.03
1764327600,11372.66
1764331200,11274.64
1764334800,11217.87
1764338400,11260.50
1764342000,11210.99
1764345600,11166.24
1764349200,11035.48
1764352800,11164.56
1764356400,11033.77
1764360000,10996.98
1764363600,11002.43
1764367200,11030.13
1764370800,10991.20
1764374400,10997.66
1764378000,10969.02
1764381600,10924.65
1764385200,10894.89
1764388800,10969.79
1764392400,10977.89
1764396000,10967.14
1764399600,11084.83
1764403200,11132.56
1764406800,11250.23
1764410400,11166.50
1764414000,11193.44
1764417600,11352.14
1764421200,11340.32
1764424800,11344.79
1764428400,11380.65
1764432000,11224.52
1764435600,11261.52
1764439200,11376.76
1764442800,11515.14
1764446400,11443.32
1764450000,11429.43
1764453600,11457.93
1764457200,11504.13
1764460800,11474.59
1764464400,11468.24
1764468000,11565.36
1764471600,11579.20
1764475200,11606.40
1764478800,11568.80
1764482400,11517.82
1764486000,11384.80
1764489600,11302.66
1764493200,11327.90
1764496800,11512.63
1764500400,11559.96
1764504000,11706.68
1764507600,11753.83
1764511200,11750.44
1764514800,11849.21
1764518400,11917.15
1764522000,11950.25
1764525600,11834.69
1764529200,11699.19
1764532800,11696.57
1764536400,11600.96
1764540000,11526.60
1764543600,11419.46
1764547200,11553.13
1764550800,11660.81
1764554400,11617.69
1764558000,11667.18
1764561600,11735.63
1764565200,11745.30
1764568800,11781.55
1764572400,11733.31
1764576000,11846.86
1764579600,11819.40
1764583200,11855.79
1764586800,11978.25
1764590400,12057.52
1764594000,11988.64
1764597600,11852.97
1764601200,11870.61
1764604800,11788.22
1764608400,11895.90
1764612000,11897.89
1764615600,11832.30
1764619200,11804.80
1764622800,11897.37
1764626400,11821.49
1764630000,11890.24
1764633600,11968.08
1764637200,12108.33
1764640800,12155.28
1764644400,12267.44
1764648000,12287.70
1764651600,12254.43
1764655200,12288.73
1764658800,12275.99
1764662400,12217.84
1764666000,12191.36
1764669600,12215.43
1764673200,12254.58
1764676800,12235.79
1764680400,12320.41
1764684000,12268.07
1764687600,12151.11
1764691200,12172.90
1764694800,12122.81
1764698400,12050.13
1764702000,11997.89
1764705600,12064.79
1764709200,12050.35
1764712800,12025.90
1764716400,11981.93
1764720000,11930.84
1764723600,11880.43
1764727200,11925.18
1764730800,11843.64
1764734400,11730.81
1764738000,11750.57
1764741600,11795.42
1764745200,11864.28
1764748800,11832.21
1764752400,11779.02
1764756000,11755.90
1764759600,11725.18
1764763200,11702.04
1764766800,11852.93
1764770400,11999.01
1764774000,11949.84
1764777600,11997.37
1764781200,11878.97
1764784800,11968.49
1764788400,12110.58
1764792000,12242.91
1764795600,12175.96
1764799200,12226.62
1764802800,12279.47
1764806400,12358.57
1764810000,12334.94
1764813600,12428.17
1764817200,12364.21
1764820800,12326.13
1764824400,12185.01
1764828000,12244.14
1764831600,12347.59
1764835200,12438.40
1764838800,12517.84
1764842400,12458.46
1764846000,12551.97
1764849600,12536.16
1764853200,12514.47
1764856800,12535.83
1764860400,12539.56
1764864000,12686.75
1764867600,12622.50
1764871200,12593.00
1764874800,12505.39
1764878400,12539.93
1764882000,12523.65
1764885600,12502.15
1764889200,12382.63
1764892800,12487.81
1764896400,12671.27
1764900000,12641.07
1764903600,12707.48
1764907200,12723.11
1764910800,12705.84
1764914400,12670.96
1764918000,12642.46
1764921600,12629.33
1764925200,12721.99
1764928800,12825.55
1764932400,12976.15
1764936000,12972.64
1764939600,13081.98
1764943200,13003.64
1764946800,12993.17
1764950400,12838.49
1764954000,12854.32
1764957600,12817.33
1764961200,12881.17
1764964800,12784.43
1764968400,12735.30
1764972000,12646.51
1764975600,12676.50
1764979200,12600.86
1764982800,12598.58
1764986400,12611.50
1764990000,12746.77
1764993600,12683.31
1764997200,12653.01
1765000800,12735.67
1765004400,12737.13
1765008000,12703.19
1765011600,12620.53
1765015200,12616.27
1765018800,12675.72
1765022400,12570.65
1765026000,12728.90
1765029600,12619.14
1765033200,12580.36
1765036800,12620.38
1765040400,12809.65
1765044000,12849.47
1765047600,12881.77
1765051200,12852.58
1765054800,12899.24
1765058400,12805.55
1765062000,12762.77
1765065600,12641.82
1765069200,12737.29
1765072800,12729.07
1765076400,12883.84
1765080000,12881.12
1765083600,12836.38
1765087200,12836.00
1765090800,12787.95
1765094400,12722.08
1765098000,12863.00
1765101600,12815.14
1765105200,12807.18
1765108800,12858.41
1765112400,13042.50
1765116000,13056.06
1765119600,13182.16
1765123200,13366.32
1765126800,13361.40
1765130400,13428.87
1765134000,13567.95
1765137600,13439.68
1765141200,13577.48
1765144800,13517.08
1765148400,13445.54
1765152000,13367.73
1765155600,13277.26
1765159200,13165.94
1765162800,13240.24
1765166400,13345.34
1765170000,13410.50
1765173600,13415.62
1765177200,13330.35
1765180800,13403.04
1765184400,13384.62
1765188000,13293.93
1765191600,13181.29
1765195200,13214.90
1765198800,13143.65
1765202400,13271.05
1765206000,13279.09
1765209600,13169.54
1765213200,13221.05
1765216800,13257.11
1765220400,13315.32
1765224000,13299.31
1765227600,13283.07
1765231200,13144.20
1765234800,13245.40
1765238400,13316.50
1765242000,13381.53
1765245600,13158.58
1765249200,13218.84
1765252800,12989.73
1765256400,12959.35
1765260000,12837.87
1765263600,12627.46
1765267200,12557.49
1765270800,12565.45
1765274400,12627.74
1765278000,12720.31
1765281600,12731.29
1765285200,12716.91
1765288800,12774.42
1765292400,12855.31
1765296000,12747.55
1765299600,12728.17
1765303200,12735.92
1765306800,12743.50
1765310400,12912.58
1765314000,12860.17
1765317600,12906.12
1765321200,13085.96
1765324800,13157.57
1765328400,13133.81
1765332000,13216.39
1765335600,13112.70
1765339200,13109.88
1765342800,13148.48
1765346400,13095.46
1765350000,13031.81
1765353600,13109.92
1765357200,13215.37
1765360800,13220.29
1765364400,13247.92
1765368000,13244.23
1765371600,13365.83
1765375200,13290.69
1765378800,13201.99
1765382400,13183.91
1765386000,13216.86
1765389600,13082.38
1765393200,13024.42
1765396800,12957.84
1765400400,12945.89
1765404000,13081.75
1765407600,12999.65
1765411200,12917.31
1765414800,12825.90
1765418400,12756.47
1765422000,12726.92
1765425600,12583.41
1765429200,12628.78
1765432800,12669.57
1765436400,12609.76
1765440000,12760.92
1765443600,12820.71
1765447200,12859.37
1765450800,12991.80
1765454400,13054.41
1765458000,12979.52
1765461600,12885.90
1765465200,12991.28
1765468800,12911.23
1765472400,13030.74
1765476000,13094.66
1765479600,13158.39
1765483200,13030.91
1765486800,13084.43
1765490400,13083.26
1765494000,12899.59
1765497600,12968.75
1765501200,13044.35
1765504800,12957.32
1765508400,13023.08
1765512000,12976.80
1765515600,13082.10
1765519200,13221.37
1765522800,13252.34
1765526400,13188.22
1765530000,13161.46
1765533600,13045.06
1765537200,13126.09
1765540800,13191.73
1765544400,13221.06
1765548000,13288.89
1765551600,13551.82
1765555200,13426.78
1765558800,13440.79
1765562400,13346.25
1765566000,13416.82
1765569600,13469.98
1765573200,13480.83
1765576800,13651.45
1765580400,13660.36
1765584000,13697.88
1765587600,13706.05
1765591200,13705.68
1765594800,13690.93
1765598400,13658.05
1765602000,13748.01
1765605600,13798.05
1765609200,13829.39
1765612800,13687.21
1765616400,13657.48
1765620000,13816.88
1765623600,13840.14
1765627200,14296.90
1765630800,14286.89
1765634400,14248.07
1765638000,14412.04
1765641600,14438.81
1765645200,14319.74
1765648800,14236.49
1765652400,14201.77
1765656000,14275.03
1765659600,14501.29
1765663200,14677.39
1765666800,14816.68
1765670400,14872.47
1765674000,14985.16
1765677600,14802.45
1765681200,14728.87
1765684800,14865.09
1765688400,14712.41
1765692000,14692.08
1765695600,14630.45
1765699200,14662.70
1765702800,14611.92
1765706400,14471.48
1765710000,14512.34
1765713600,14440.38
1765717200,14541.36
1765720800,14501.45
1765724400,14424.48
1765728000,14316.13
1765731600,14424.87
1765735200,14555.91
1765738800,14584.94
1765742400,14838.30
1765746000,14726.88
1765749600,14693.48
1765753200,14857.52
1765756800,14868.14
1765760400,14893.94
1765764000,14882.03
1765767600,14912.26
1765771200,14765.59
1765774800,14708.13
1765778400,14635.75
1765782000,14581.92
1765785600,14651.30
1765789200,14641.85
1765792800,14816.34
1765796400,14770.86
1765800000,14703.97
1765803600,14614.82
1765807200,14602.78
1765810800,14677.78
1765814400,14555.01
1765818000,14555.40
1765821600,14518.30
1765825200,14375.66
1765828800,14300.24
1765832400,14242.96
1765836000,14348.65
1765839600,14419.31
1765843200,14430.49
1765846800,14449.62
1765850400,14496.03
1765854000,14167.06
1765857600,14222.70
1765861200,14361.36
1765864800,14422.17
1765868400,14418.70
1765872000,14509.40
1765875600,14164.27
1765879200,13920.18
1765882800,13862.77
1765886400,13856.52
1765890000,13795.29
1765893600,13814.86
1765897200,13880.97
1765900800,13966.56
1765904400,14128.77
1765908000,14072.08
1765911600,14060.82
1765915200,13830.67
1765918800,14054.84
1765922400,14024.83
1765926000,14058.26
1765929600,14001.76
1765933200,14072.81
1765936800,14071.01
1765940400,14091.35
1765944000,14148.31
1765947600,14031.64
1765951200,13833.63
1765954800,13800.19
1765958400,13931.91
1765962000,13822.75
1765965600,13831.88
1765969200,13927.19
1765972800,13894.15
1765976400,13869.03
1765980000,13770.84
1765983600,13742.73
1765987200,13880.77
1765990800,13904.34
1765994400,13807.11
1765998000,13825.06
1766001600,13730.36
1766005200,13755.11
1766008800,13717.94
1766012400,13704.19
1766016000,13661.23
1766019600,13604.29
1766023200,13585.72
1766026800,13521.82
1766030400,13383.76
1766034000,13395.35
1766037600,13362.70
1766041200,13428.82
1766044800,13410.12
1766048400,13616.39
1766052000,13639.63
1766055600,13512.47
1766059200,13335.52
1766062800,13303.16
1766066400,13285.28
1766070000,13269.69
1766073600,13169.09
1766077200,13312.49
1766080800,13441.23
1766084400,13513.96
1766088000,13552.14
1766091600,13481.16
1766095200,13567.12
1766098800,13495.32
1766102400,13558.47
1766106000,13481.36
1766109600,13450.68
1766113200,13453.71
1766116800,13611.29
1766120400,13653.92
1766124000,13673.24
1766127600,13711.74
1766131200,13837.65
1766134800,13794.01
1766138400,13842.50
1766142000,14014.65
1766145600,14041.29
1766149200,14009.85
1766152800,14032.06
1766156400,14003.74
1766160000,14037.10
1766163600,14064.63
1766167200,13950.84
1766170800,13988.53
1766174400,13978.21
1766178000,13938.21
1766181600,14131.63
1766185200,14223.64
1766188800,14216.29
1766192400,14194.66
1766196000,14297.66
1766199600,14423.36
1766203200,14565.04
1766206800,14572.18
1766210400,14695.11
1766214000,14765.12
1766217600,14747.16
1766221200,14599.90
1766224800,14721.21
1766228400,14778.26
1766232000,14886.76
1766235600,14734.46
1766239200,14708.98
1766242800,14742.93
1766246400,14703.83
1766250000,14561.66
1766253600,14395.26
1766257200,14324.64
1766260800,14309.22
1766264400,14256.86
1766268000,14439.31
1766271600,14338.55
1766275200,14283.40
1766278800,14456.08
1766282400,14519.72
1766286000,14481.04
1766289600,14517.79
1766293200,14552.33
1766296800,14607.45
1766300400,14609.32
1766304000,14571.14
1766307600,14602.02
1766311200,14471.31
1766314800,14500.57
1766318400,14486.95
1766322000,14592.19
1766325600,14761.68
1766329200,14703.71
1766332800,14746.95
1766336400,14732.43
1766340000,14660.02
1766343600,14722.93
1766347200,14659.85
1766350800,14743.44
1766354400,14555.35
1766358000,14529.52
1766361600,14614.76
1766365200,14475.89
1766368800,14577.18
1766372400,14440.20
1766376000,14405.45
1766379600,14501.15
1766383200,14495.15
1766386800,14354.76
1766390400,14413.97
1766394000,14443.60
1766397600,14293.11
1766401200,14336.03
1766404800,14359.87
1766408400,14341.99
1766412000,14421.51
1766415600,14291.26
1766419200,14235.94
1766422800,14246.49
1766426400,14296.87
1766430000,14185.23
1766433600,14173.97
1766437200,14103.88
1766440800,14113.04
1766444400,14091.50
1766448000,14069.98
1766451600,14115.24
1766455200,14144.98
1766458800,14193.56
1766462400,14175.31
1766466000,14002.34
1766469600,14021.54
1766473200,14007.66
1766476800,13862.03
1766480400,13757.13
1766484000,13785.24
1766487600,13812.91
1766491200,13928.58
1766494800,13779.35
1766498400,13647.28
1766502000,13573.86
1766505600,13546.07
1766509200,13605.67
1766512800,13517.50
1766516400,13525.46
1766520000,13467.72
1766523600,13427.53
1766527200,13388.87
1766530800,13370.99
1766534400,13334.24
1766538000,13308.89
1766541600,13371.33
1766545200,13403.83
1766548800,13413.79
1766552400,13494.13
1766556000,13554.35
1766559600,13458.52
1766563200,13309.52
1766566800,13271.61
1766570400,13327.29
1766574000,13276.29
1766577600,13356.36
1766581200,13474.86
1766584800,13321.02
1766588400,13294.38
1766592000,13345.45
1766595600,13222.06
1766599200,13144.46
1766602800,12959.77
1766606400,13099.91
1766610000,13134.73
1766613600,12933.08
1766617200,12961.68
1766620800,13011.47
1766624400,13078.12
1766628000,13019.81
1766631600,13031.05
1766635200,13033.76
1766638800,13112.77
1766642400,13087.58
1766646000,12992.99
1766649600,13119.19
1766653200,12977.13
1766656800,13004.67
1766660400,13025.04
1766664000,13022.89
1766667600,13078.66
1766671200,13048.96
1766674800,12986.53
1766678400,12742.36
1766682000,12691.84
1766685600,12699.09
1766689200,12613.99
1766692800,12615.92
1766696400,12504.15
1766700000,12559.86
1766703600,12458.32
1766707200,12506.35
1766710800,12598.17
1766714400,12760.46
1766718000,12582.35
1766721600,12649.45
1766725200,12678.63
1766728800,12517.63
1766732400,12632.22
1766736000,12623.02
1766739600,12642.44
1766743200,12561.41
1766746800,12610.59
1766750400,12624.40
1766754000,12775.48
1766757600,12662.49
1766761200,12739.01
1766764800,12741.30
1766768400,12626.45
1766772000,12758.83
1766775600,12670.24
1766779200,12724.33
1766782800,12832.10
1766786400,12696.11
1766790000,12565.17
1766793600,12744.18
1766797200,12803.95
1766800800,12745.59
1766804400,12759.23
1766808000,12859.85
1766811600,12930.76
1766815200,12844.82
1766818800,12783.72
1766822400,12820.49
1766826000,12603.04
1766829600,12594.39
1766833200,12746.08
1766836800,12775.51
1766840400,12703.95
1766844000,12817.47
1766847600,12895.20
1766851200,12770.00
1766854800,12898.38
1766858400,12708.23
1766862000,12680.15
1766865600,12520.92
1766869200,12396.47
1766872800,12417.71
1766876400,12433.80
1766880000,12461.29
1766883600,12233.91
1766887200,12181.57
1766890800,12141.44
1766894400,12297.61
1766898000,12277.69
1766901600,12297.06
1766905200,12358.63
1766908800,12380.58
1766912400,12297.46
1766916000,12347.78
1766919600,12395.95
1766923200,12373.64
1766926800,12523.20
1766930400,12554.85
1766934000,12380.85
1766937600,12390.20
1766941200,12373.95
1766944800,12485.51
1766948400,12399.36
1766952000,12371.07
1766955600,12325.11
1766959200,12356.48
1766962800,12538.52
1766966400,12421.28
1766970000,12350.05
1766973600,12351.94
1766977200,12505.56
1766980800,12509.81
1766984400,12653.41
1766988000,12526.56
1766991600,12338.66
1766995200,12337.36
1766998800,12489.05
1767002400,12458.50
1767006000,12481.13
1767009600,12434.60
1767013200,12449.57
1767016800,12568.39
1767020400,12628.33
1767024000,12526.45
1767027600,12343.38
1767031200,12298.82
1767034800,12337.06
1767038400,12334.92
1767042000,12384.84
1767045600,12380.62
1767049200,12365.57
1767052800,12376.22
1767056400,12315.45
1767060000,12432.82
1767063600,12297.16
1767067200,12324.43
1767070800,12586.28
1767074400,12581.09
1767078000,12482.73
1767081600,12599.34
1767085200,12626.33
1767088800,12649.00
1767092400,12568.04
1767096000,12467.12
1767099600,12441.43
1767103200,12489.10
1767106800,12574.41
1767110400,12618.82
1767114000,12623.33
1767117600,12586.00
1767121200,12573.42
1767124800,12752.45
1767128400,12553.47
1767132000,12492.71
1767135600,12431.62
1767139200,12421.68
1767142800,12439.57
1767146400,12394.40
1767150000,12334.87
1767153600,12115.78
1767157200,12002.66
1767160800,11976.46
1767164400,12077.96
1767168000,12218.70
1767171600,12038.90
1767175200,11984.46
1767178800,11983.82
1767182400,12013.83
1767186000,11978.66
1767189600,11955.38
1767193200,12110.06
1767196800,12162.14
1767200400,12173.83
1767204000,12179.39
1767207600,12388.39
1767211200,12506.72
1767214800,12576.81
1767218400,12551.62
1767222000,12581.36
